,OLD_STOPS,NEW_STOPS,OUTPUT
1,Old Delhi Railway Station,Old Delhi Railway Station,Match
2,GPO,GPO K.Gate,Not matched
3,Guru Govind Singh University (Kashmere Gate),GGS IP University,Slightly match
4,ISBT Kashmere Gate,ISBT K.Gate,Slightly match
5,Isbt Nityanand Marg,ISBT Nityanand Marg,Match
6,Shastri Park,Shashtri Park Metro Depot,Slightly match
7,Shyam Giri Mandir,Shyam Giri Mandir,Match
8,Shastri Park,Shashtri Park,Match
9,Dharampura,Dharam Pura,Match
10,Seelampur Metro Station,Seelam Pur GT Road,Not matched
11,Seelampur Metro Station,Seelampur,Slightly match
12,Zafarabad,Zafrabad,Match
13,Zafrabad School,Zafrabad School,Match
14,Mauj Pur,Maujpur,Match
15,Babar Pur Ext,Babar Pur Extn,Match
16,Shiv Mandir,Shiv Mandir,Match
17,Chhajjupur,Chajju Pur ,Slightly match
18,Jyoti Colony,Jyoti Colony,Match
19,Hardev Puri,Hardev Puri,Match
20,GTB Hospital Xing,GTB Hospital XIng,Match
21,Nand Nagari Terminal,Nand Nagari Terminal,Match
22,Nand Nagari E-Block,Nand Nagari E Block,Match
23,Sunder Nagari,Sunder Nagari,Match
24,Tahir Pur,Tahir Pur Village,Slightly match
25,Anand Gram,Anand Gram,Match
26,DLF More,DLF Crossing,Not matched
27,Shalimar Garden Crossing,Shalimar Garden,Slightly match
28,New Seema Puri Depot Cluster,New Seema Puri ,Slightly match
29,JandK Pocket Dilshad Garden,J&K Pkt Dilshad Garden ,Slightly match
30,Shahdra Border,Shahdara Border,Match
31,Surya Nagar,Surya Nagar,Match
32,Ram Prastha Temple,Ram Prastha,Slightly match
33,Ram Prastha Crossing,Ram Prastha Crossing,Match
34,Anand Vihar ISBT Main Road,Anand Vihar Main Road,Match
35,Maharaj Pur Check Post,Maharaj Pur Check Post,Match
36,Gazipur Depot,Gazi Pur Depot,Match
37,Anand Vihar ISBT Terminal,Anand Vihar (ISBT),Match
