,OLD_STOPS,NEW_STOPS,OUTPUT
1,Qamruddin Nagar Terminal,Quamruddin Nagar,Slightly match
2,Nangloi JJ Colony Lokesh Cinema,Lokesh Cinema,Slightly match
3,Nangloi Metro Station,Nangloi,Not matched
4,Sultan Puri Crossing,Sultan Puri Crossing,Match
5,Nagloi Jj Colony 3,Nangloi JJ Colony 3,Match
6,Jwala Puri / Nangloi Depot,Jwala Puri,Slightly match
7,Inder Enclave,Inder Enclave,Match
8,Udyog Nagar,Udhyog Nagar,Match
9,Peera Garhi Metro Station,Peera Garhi Metro Station,Match
10,Peera Garhi Chowk,Peera Garhi,Slightly match
11,Paschim Vihar Super Bazar (West Metro Station),Paschim Vihar Super Bazar,Slightly match
12,Multan Nagar,Multan Nagar,Match
13,New Multan Nagar,New Multan Nagar,Match
14,Ordinance Depot,Ordinance Depot,Match
15,Madipur JJ Colony Metro Station,Madipur JJ Colony,Slightly match
16,Madipur Village,Madipur Village,Match
17,SPM College,SPM College,Match
18,Bakhtawar Pur School,Shivaji Park,Not matched
19,Agarsen Hospital,Maharaja Aggrasen Hospital,Slightly match
20,Punjabi Bagh Terminal (Rohtak Road),Punjabi Bagh Terminal,Slightly match
21,Power House,Power House (Punjabi Bagh),Slightly match
22,Jai Dev Park,Jai Dev Park,Match
23,Ram Pura,Ram Pura,Match
24,Ashok Park,Ashoka Park,Match
25,Zakhira Flyover,Zakira Flyover,Match
26,Daya Basti Flyover,Daya Basti Flyover,Match
27,Anand Parbat Industrial Area,Anand Parvat Industrial Area,Match
28,Sarai Rohila,Sarai Rohella,Slightly match
29,LIBERTY CIMENA,Liberty Cimena,Match
30,Tibiya College,Tibiya College,Match
31,Guru Govind Singh Marg,Guru Govind Singh Marg,Match
32,MODEL BASTI-DC2845,Model Basti,Slightly match
33,Filmistan,Filmistan,Match
34,Bara Hindu Rao,Bara Hindu Rao,Match
35,Azad Market,Azad Market,Match
36,Ice Factory,Ice Factory,Match
37,St Stephen Hospital,St. Stephen's Hospital,Match
38,Tees Hazari Court,Tis Hazari Court,Match
39,ISBT Nityanand Marg,ISBT Nityanand Marg,Match
40,Shastri Park,Shashtri Park Metro Depot,Slightly match
41,Shyam Giri Mandir,Shyam Giri Mandir,Match
42,Shastri Park,Shashtri Park,Match
43,Dharampura,Dharam Pura,Match
44,Seelampur Metro Station,Seelampur,Slightly match
45,Welcome,Welcome,Match
46,Shahdara (Shyam Lal College),Shyam Lal College Shahdara,Match
47,Mansarovar Park Metro Station,Mansarover Park Metro Station,Match
48,Telephone Exchange,Telephone Exchange,Match
49,Jhilmil Crossing / Dilshad Garden GT Road,Dilshad Garden GT Road,Slightly match
50,Jhilmil Xing,Jhilmil X ing,Match
51,Shahdra Border,Shahdra Border,Match
52,Surya Nagar,Surya Nagar,Match
53,Ram Prastha Temple,Ramprashta,Not matched
54,Ram Prastha Crossing,Ram Prastha Crossing,Match
55,Anand Vihar ISBT Main Road,ISBT Anand Vihar Main Road,Match
56,Maharaj Pur Check Post,Maharaj Pur Check Post,Match
57,Gazipur Depot,Gazi Pur Depot,Match
58,ISBT Anand Vihar,ISBT Anand Vihar  ,Match
