,OLD_STOPS,NEW_STOPS,OUTPUT
1,South Extension,Badarpur Border,Not matched
2,Jaitpur Crossing,Jaitpur Xing,Not matched
3,Badarpur Village,Badarpur,Slightly match
4,Central School,Power House Badarpur,Not matched
5,Onida Factory,Onida Factory,Match
6,Ali Village,Ali Village,Match
7,Central School (KV),Haldiram,Not matched
8,Lady Shri Ram College,Madanpur Xing,Not matched
9,Sarita Vihar,Sarita Vihar,Match
10,Apollo Hospital,Apollo Hospital,Match
11,Harkesh Nagar,Harkesh Nagar,Match
12,Okhla Tank,Okhla Tank,Match
13,CRRI,CRRI,Match
14,Sukhdev Vihar Depot,Sukhdev Vihar Depot,Match
15,Kalka Ji Crossing,Kalkaji Mode,Not matched
16,Ishwar Nagar,Ishwar Nagar,Match
17,New Friends Colony,New Friends Colony,Match
18,Ashram Chowk,Ashram,Slightly match
19,Bhogal (Jungpura),Bhogal,Slightly match
20,Nizamuddin Extension,Hazrat Nizamuddin Extn,Not matched
21,P S Nizamuddin,P S Nizamuddin,Match
22,Delhi Public School,D.P.S school,Slightly match
23,Sunder Nagar,Sunder Nagar Market,Slightly match
24,Golf Club,Golf Club,Match
25,Zoo,Zoo,Match
26,National Stadium,National Stadium,Match
27,ITPO Gate No. 3,ITPO Office,Not matched
28,Pragati Maidan Gate No. 5,Pragati Maidan,Slightly match
29,Supreme Court,Supreme Court,Match
30,Tilak Bridge,Tilak Bridge,Match
31,ITO (Agarwal Chowk),ITO BSZ Marg,Not matched
32,Express Building,Express Building,Match
33,Delhi Gate,Delhi Gate,Match
34,Golcha Cinema,Golcha Cinema,Match
35,Darya Ganj,Darya Ganj,Match
36,Subhash Park,Subhash Park,Match
37,Jama Masjid,Jama Masjid,Match
38,Red Fort,Red Fort,Match
39,GPO,GPO K.Gate,Not matched
40,Guru Govind Singh University (Kashmere Gate),GGS IP University,Slightly match
41,ISBT Kashmere Gate,ISBT Kashmere Gate,Match
42,ISBT Nityanand Marg,ISBT Nityanand Marg,Match
43,Mori Gate Terminal,Mori Gate Terminal,Match
