,OLD_STOPS,NEW_STOPS,OUTPUT
1,ISBT Kashmere Gate Terminal,Mori Gate terminal,Slightly match
2,ISBT Nityanand Marg,I.S.B.T Nityanand Marg,Match
3,ISBT Kashmiri Gate,ISBT K.Gate,Slightly match
4,Guru Govind Singh University (Kashmere Gate),GGS IP University,Slightly match
5,GPO,GPO Kashmere Gate,Not matched
6,Red Fort,Red Fort,Match
7,Jama Masjid,Jama Masjid,Match
8,Darya Ganj,Darya Ganj,Match
9,GOLCHA CINEMA,Golcha Cinema,Match
10,Delhi Gate,Delhi Gate,Match
11,Express Building-DC2809,Express Building,Match
12,ITO,ITO BSZ Marg,Not matched
13,Tilak Bridge,Tilak Bridge,Match
14,Supreme Court,Supreme Court,Match
15,Pragati Maidan Gate 5,Pragati Maidan,Slightly match
16,ITPO Gate No. 3,ITPO Office,Not matched
17,National Stadium,National Stadium,Match
18,Zoo,Zoo,Match
19,Sunder Nagar,Sunder Nagar,Match
20,Sunder Nagar,Sunder Nagar Market,Slightly match
21,Delhi Public School,D.P.S school,Slightly match
22,Nizamuddin Extension,P S Nizamuddin,Not matched
23,Nizamuddin Extension,Hazrat Nizamuddin Extn,Not matched
24,Bhogal (Jungpura),Bhogal,Slightly match
25,Ashram Chowk,Ashram,Slightly match
26,Mata Mandir New Friends Colony,New Friends Colony,Slightly match
27,Ishwar Nagar,Ishwar Nagar-II,Match
28,Kalka Ji Crossing,Kalkaji Mode,Not matched
29,Sukhdev Vihar Depot,Sukhdev Vihar Depot,Match
30,CRRI,CRRI,Match
31,Okhla Tank,Okhla Tank,Match
32,Harkesh Nagar,Harkesh Nagar,Match
33,Apollo Hospital,Apollo Hospital,Match
34,Sarita Vihar,Sarita Vihar,Match
35,Lady Shri Ram College,Madanpur Xing,Not matched
36,Central School (KV),Haldiram,Not matched
37,Ali Village,Ali Village,Match
38,Onida Factory,Onida Factory,Match
39,Central School,Power House Badarpur,Not matched
40,Badarpur Village,Badarpur,Slightly match
41,Jaitpur Crossing,Jaitpur Xing,Not matched
42,South Extension,Badarpur Border,Not matched
