,OLD_STOPS,NEW_STOPS,OUTPUT
1,ISBT Kashmere Gate (Lothian Road),ISBT Kashmere Gate,Slightly match
2,Mori Gate Terminal,Mori Gate,Slightly match
3,Old Delhi Railway Station,Old Delhi Railway Station,Match
4,Red Fort,Red Fort,Match
5,Jama Masjid,Jama Masjid,Match
6,Darya Ganj,Darya Ganj,Match
7,GOLCHA CINEMA,Golcha Cinema,Match
8,Delhi Gate (JLN Marg),Delhi Gate,Slightly match
9,LNJP Hospital,LNJP Hospital,Match
10,Zakir Husain College,Zakir Hussain College,Match
11,Dichau Kalan Depot,Kamla Market,Not matched
12,Prem Nagar,New Delhi Railway Station Gate 2,Not matched
13,Vivekanand Marg / Minto Road,Vivekanad Marg,Slightly match
14,Bakhtawar Pur School,Shivaji Park,Not matched
15,Super Bazar,Super Bazar Connaught Place,Slightly match
16,Statesman House,Statsman House,Match
17,Barakhamba Metro Station,Barakhamba Road Metro Station,Match
18,Modern School,Modern School Bara Khamba Road,Slightly match
19,Mandi House,Mandi House,Match
20,Bhagwan Dass Road,Bhagwan Dass Road,Match
21,Supreme Court,Supreme Court,Match
22,Pragati Maidan Gate 5,Pragati Maidan,Slightly match
23,ITPO Gate No. 3,ITPO Office,Not matched
24,National Stadium,National Stadium,Match
25,Zoo,Zoo,Match
26,Sunder Nagar,Sunder Nagar,Match
27,Sunder Nagar,Sunder Nagar Market,Slightly match
28,Delhi Public School,D.P.S school,Slightly match
29,Nizamuddin Extension,P S Nizamuddin,Not matched
30,Nizamuddin Extension,Hazrat Nizamuddin Extn,Not matched
31,Bhogal (Jungpura),Bhogal,Slightly match
32,Ashram Chowk,Ashram,Slightly match
33,Mata Mandir New Friends Colony,New Friends Colony,Slightly match
34,Mata Mandir New Friends Colony,Mata Ka Mandir Marg,Not matched
35,Bharat Nagar,Bharat Nagar,Match
36,Bharat Nagar Crossing,Bharat Nagar Crossing,Match
37,Holy Family Hospital,Holy Family Hospital,Match
38,Jamiya Millia College,Jamia  Milia College,Match
39,Ansari Health Care,Ansari Stadium,Not matched
40,Batla House,Batla House,Match
41,Okhla Village,Okhla Village,Match
42,Nai Basti,New Basti,Not matched
43,Unani Research Center,Unani Research Center,Match
44,Noor Masjid,Noor Masjid ,Match
45,Shahin Bagh,Shahin Bagh ,Match
46,Okhla Extn Abdul Fazal Encl.,Okhla Extn Abdul Fazal Encl.,Match
