,OLD_STOPS,NEW_STOPS,OUTPUT
1,Old Delhi Railway Station,Old Delhi Railway Station,Match
2,Red Fort,Red Fort,Match
3,Jama Masjid,Jama Masjid,Match
4,Darya Ganj,Darya Ganj,Match
5,GOLCHA CINEMA,Golcha Cinema,Match
6,Delhi Gate,Delhi Gate,Match
7,Express Building-DC2809,Express Building,Match
8,ITO,ITO BSZ Marg,Not matched
9,Tilak Bridge,Tilak Bridge,Match
10,Supreme Court,Supreme Court,Match
11,Patiala House,Patiala House,Match
12,National Stadium,National Stadium,Match
13,Art Gallery,National Art Gallery,Slightly match
14,Shahjahan Road,Shahjahan Road,Match
15,Kotah House,Kotah House,Match
16,J and K House,J & K House,Match
17,Prithvi Raj Road Crossing,Prithvi Raj Road Crossing,Match
18,Prithvi Raj Road Crossing,Prithvi Raj Road,Slightly match
19,S J Madrasa,S.J. Madarsa,Slightly match
20,SJ Airport,S.J. Air Port,Match
21,INA Colony,INA Cly,Slightly match
22,Kidwai Nagar (INA Colony),Kidwai Nagar,Slightly match
23,Safderjung Hospital,S.J. Hospital,Not matched
24,Yusuf Sarai,Yusuf Sarai,Match
25,Green Park,Green Park,Match
26,Hauz Khas,Hauz Khas ,Match
27,Padhmini Enclave,Padmini Enclave,Match
28,IIT Gate,IIT Gate,Match
29,Mothers International School,Mother School,Slightly match
30,Adhchini Village,Adhchini Village,Match
31,MMTC,MMTC,Match
32,PTS,PTS,Match
33,DDA Flats Lado Sarai,Lado Sarai DDA Flats,Match
34,T.B. Hospital,TB Hospital,Match
35,Qutub Minar,Qutab,Not matched
36,Mehrauli Terminal,Mehrauli Terminal,Match
