,OLD_STOPS,NEW_STOPS,OUTPUT
1,Anand Vihar ISBT Terminal,Anand Vihar (ISBT),Match
2,Anand Vihar ISBT Main Road,Anand Vihar Main Road,Match
3,Maharaj Pur Check Post,Maharaj Pur Check Post,Match
4,Gazipur Depot,Gazi Pur Depot,Match
5,Gazipur Village,Gazi Pur Village,Match
6,Paschim Puri,National Highway Xing,Not matched
7,Khichri Pur NH-24,Khichri Pur NH-24,Match
8,East Vinod Nagar Depot,Vinod Nagar NH-24,Not matched
9,Sanjay Lake NH-24,Sanjay Lake NH-24,Match
10,Patpar Ganj Flyover,Patpar Ganj Flyover,Match
11,Samas Pur Jagir,Samas Pur Jagir ,Match
12,Pusta Crossing / Akhardham Temple,Pusta Crossing,Slightly match
13,CWG Village / PWD Office,CPWD Office,Slightly match
14,Payal Cinema,Road Bridge East,Not matched
15,ISBT Sarai Kale Khan,Sarai Kale Khan ISBT,Match
16,Bala Sahib Gurudwara,Bala Sahib Gurudwara,Match
17,Maharani Bagh (Ashram),Maharani Bagh,Slightly match
18,Nehru Nagar,Nehru Nagar,Match
19,Sri Niwas Puri,Sri Niwas Puri,Match
20,Vanasthali Public School,Lajpat Nagar,Not matched
21,Nizampur Village,Gupta Market,Not matched
22,Andrews Ganj,Andrews Ganj,Match
23,South Extension,South Extension 2,Match
24,South Extn Kotla Petrol Pump,South Ext Kotla Petrol Pump,Match
25,AIIMS Ring Road,AIIMS,Not matched
26,SJ Hospital,S J Hospital,Match
27,Nauroji Nagar,Narouji Nagar,Match
28,Hyatt Hotel (GAIL),Hyatt Hotel,Slightly match
29,RK Puram Sec-12,R K Puram Sec-12,Match
30,South Moti Bagh,Aradhna Enclave,Not matched
31,Moti Bagh Gurudawara Nanakpura,Moti Bagh,Not matched
32,Satya Niketan,Satya Niketan,Match
33,ARSD College (Dhaula Kuan),ARSD College,Slightly match
34,Dhaula Kuan,Dhaula Kuan,Match
35,RR Hospital / Maharana Pratap Chowk,R.R. Hospital,Slightly match
36,Air Force HQ / Subroto Park,Air Force H.Q.,Slightly match
37,APS Colony,Jharera Village,Match at 38 in new_data list
38,APS Colony,APS Colony,Match
39,NHW 8,NHW Crossing No-8,Not matched
40,Mahipal Pur Village,Mahipal Pur,Slightly match
41,Aruna Asaf Ali Hospital,Rang Puri,Not matched
42,MCD Store (Rajpur Road),Shiv Murti,Not matched
43,Rajpur Road Transport Deptt,Rajokari Xing,Not matched
44,PNB STA Road,Shiv Murti-II,Not matched
45,Samalkha Crossing,Samalkha Xing,Not matched
46,Samalkha Village,Samalka Village,Match
47,Kapashera Crossing,Kapashera Xing,Slightly match
48,Kapashera Village,Kapashera Village,Match
49,Kapashera Border,Kapashera Border,Match
