,OLD_STOPS,NEW_STOPS,OUTPUT
1,ISBT Kashmere Gate (Lothian Road),ISBT Kashmere Gate,Slightly match
2,Mori Gate Terminal,Mori Gate Terminal,Match
3,Old Delhi Railway Station,Old Delhi Railway Station,Match
4,Red Fort,Red Fort,Match
5,Jama Masjid,Jama Masjid,Match
6,Darya Ganj,Darya Ganj,Match
7,GOLCHA CINEMA,Golcha Cinema,Match
8,Delhi Gate (JLN Marg),Delhi Gate,Slightly match
9,LNJP Hospital,LNJP Hospital,Match
10,Zakir Husain College,Jakhir Hussain College,Slightly match
11,PS Kamla Market,PS Kamla Market,Match
12,Kamla Market / Ajmeri Gate,Ajmeri Gate,Slightly match
13,N.D. Rly. Station Gate No. 2,N.D. Rly. Station Gate No. 2,Match
14,Dispensary Paharganj,Dispensary Pahar Gunj,Match
15,Police Station Paharganj,PS Paharganj,Slightly match
16,Rani Jhansi Road Jhande Walan,Rani Jhansi Marg,Slightly match
17,Meghdoot Bhawan,Meghdoot Bhawan,Match
18,Sadhu Vasvani Marg,Sadhu Vaswani Marg,Match
19,Karol Bagh Metro Station,Karol Bagh Metro Station,Match
20,Telephone Exchange Karol Bagh,Telephone exchange,Slightly match
21,Rajendra Place / Karol Bagh Telephone Exchange,Rajendra Place Metro Station,Slightly match
22,East Patel Nagar,East Patel Nagar,Match
23,South Patel Nagar (Metro Station),South Patel Nagar,Slightly match
24,West Patel Nagar,West Patel Nagar,Match
25,Shadipur DTC Colony Metro Station,Shadipur Metro Station,Slightly match
26,Shadipur Depot,Shadi Pur Depot,Match
27,Moti Nagar Industrial Area,Moti Nagar Industrial Area,Match
28,Moti Nagar Market,Moti nagar,Slightly match
29,Moti Nagar Market,Moti Nagar Market,Match
30,Kirti Nagar,Kirti Nagar,Match
31,Basai Darapur / Ramesh Nagar,Ramesh Nagar,Slightly match
32,Bali Nagar,Bali Nagar,Match
33,Raja Garden,Raja Garden,Match
34,Rajouri Garden,Rajouri Garden,Match
35,Tagore Garden,Tagore Garden,Match
36,Titarpur,Titarpur,Match
37,Subhash Nagar Crossing / Mukherji Park,Mukherjee Park,Not matched
38,Meenakshi Garden,Meenakshi Garden,Match
39,Sant Pura Tilak Nagar,Sant Pura,Slightly match
40,Tilak Nagar Jail Road,Tilak Nagar,Slightly match
41,Ganesh Nagar,Ganesh nagar,Match
42,Janakpuri East Metro Station/ Nangli Zalib,nangli Zalib,Not matched
43,Dholi Piao,District Centre Janak Puri,Not matched
44,Dholi Piao,Dholi Piau,Slightly match
45,Vikaspuri Crossing (Shivaji Marg),Vikas Puri Crossing,Slightly match
46,Uttam Nagar,Uttam Nagar Terminal,Slightly match
47,Uttam Nagar,Uttam Nagar-Mini Stand,Slightly match
48,Prem Nagar,Prem Nagar,Match
49,Om Vihar,Om Vihar,Match
50,Kiran Garden,Kiran Garden,Match
51,Nawada Gaon,Navada Village,Not matched
52,Mohan Garden,Mohan Garden,Match
53,Rama Park,Rama Park,Match
54,Dwarka More Metro Station (Sewak Park),Dwarka Metro Station Xing,Slightly match
55,Kakrola More,Kakrola Crossing (Najfgargh Road),Not matched
56,Kakrola Bridge,Kakorla Bridge,Match
57,Nangli Dairy,Nangli Dairy,Match
58,Arjun Park,Arjun Park,Match
59,Nangli Sakrawati Crossing,Nangli Sakrawati Xing,Slightly match
60,Nangli Sakrawati,Nangli Sakrawati,Match
61,Sai Baba Mandir (Nazafgarh),Sai Baba Mandir,Slightly match
62,Power House NajafGarh,Power House Najafgarh,Match
63,Tuda Mandi,najafgarh Tuda Mandi,Slightly match
64,Najafgarh Delhi Gate,Najaf Garh Delhi Gate,Match
65,Nfg Chawala Stand,najafgarh Chhawala Stand,Slightly match
66,Police Station Najafgarh,P.S. Najafgarh,Slightly match
67,Dansa Crossing Najafgarh,Dansa Crossing Najafgarh,Match
68,Najafgarh/Jharonda Xing,Najafgarh/Jharonda Xing,Match
69,Najafgarh Terminal,Najafgarh Terminal,Match
