,OLD_STOPS,NEW_STOPS
1,,1.ï¿½ï¿½ï¿½ï¿½ï¿½ï¿½ Anand Vihar Isbt 
2,,2.ï¿½ï¿½ï¿½ï¿½ï¿½ï¿½ Gp Depot
3,,3. Hasanpur Depot
4,,4. Chander Vihar
5,,5. Balco Apartment
6,,6. Parivar Apartment
7,,7. Press Apartment
8,, 8. Mother Dairy
9,,9. Shakarpur School Block
10,,10. Tt Post
11,,11. Rainywell
12,,12. Delhi Secretariat
13,,13. Ito Agcr
14,,14. Mandi House
15,,15. Ferozshah Road
16,, 16. Krishi Bhawan
17,,17. All India Radio Ndpo
18,, 18. Kendriya Terminal
19,, 19. Rml Hospital
20,,20. Talkatora Garden
21,,21. 11 Murti
22,,22. Bharat Sadhu Samaj
23,,23. Railway Colony
24,,24. Taj Hotel
25,,25. Dhaula Kuan
26,,26. Golf Club
27,,27. Rr Line
28,,28. Mall Road Delhi Cantt
29,,29. Shastri Bazaar
30,,30. Sadar Bazaar Police Station
31,,31. Kirby Place
32,,32. Janak Setu
33,,33. Lajwanti Garden
34,,34. Janakpuri Block D
35,,35. Desu Colony
36,,36. Janakpuri Block C 3
37,,37. Janakpuri Block C 2 B
38,,38. Janakpuri Block C 1
39,,39. Tilak Pul
40,,40. Uttam Nagar Terminal
