,OLD_STOPS,NEW_STOPS,OUTPUT
1,Anand Vihar ISBT Main Road,ISBT Anand Vihar,Slightly match
2,Anand Vihar ISBT Main Road,Anand Vihar ISBT Main Road,Match
3,Maharaj Pur Check Post,Mahrajpur Check Post,Match
4,Gazipur Depot,Gazipur Depot,Match
5,Hasanpur Village,Hasan Pur Village,Match
6,Hasanpur Depot,Hasan Pur Depot,Match
7,New Surya Kiran Apartment,New Surya Kiran Apartment,Match
8,Balco Apartment,Balco Apartment,Match
9,Vijaya Laxmi Apartment,Vijaya Laxmi Apartment,Match
10,Parivar Apartment,Parivar Apartment,Match
11,Ras Vihar Apartment (PS Madhu Vihar),Ras Vihar,Not matched
12,Saraswati Kunj,Saraswati Kunj,Match
13,Press Apartment,Press Appartments,Match
14,Govt Model School / Ambedkar Park,Government Model School,Not matched
15,Dharma Apartment,Dharma Appartments,Match
16,Mother Dairy,Mother Dairy X-ing,Slightly match
17,Mother Dairy Crossing,Mother Dairy,Slightly match
18,MCKR Hospital,Shakkar pur School Block,Not matched
19,Defence Colony,Laxmi Nagar Xing,Not matched
20,Delhi Secretariat,Rainy Well,Not matched
21,Delhi Secretariat,Delhi Sect.,Slightly match
22,ITO Ring Road,ITO AGCR,Not matched
23,Bal Bhawan DDU Marg,Bal Bhawan,Slightly match
24,Govt Sr Sec School DDU Marg,Govt Sr.Sec. School,Match
25,DDU Marg Railway Colony,Din Dayal Upadhaya Marg,Not matched
26,TELCO Gazipur,Govt Press,Not matched
27,Govt Press Kali Mandir,Kali Mandir,Slightly match
28,Bakhtawar Pur School,Shivaji Park,Not matched
29,Vivekanand Marg / Minto Road,Vivekanad Marg,Slightly match
30,Dichau Kalan Depot,Kamla Market,Not matched
31,New Delhi Rly Staion Gate No 2/ Ajmeri Gate,New Delhi Rly Staion Gate No 2/ Ajmeri Gate,Match
32,Dispensary Paharganj,Paharganj Dispensary,Match
33,Adarsh Nagar / Bharola Village,P.S. Pahar Gunj,Not matched
34,Dispensary Paharganj,Paharganj Dispensary,Match
35,New Delhi Railway Station Gate 1,New Delhi Rly Stn Gate-1,Slightly match
36,Marina,Marina Hotel,Slightly match
37,Super Bazar,Super Bazar,Match
38,Hanuman Mandir / Shivaji Stadium,Hanuman Mandir,Slightly match
39,Gurudwara Bangla Sahib,Gurudwara Bangla Sahib,Match
40,NDPO,NDPO,Match
41,Kendriya Terminal (Pt. Pant Marg),Kendriya Terminal,Slightly match
42,Talkatora Road,Talkatora Road,Match
43,RML Hospital,Dr. RML Hospital,Match
44,Talkatora Stadium Garden,Talkatora Garden,Slightly match
45,11Murti,11Murti ,Match
46,Palika Kutumb,Palika Kutumb,Match
47,Bhartiya Sadhu Samaj,Bhart Sadhu Samaj,Match
48,Railway Colony (Sardar Patel Marg),Railway Colony,Slightly match
49,Bapu Dham,Bapu Dham,Match
50,Taj Hotel,Taj Hotel,Match
51,Dhaula Kuan,Dhaula Kuan,Match
52,Golf Club,Golf Club,Match
53,R R Line,Raj Rif Line,Slightly match
54,St. Martin School,St. Martin School,Match
55,Mall Road Delhi Cantt.,Mall Road Delhi Cantt.,Match
56,Shastri Bazar,Shastri Bazar,Match
57,Kabul Line,Kabul Line,Match
58,Ps Sadar Bazar,P S Sadar Bazar,Match
59,Kirbi Place,Kirbi Place,Match
60,Supply Depot,Supply Depot,Match
61,Janak Setu,Janak Setu,Match
62,Nangal Raya Lajwanti Garden,Nangal Rai,Not matched
63,D Block Janak Puri,D Block Janakpuri,Match
64,SagarPur Vashisht Park,Sagar Pur- Vashistha Park,Slightly match
65,Desu Colony,Desu Colony Janakpuri,Slightly match
66,C-5A Janakpuri,C-5 A Janak Puri,Match
67,C-4H Janakpuri,Janakpuri C4H,Slightly match
68,C-3 Janakpuri,C-3 Janak Puri,Match
69,C4E Janakpuri,Janakpuri C4E,Match
70,C2B Janak Puri,C-2B Janak Puri,Match
71,C-2 Janakpuri,C-2A Janak Puri,Match
72,C-2 Janak Puri,C-2 Janak Puri,Match
73,A-3 Janak Puri,A-5B Janak Puri,Slightly match
74,A-2 Janak Puri Telephone Exchange,A-3 Janak Puri,Slightly match
75,Chander Nagar,Chander Nagar,Match
76,Uttam Nagar / A1 Janak Puri,A-2 Janak Puri Telephone Exchange,Not matched
77,Tilak Pul,Tilak Pul,Match
78,Uttam Nagar / A1 Janak Puri,A-1 Janak Puri,Slightly match
79,Uttam Nagar Terminal,Uttam Nagar Terminal,Match
