,OLD_STOPS,NEW_STOPS,OUTPUT
1,ISBT Kashmere Gate Terminal,Mori Gate terminal,Slightly match
2,ISBT Nityanand Marg,I.S.B.T Nityanand Marg,Match
3,ISBT Kashmiri Gate,ISBT K.Gate,Slightly match
4,Guru Govind Singh University (Kashmere Gate),GGS IP University,Slightly match
5,GPO,GPO Kashmere Gate,Not matched
6,Red Fort,Red Fort,Match
7,Jama Masjid,Jama Masjid,Match
8,Darya Ganj,Darya Ganj,Match
9,GOLCHA CINEMA,Golcha Cinema,Match
10,Delhi Gate (JLN Marg),Delhi Gate,Slightly match
11,LNJP Hospital,LNJP Hospital,Match
12,Zakir Husain College,Zakir Hussain College,Match
13,Dichau Kalan Depot,Kamla Market,Not matched
14,New Delhi Rly Staion Gate No 2/ Ajmeri Gate,Ajmeri Gate,Not matched
15,Dispensary Paharganj,Paharganj Dispensary,Match
16,Adarsh Nagar / Bharola Village,P.S. Pahar Gunj,Not matched
17,Rani Jhansi Road Jhande Walan,Rani Jhansi Marg,Slightly match
18,Meghdoot Bhawan,Meghdoot Bhawan,Match
19,Sadhu Vasvani Marg,Sadhu Vasvani Marg ,Match
20,Karol Bagh Metro Station,Karol Bagh Metro Station,Match
21,Telephone Exchange Karol Bagh,Telephone Exchange,Slightly match
22,Rajendra Place / Karol Bagh Telephone Exchange,Rajindera Place Metro Station,Slightly match
23,East Patel Nagar,East Patel Nagar,Match
24,South Patel Nagar (Metro Station),South Patel Nagar,Slightly match
25,West Patel Nagar,West Patel Nagar,Match
26,Shadipur DTC Colony Metro Station,Shadi Pur Metro Station,Not matched
27,Shadipur Colony,DTC Colony Shadi Pur,Not matched
28,Pandav Nagar,Pandav Nagar,Match
29,Naraina Depot,Naraina Depot,Match
30,Bentex,Bentax,Slightly match
31,Loha Mandi,Loha Mandi,Match
32,Payal Cinema,Payal Cinema,Match
33,Ludlow Castle,Naraina Vihar,Not matched
34,Mayapuri Depot,Maya Puri Depot,Match
35,Government Press,Govt. Press,Not matched
36,Metal Forging,Metal Forging,Match
37,BE Block Hari Nagar/ESI Dispensary,BE Block Hari Nagar,Slightly match
38,PS Mayapuri,PS Maya Puri,Match
39,Bobby Soap,Bobby Shop,Slightly match
40,Gulab House,Gulab House,Match
41,Zunk Market,Zink Market,Match
42,Maya Enclave,Maya Enclave,Match
43,Lajwanti Garden,Lajwanti Garden,Match
44,D Block Janak Puri,D Block Janakpuri,Match
45,SagarPur Vashisht Park,Sagar Pur Vashisth Park,Match
46,Desu Colony,Desu Colony Janakpuri,Slightly match
47,C-5A Janakpuri,C 5A Janak Puri,Match
48,C-4H Janakpuri,Janakpuri C4H,Slightly match
49,C-3 Janakpuri,C 3 Janak Puri,Match
50,C4E Janakpuri,Janakpuri C4E,Match
51,C2B Janak Puri,Janakpuri C2B,Match
52,C2D Janakpuri,Janakpuri C2A,Slightly match
53,C-2 Janak Puri,Janakpuri C2,Slightly match
54,C-1 Janak Puri,Janakpuri C1,Slightly match
55,Jivan park,Jeewan Park,Not matched
56,Tilak Pul,Tilak Pul,Match
57,Uttam Nagar / A1 Janak Puri,A 1 Janak Puri,Slightly match
58,Uttam Nagar Terminal,Uttam Nagar Terminal,Match
59,,Sarai Kale Khan ISBT-U03147,
60,,Road Bridge Crossing,
61,,Nizamuddin Road Bridge,
62,,Railway Bridge Ring Road,
63,,Pragati Power Station,
64,,IP Depot-U03025,
65,,ITO Ring Road-U03016,
66,,Indira Gandhi Stadium-U03010,
67,,Gandhi Darshan-U03004,
68,,Rajghat-U03008,
69,,Shanti Van-U02983,
70,,Vijay Ghat,
71,,Yamuna Bazar-U99972,
72,,GGS I.P. University,
73,,ISBT Ring Road-U02813,
74,,Raksha Vigyan Kendra,
75,,Majnu Ka Tila ,
76,,Nehru Vihar Crossing,
77,,Gopal Pur Xing-U02633,
78,,Jagat Pur Xing-U02314,
79,,Gandhi Vihar-U02532,
80,,CV Raman ITI-DC3882,
81,,Burari X-ing-U02152,
82,,Mukand Pur Xing-U01920,
83,,Jahangir Puri Outer Ring Road-DC3897,
84,,Jag Jivan Ram Hospital-DC2839,
85,,Bhalaswa X-ing-U01696,
86,,Outer Ring Road Makbara Chowk-U01602,
87,,G.T.K By Pass-DC1704,
88,,Badli Crossing-U01452,
89,,Haider Pur Water Works-U01377,
90,,Prashant Vihar-U01363,
91,,Uttri Pitam Pura-U01353,
92,,RU Block Pitam Pura-U01329,
93,,Power House Pittam Pura-U01294,
94,,Madhuvan Chowk-U01272,
95,,Saraswati Vihar C-block-U01199,
96,,Kali Mata Mandir-U01086,
97,,Pushpanjali Enclave,
98,,Rohini Depot-3-U01043,
99,,Mangol Puri Police Line-U99992,
100,,Mangol Pur School-U01014,
101,,West Enclave,
102,,B-Block Mangol Puri Ring Road,
103,,Peera Garhi ,
104,,Peera Garhi Depot-U00890,
105,,Paschim Vihar Power House,
106,,Sunder Apartment-U00865,
107,,Sunder Vihar -U00858,
108,,Meera Bagh Apartment,
109,,Meera Bagh-U00838,
110,,Kesho Pur Depot-U00805,
111,,Major Bhupinder Singh Nagar-U00770,
112,,J H Block Vikas Puri-DC1726,
113,,G Block Vikas Puri-DC1725,
114,,Gurudwara Vikas Puri/ Sonia Cinema-DC1723,
115,,Oxford School-U00645,
116,,Budhela Village -DC1722,
117,,Distric Center Janak Puri,
118,,C-D Block Vikas Puri-U00609,
119,,Police Station Vikas Puri -DC1721,
120,,Vikas Puri A-Block,
121,,Vikas Puri Crossing-U00617,
122,,Uttam Nagar Terminal-DC2230,
