,OLD_STOPS,NEW_STOPS,OUTPUT
1,Uttam Nagar Terminal,Uttam Nagar Terminal,Match
2,Uttam Nagar / A1 Janak Puri,A 1 Janak Puri,Slightly match
3,Tilak Pul,Tilak Pul,Match
4,Jivan park,Jeewan Park,Not matched
5,C-1 Janak Puri,Janakpuri C1,Slightly match
6,C-2 Janak Puri,Janakpuri C2,Slightly match
7,C2D Janakpuri,Janakpuri C2A,Slightly match
8,C2B Janak Puri,Janakpuri C2B,Match
9,C4E Janakpuri,Janakpuri C4E,Match
10,C-3 Janakpuri,C 3 Janak Puri,Match
11,C-4H Janakpuri,Janakpuri C4H,Slightly match
12,Janakpuri C-5A,C 5A Janak Puri,Match
13,Desu Colony,Desu Colony Janakpuri,Slightly match
14,SagarPur Vashisht Park,Sagar Pur Vashisth Park,Match
15,D Block Janak Puri,D Block Janakpuri,Match
16,Lajwanti Garden,Lajwanti Garden,Match
17,Maya Enclave,Maya Enclave,Match
18,Zunk Market,Zink Market,Match
19,Gulab House,Gulab House,Match
20,Bobby Soap,Bobby Shop,Slightly match
21,PS Mayapuri,PS Maya Puri,Match
22,BE Block Hari Nagar/ESI Dispensary,BE Block Hari Nagar,Slightly match
23,Metal Forging,Metal Forging,Match
24,Government Press,Govt. Press,Not matched
25,Mayapuri Depot,Maya Puri Depot,Match
26,Ludlow Castle,Naraina Vihar,Not matched
27,Payal Cinema,Payal Cinema,Match
28,Loha Mandi,Loha Mandi,Match
29,Bentax,Bentax,Match
30,Naraina Depot,Naraina Depot,Match
31,Pandav Nagar,Pandav Nagar,Match
32,Shadipur Colony,DTC Colony Shadi Pur,Not matched
33,Shadipur Metro Station,Shadi Pur Metro Station,Match
34,West Patel Nagar,West Patel Nagar,Match
35,South Patel Nagar (Metro Station),South Patel Nagar,Slightly match
36,East Patel Nagar,East Patel Nagar,Match
37,Rajendra Place,Rajindera Place Metro Station,Slightly match
38,Telephone Exchange Karol Bagh,Telephone Exchange,Slightly match
39,Karol Bagh Metro Station,Karol Bagh Metro Station,Match
40,Pusa Road Petrol Pump Sadhu Vaswani Marg,Sadhu Vasvani Marg ,Slightly match
41,Meghdoot Bhawan,Meghdoot Bhawan,Match
42,Videocon Tower,Videocon Tower,Match
43,Adarsh Nagar / Bharola Village,P.S. Pahar Gunj,Not matched
44,Dispensary Paharganj,Paharganj Dispensary,Match
45,Kamla Market / Ajmeri Gate,Ajmeri Gate,Slightly match
46,Dichau Kalan Depot,Kamla Market,Not matched
47,JLN Marg,J.L. Nehru Marg,Slightly match
48,Zakir Husain College,Zakir Hussain College,Match
49,Turkman Gate / G B Pant Hosipatal,Turkman Gate,Slightly match
50,Delite Cinema,Delight Cinema,Slightly match
51,Delhi Gate,Delhi Gate,Match
52,Golcha Cinema,Golcha Cinema,Match
53,Darya Ganj,Darya Ganj,Match
54,Subhash Park,Subhash Park,Match
55,Jama Masjid,Jama Masjid,Match
56,Red Fort,Red Fort,Match
57,GPO,GPO Kashmere Gate,Not matched
58,Guru Govind Singh University (Kashmere Gate),GGS IP University,Slightly match
59,ISBT Kashmere Gate,ISBT K.Gate,Slightly match
60,ISBT Nityanand Marg,I.S.B.T Nityanand Marg,Match
61,Mori Gate Terminal,Mori Gate terminal,Match
62,,Uttam Nagar Terminal-DC2230,
63,,Vikas Puri Crossing-U00617,
64,,Vikas Puri A-Block,
65,,Police Station Vikas Puri -DC1721,
66,,C-D Block Vikas Puri-U00609,
67,,C-Block Vikas Puri-DC1715,
68,,Budhela Village -DC1722,
69,,Oxford School-U00645,
70,,Gurudwara Vikas Puri/ Sonia Cinema-DC1723,
71,,G Block Vikas Puri-DC1725,
72,,J H Block Vikas Puri-DC1726,
73,,Major Bhupinder Singh Nagar-U00770,
74,,Kesho Pur Depot-U00805,
75,,Meera Bagh-U00838,
76,,Meera Bagh Apartment,
77,,Sunder Vihar -U00858,
78,,Sunder Apartment-U00865,
79,,Paschim Vihar Power House,
80,,Peera Garhi Depot-U00890,
81,,Peera Garhi ,
82,,B-Block Mangol Puri Ring Road,
83,,West Enclave,
84,,Mangol Pur School-U01014,
85,,Mangol Puri Police Line-U99992,
86,,Rohini Depot-3-U01043,
87,,Pushpanjali Enclave,
88,,Kali Mata Mandir-U01086,
89,,Saraswati Vihar C-block-U01199,
90,,Madhuvan Chowk-U01272,
91,,Power House Pittam Pura-U01294,
92,,RU Block Pitam Pura-U01329,
93,,Uttri Pitam Pura-U01353,
94,,Prashant Vihar-U01363,
95,,Haider Pur Water Works-U01377,
96,,Badli Crossing-U01452,
97,,GTK By Pass-U01512,
98,,Outer Ring Road Makbara Chowk-U01604,
99,,Bhalaswa X-ing-U01693,
100,,Jag Jivan Ram Hospital-DC2838,
101,,Jahangir Puri Outer Ring Road-DC3896,
102,,Mukund Pur X-ing-U01941,
103,,Burari X-ing-U02181,
104,,CV Raman ITI-DC3881,
105,,Jagat Pur Xing-U02338,
106,,Gandhi Vihar-U02538,
107,,Jagatpur Xing-DC3899,
108,,Wajirabad Crossing-U02754,
109,,Majnu Ka Tila ,
110,,Raksha Vigyan Kendra,
111,,ISBT Ring Road-U02813,
112,,GGS I.P. University,
113,,Yamuna Bazar-U99972,
114,,Geeta Colony Bridge,
115,,Shanti Van-U02983,
116,,Rajghat-U03008,
117,,Gandhi Darshan-U03004,
118,,Indira Gandhi Stadium-U03010,
119,,ITO Ring Road-U03016,
120,,IP Depot-U03025,
121,,Pragati Power Station,
122,,Railway Bridge Ring Road,
123,,Nizamuddin Road Bridge,
124,,Road Bridge Crossing,
125,,Sarai Kale Khan ISBT-U03147,
