,OLD_STOPS,NEW_STOPS,OUTPUT
1,Prem Nagar,New Delhi Railway Station Gate 2,Not matched
2,Ajmeri Gate / Kamla Market,Vivekanand Marg,Not matched
3,JLN Marg,Jawahar Lal Nehru Marg,Not matched
4,Zakir Husain College,Zakir Hussain College,Match
5,Turkman Gate / G B Pant Hosipatal,Turkman Gate,Slightly match
6,Delite Cinema,Delight Cinema,Slightly match
7,Delhi Gate,Delhi Gate,Match
8,Golcha Cinema,Golcha Cinema,Match
9,Darya Ganj,Darya Ganj,Match
10,Subhash Park,Subhash Park,Match
11,Jama Masjid,Jama Masjid,Match
12,Red Fort,Red Fort,Match
13,G P O Kasmiri Gate,G P O Kasmiri Gate,Match
14,Guru Govind Singh University (Kashmere Gate),GGS University,Not matched
15,ISBT Kashmere Gate,ISBT Kashmere Gate,Match
16,ISBT Nityanand Marg,ISBT Nityanand Marg,Match
17,Ludlow Castle,Ludlow Castle School,Slightly match
18,Exchange Store / Civil Lines Metro Station,Civil Line Metro Station,Slightly match
19,IP College (GT Road),I P College,Slightly match
20,Old Secretariat (Postal Account Office),Old Secretriate,Slightly match
21,Vidhan Sabha Metro Station,Vidhan sabha metro station,Match
22,Khyber Pass,Khyber Pass,Match
23,Mall Road,Mall Road Ring Road,Slightly match
24,Vishwa Vidyalaya Metro Station,Vishva vidyalaya metro station,Match
25,INS Hostel,INS Hostel,Match
26,GTB Nagar,G.T.B Nagar,Match
27,New Police Lines,New Police Line,Match
28,Alpana Cinema (Model Town Mtr Stn),Alpana Cinema,Slightly match
29,Model Town II,Model Town II,Match
30,Model Town III,Model Town III,Match
31,Azadpur Terminal,Azadpur Terminal,Match
32,Shalimar Bagh Richi Rich,Shalimar Bagh Xing,Not matched
33,Ashok Vihar Xing,Ashok Vihar Crossing,Slightly match
34,Shalimar Bagh Richi Rich,Richi Rich Shalimar Bagh,Match
35,Prem Bari Pul,Prem Bari Pull,Match
36,Punjab Kesari (Subhash Palace Depot),Subhash Place Depot Punjab Kesri,Match
37,Wazirpur DTC Depot / Netaji Subhash Palace,Wazirpur Depot,Slightly match
38,Pitampura ND Block,Pitam Pura ND Block,Match
39,Kohat Enclave Metro Station,Kohat Enclave,Slightly match
40,VaishaliEnclave / Kapil Vihar,Vashali Enclave,Slightly match
41,JD Block Pitam Pura,JD Blk Pitam Pura,Match
42,Madhuban Chowk Outer Ring Road,Madhuvan Chowk,Slightly match
43,SaraswatiVihar C Block,Saraswati Vihar C Block,Match
44,Kali Mata Mandir,Kali Mata Mandir,Match
45,Puspanjali Enclave,Pushpanjali Enclave,Match
46,Rohini Depot - 3,Rohini Depot 3,Match
47,Mangolpur School,Mangol Puri Police Line,Match at 48 in new_data list
48,Mangol Pur School (Kanjhawla Road),Mangol Pur School,Slightly match
49,Mangolpur Kalan Village,Mangol Pur Kalan,Not matched
50,Avantika Xing,Avantika Xing,Match
51,Mangol Pur Khurd,Mangolpur khurd,Match
52,Mangolpuri Y Block,Y-Block Mangol Puri,Match
53,Budh Vihar,Budh Vihar,Match
54,Krishna Vihar,Krishna Vihar,Match
55,Brahm Shakti Hospital,Braham Shakti Hospital,Match
56,Pooth Kalan,Pooth Kalan,Match
57,Rohini Sec 20/21 More,Rohini Sec-20/21 X-ing,Slightly match
58,Rohini Sec 20/21 More,Rohini Sec-21,Slightly match
59,Lakkhi Ram Park X,Lakhi Ram Park,Slightly match
60,Rohini Sec-22 Terminal,Rohini Sec-22 Terminal,Match
