,OLD_STOPS,NEW_STOPS,OUTPUT
1,Old Delhi Railway Station,Old Delhi Railway Station,Match
2,Tees Hazari Court,Tees Hazari Animal Hospital,Slightly match
3,Ice Factory,Ice Factory,Match
4,Azad Market,Azad Market,Match
5,Bara Hindu Rao,Bara Hindu Rao,Match
6,Filmistan C,Filmistan,Match
7,Model Basti,Model Basti,Match
8,Guru Govind Singh Marg,Guru Govind Singh Marg,Match
9,Tibiya College,Tibiya College,Match
10,Liberty Cinema,Liberty Cimena,Slightly match
11,Sarai Rohilla Govt Qtrs,Sarai Rohella,Slightly match
12,Anand Parvat Industrial Area,Anand Parvat Industrial Area,Match
13,Daya Basti Flyover,Daya Basti Flyover,Match
14,Zakhira Flyover,Zakhira Flyover,Match
15,Ashok Park,Ashoka Park,Match
16,Ram Pura,Ram Pura,Match
17,Jai Dev Park,Jai Dev Park,Match
18,Punjabi Bagh Power House,Power House (Punjabi Bagh),Match
19,Punjabi Bagh Terminal (Rohtak Road),Punjabi Bagh Terminal,Slightly match
20,Agarsen Hospital,Maharaja Aggrasen Hospital,Slightly match
21,Bakhtawar Pur School,Shivaji Park,Not matched
22,SPM College,SPM College,Match
23,Madipur Village,Madipur Village,Match
24,Madipur JJ Colony Metro Station,Madipur JJ Colony,Slightly match
25,Ordinance Depot,Ordinance Depot,Match
26,Shiva Enclave/ New Multan Nagar,New Multan Nagar,Slightly match
27,Multan Nagar,Multan Nagar,Match
28,Paschim Vihar Super Bazar (West Metro Station),Paschim Vihar Super Bazar,Slightly match
29,Peera Garhi Depot,Peera Garhi,Slightly match
30,Peera Garhi Metro Station,Peera Garhi Metro Station,Match
31,Udyog Nagar,Udhyog Nagar,Match
32,Inder Enclave,Inder Enclave,Match
33,Jwala Puri / Nangloi Depot,Jwala Puri,Slightly match
34,Nagloi Jj Colony 3,Nangloi JJ Colony 3,Match
35,Sultan Puri Crossing,Sultan Puri Crossing,Match
36,Nangloi,Nangloi,Match
37,Lokesh Cinema Nangloi,Lokesh Cinema,Slightly match
38,Nangloi JJ Colony Lokesh Cinema,Nangloi JJ Colony 2,Slightly match
39,Qamruddin Nagar Terminal,Qmamaruddin Nagar Xing,Not matched
40,Rajdhani Park,Rajdhani Park,Match
41,Swarn Park,Swarn Park,Match
42,Mundka Xing,Mundka Xing,Match
43,Mundka Village (Metro Station),Mundka,Not matched
44,Mundka Industrial Area / Mundka School,Mundka School,Slightly match
45,Mile Stone / Shiv Shankar Dharam Kanta,Shiv Shankar Dharam Kanta,Slightly match
46,Mile Stone / Shiv Shankar Dharam Kanta,Mile Stone Factory,Not matched
47,Hiran Kudna Crossing,Hiran Kudna More,Not matched
48,Gahevra Xing,Gahevra Xing,Match
49,Tikri Piyau / Azad Hind Gram,Tikri Piou,Not matched
50,Tikri Hospital,Tikri Hospital,Match
51,Tikri Village,Tikri Village,Match
52,PVC Market,PVC Market ,Match
53,Tikri Border,Tikri Border,Match
