,OLD_STOPS,NEW_STOPS,OUTPUT
1,Sultanpuri Terminal,Sultan Puri Terminal,Match
2,Sultanpuri C Block,C-Block Sultan Puri,Not matched
3,Jalebi Chowk Sultan Puri AB Block,B-Block Sultan Puri,Slightly match
4,Sultanpuri Machhi Market,Sultanpuri Machhi Market,Match
5,Jalebi Chowk Sultan Puri AB Block,Jalebi Chowk,Slightly match
6,Sultan Pur X- ing,Sultan Pur X-ing,Match
7,S Block Mangol Puri,Mangol Puri S-Block,Match
8,T Block Mangol Puri,Mangol Puri R- Block,Slightly match
9,Q-Block Mangolpuri,Mangol Puri Q Block,Match
10,B Block Mangol Puri,B Block Mangol Puri,Match
11,Peera Garhi Depot,Peera Garhi,Slightly match
12,Paschim Vihar Super Bazar (West Metro Station),Paschim Vihar Super Bazar,Slightly match
13,Multan Nagar,Multan Nagar,Match
14,New Multan Nagar,New Multan Nagar,Match
15,Ordinance Depot,Ordinance Depot,Match
16,Madipur JJ Colony Metro Station,Madipur JJ Colony,Slightly match
17,Madipur Village,Madipur Village,Match
18,SPM College,SPM College,Match
19,Bakhtawar Pur School,Shivaji Park,Not matched
20,Agarsen Hospital,Maharaja Aggrasen Hospital,Slightly match
21,Punjabi Bagh Terminal,Punjabi Bagh Terminal,Match
22,New Moti Bagh B Block,New Moti nagar B- Block,Slightly match
23,Karampura Terminal,Karampura Terminal,Match
24,Moti Nagar Industrial Area,Moti Nagar Industrial Area,Match
25,Shadipur Depot,Shadi Pur Depot,Match
26,Shadipur DTC Colony Metro Station,DTC Colony Shadi Pur,Slightly match
27,Shadipur Metro Station,Shadi Pur Metro Station,Match
28,West Patel Nagar,West Patel Nagar,Match
29,South Patel Nagar (Metro Station),South Patel Nagar,Slightly match
30,East Patel Nagar,East Patel Nagar,Match
31,Rajendra Place,Rajindera Place Metro Station,Slightly match
32,Telephone Exchange Karol Bagh,Telephone Exchange,Slightly match
33,Karol Bagh Metro Station,Karol Bagh Metro Station,Match
34,Pusa Road Petrol Pump Sadhu Vaswani Marg,Sadhu Vasvani Marg ,Slightly match
35,Meghdoot Bhawan,Meghdoot Bhawan,Match
36,Rani Jhansi Road Jhande Walan,Rani Jhansi Marg,Slightly match
37,Adarsh Nagar / Bharola Village,P.S. Pahar Gunj,Not matched
38,Dispensary Paharganj,Paharganj Dispensary,Match
39,Kamla Market / Ajmeri Gate,Ajmeri Gate,Slightly match
40,Dichau Kalan Depot,Kamla Market,Not matched
41,Vivekanand Marg / Minto Road,Vivekanad Marg,Slightly match
42,Bakhtawar Pur School,Shivaji Park,Not matched
43,TELCO Gazipur,Govt Press,Not matched
44,DDU Marg Railway Colony,Din Dayal Upadhaya Marg,Not matched
45,Govt Sr Sec School DDU Marg,Govt Sr.Sec. School,Match
46,Bal Bhawan DDU Marg,Bal Bhawan,Slightly match
47,ITO,ITO AGCR,Slightly match
48,Delhi Secretariat,Delhi Sect.,Slightly match
49,Delhi Secretariat,Rainy Well,Not matched
50,Laxmi Nagar / Shakarpur Crossing,Laxmi Nagar,Slightly match
51,Shakarpur,Shakarpur,Match
52,Shakarpur Crossing,Shakarpur X-ing,Not matched
53,Nirman Vihar Metro Station,Nirman Vihar,Slightly match
54,Bhor Garh,Swashthya Vihar,Not matched
55,New Rajdhani Enclave,New Rajdhani Enclave,Match
56,KarKarDooma Crossing,Karkardooma Crossing,Match
57,Hassanpur Depot,Hasan Pur Depot,Match
58,Hassanpur Village,Hasan Pur Village,Match
59,Gazipur Depot,Gazipur Depot,Match
60,Mahrajpur Check Post,Mahrajpur Check Post,Match
61,Anand Vihar ISBT Main Road,Anand Vihar ISBT Main Road,Match
62,Anand Vihar ISBT Main Road,ISBT Anand Vihar,Slightly match
