,OLD_STOPS,NEW_STOPS,OUTPUT
1,ISBT Maharana Pratap Bus (T),ISBT Maharana Pratap Bus (T),Match
2,ISBT Ring Road,ISBT Ring Road,Match
3,Shastri Park,Shashtri Park Metro Depot,Slightly match
4,Shyam Giri Mandir,Shyam Giri Mandir,Match
5,Shastri Park,Shastri Park,Match
6,Dharampura,Dharam Pura,Match
7,Seelampur Metro Station,Seelam pur,Not matched
8,Seelam Pur Petrol Pump,Seelam Pur Petrol Pump,Match
9,Welcome Metro Station,Welcome Metro Station,Match
10,East of Kailash B-Block,Kanti Nagar Extn. / Bihari Colony,Not matched
11,Jharkhandi,East Azad Nagar,Match at 12 in new_data list
12,East Azad Nagar,Jhar Khandi,Match at 11 in new_data list
13,Swaran Cinema,Swaran Takies,Not matched
14,Krishna Nagar A Block,Krishna Nagar A Block,Match
15,Hans Apartment,Hans Apartment,Match
16,Arjun Nagar,Arjun Nagar,Match
17,Radheypuri,Radhey Puri,Match
18,JagatpuriA Block,Jagat Puri A Block,Match
19,Jagatpuri F-Block,Jagat Puri F Block,Match
20,Hassanpur Depot,Hasan Pur Depot,Match
21,Hassanpur Village,Hasan Pur Village,Match
22,Gazipur Depot,Gazi Pur Depot,Match
23,Anand Vihar ISBT Main Road,ISBT Anand Vihar,Slightly match
