,OLD_STOPS,NEW_STOPS,OUTPUT
1,Uttam Nagar Terminal,Uttam Nagar Terminal,Match
2,Vikas Puri Crossing,Vikas Puri Crossing,Match
3,Dholi Piao,Dholi Piau,Slightly match
4,Dholi Piao,District Centre Janak Puri,Not matched
5,Kangra Niketan,Kangra Niketan,Match
6,Krishna Park,Krishna Park Extn.,Match
7,Manohar Nagar,Manohar Nagar,Match
8,CRPF Camp Keshopur,CRPF Camp,Slightly match
9,Major Bhupinder Singh Marg,Major Bhupinder Singh Nagar,Match
10,Keshopur Depot,Kesho Pur Depot,Match
11,Meera Bagh,Meera Bagh,Match
12,Meera Bagh,Meera Bagh Apartment,Slightly match
13,Sunder Vihar,Sunder Vihar ,Match
14,Sunder Apartment,Sunder Apartment,Match
15,P.Vihar Power Houe,Paschim Vihar Power House,Slightly match
16,Peera Garhi Depot,Peera Garhi Depot,Match
17,Peera Garhi Chowk,Peera Garhi ,Slightly match
18,Mangol Puri B Block / Vidya Vihar,B Block Mangol Puri Ring Road,Not matched
19,West Enclave,West Enclave,Match
20,Mangol Pur School (Kanjhawla Road),Mangol Pur School,Slightly match
21,Mangolpur School,Mangol Puri Police Line,Match at 20 in new_data list
22,Rohini Depot III,Rohini Depot 3,Slightly match
23,Puspanjali Enclave,Pushpanjali Enclave,Match
24,Kali Mata Mandir,Kali Mata Mandir,Match
25,Saraswati Vihar C Block,Saraswati Vihar C Block,Match
26,Madhuban Chowk Outer Ring Road,Madhuvan Chowk,Slightly match
27,RU Block Power House,Power House Pittam Pura,Not matched
28,Pitampura RU Block,RU Block Pitam Pura,Match
29,Uttri Pitam Pura,Uttri Pitam Pura,Match
30,Prashant Vihar F-Block,Prashant Vihar,Slightly match
31,Haidarpur Water Works,Haider Pur Water Works,Match
32,Badli Crossing,Badli Crossing,Match
33,GTK Bypass / Mukraba Chowk,GTK By Pass,Not matched
34,Outer Ring Road Makbara Chowk,Outer Ring Road Makbara Chowk,Match
35,Bhalaswa Crossing,Bhalaswa Xing,Not matched
36,Jag Jivan Ram Hospital,Jag Jivan Ram Hospital,Match
37,Jahangir Puri Outer Ring Road,Jahangir Puri Outer Ring Road,Match
38,Mukund Pur Chowk,Mukand Pur Xing,Not matched
39,Burari Crossing,Burari Xing,Not matched
40,CV Raman ITI,CV Raman ITI,Match
41,Gandhi Vihar,Gandhi Vihar,Match
42,Gopal Pur / Jagat Pur Crossing,Jagat Pur Xing,Not matched
43,Gopal Pur Xing,Gopal Pur Xing,Match
44,Wazirabad Crossing,Wazirabad Crossing,Match
45,Gurudwara NanakSar,Nanak Sar,Slightly match
46,Rajeev Nagar (Wazirabad Road),Rajiv Nagar,Slightly match
47,Khajuri,Khajoori,Not matched
48,Bhajanpura,Bhajan Pura,Match
49,B-Block Yamuna Vihar,B Block Yamuna Vihar,Match
50,Yamuna Vihar Brij Puri,C Block Yamuna Vihar (Brij Puri),Match
51,C 4 Yamuna Vihar,C 4 Yamuna Vihar,Match
52,B R Ambedkar College (Loni Road Xing),Dr. B.R. Ambedkar College,Slightly match
53,MIG Flates Loni Road,MIG Flats Loni Road,Match
54,Ashok Nagar / Meet Nagar,Ashok Nagar,Slightly match
55,Nand Nagari Depot,Nand Nagri Depot,Match
56,Bank Colony,Bank Colony,Match
57,Gagan Cinema,Gagan Cinema,Match
58,Sunder Nagari,Sunder Nagari,Match
59,Tahir Pur,Tahir Pur Village,Slightly match
60,Anand Gram,Anand Gram,Match
61,DLF More,DLF Crossing,Not matched
62,Shalimar Garden Crossing,Shalimar Garden,Slightly match
63,New Seema Puri Depot Cluster,New Seema Puri ,Slightly match
64,Old Seema Puri,Seema Puri,Match
65,JandK Pocket Dilshad Garden,J&K Pkt Dilshad Garden ,Slightly match
66,Shahdra Border,Shahdara Border,Match
67,Surya Nagar,Surya Nagar,Match
68,Ram Prastha Temple,Ram Prastha,Slightly match
69,Ram Prastha Crossing,Ram Prastha Crossing,Match
70,Anand Vihar ISBT Main Road,Anand Vihar Main Road,Match
71,Maharaj Pur Check Post,Maharaj Pur Check Post,Match
72,Gazipur Depot,Gazi Pur Depot,Match
73,Anand Vihar ISBT Terminal,Anand Vihar (ISBT),Match
