,OLD_STOPS,NEW_STOPS,OUTPUT
1,Anand Vihar ISBT Terminal,Anand Vihar (ISBT),Match
2,Ram Prastha Crossing,Ram Prastha Crossing,Match
3,Ram Prastha Temple,Ram Prastha,Slightly match
4,Surya Nagar,Surya Nagar,Match
5,Shahdara Border,Shahdara Border,Match
6,JandK Pocket Dilshad Garden,J&K Pkt Dilshad Garden ,Slightly match
7,Old Seema Puri,Seema Puri,Match
8,New Seema Puri Depot Cluster,New Seema Puri ,Slightly match
9,Shalimar Garden More,Shalimar Garden,Match
10,DLF More,DLF Crossing,Not matched
11,Anand Gram Kusht Ashram,Anand Gram,Slightly match
12,Tahir Pur,Tahir Pur Village,Slightly match
13,Sunder Nagri,Sunder Nagari,Match
14,Gagan Cinema,Gagan Cinema,Match
15,Gagan Cinema,Gagan Cinema Xing,Match
16,Bank Colony,Bank Colony,Match
17,Nand Nagari Depot,Nand Nagri Depot,Match
18,Ashok Nagar / Meet Nagar,Ashok Nagar,Slightly match
19,MIG Flates Loni Road,MIG Flats Loni Road,Match
20,B R Ambedkar College (Loni Road Xing),Dr. B.R. Ambedkar College,Slightly match
21,C 4 Yamuna Vihar,C 4 Yamuna Vihar,Match
22,Yamuna Vihar Brijpuri,C Block Yamuna Vihar (Brij Puri),Slightly match
23,B-Block Yamuna Vihar,B Block Yamuna Vihar,Match
24,Bhajanpura,Bhajan Pura,Match
25,Khajuri,Khajoori,Not matched
26,Rajeev Nagar (Signature Bridge),Rajiv Nagar,Not matched
27,Gurudwara Nanak Sar,Nanak Sar,Slightly match
28,Wazirabad Crossing,Wazirabad Crossing,Match
29,Gopal Pur Xing,Gopal Pur Xing,Match
30,Jagat Pur Xing,Jagat Pur Xing,Match
31,Gandhi Vihar,Gandhi Vihar,Match
32,CV Raman ITI,CV Raman ITI,Match
33,Burari X-Ing,Burari Xing,Match
34,Mukund Pur Chowk,Mukand Pur Xing,Not matched
35,Jahangir Puri Outer Ring Road,Jahangir Puri Outer Ring Road,Match
36,Jag Jivan Ram Hospital,Jag Jivan Ram Hospital,Match
37,Bhalaswa Xing,Bhalaswa Xing,Match
38,Outer Ring Road Makbara Chowk,Outer Ring Road Makbara Chowk,Match
39,GTK Bypass / Mukraba Chowk,GTK By Pass,Not matched
40,Badli Crossing,Badli Crossing,Match
41,Haidarpur Water Works,Haider Pur Water Works,Match
42,Prashant Vihar F-Block,Prashant Vihar,Slightly match
43,Uttri Pitam Pura,Uttri Pitam Pura,Match
44,Pitampura RU Block,RU Block Pitam Pura,Match
45,Pitampura Power House,Power House Pittam Pura,Slightly match
46,Madhuban Chowk Outer Ring Road,Madhuvan Chowk,Slightly match
47,SaraswatiVihar C Block,Saraswati Vihar C Block,Match
48,Kali Mata Mandir,Kali Mata Mandir,Match
49,Puspanjali Enclave,Pushpanjali Enclave,Match
50,Rohini Depot - 3,Rohini Depot 3,Match
51,Mangolpur School,Mangol Puri Police Line,Match at 52 in new_data list
52,Mangol Pur School (Outer Ring Road),Mangol Pur School,Slightly match
53,West Enclave,West Enclave,Match
54,Mangol Puri B Block / Vidya Vihar,B Block Mangol Puri Ring Road,Not matched
55,Peera Garhi Chowk,Peera Garhi ,Slightly match
56,Peera Garhi Depot,Peera Garhi Depot,Match
57,P.Vihar Power Houe,Paschim Vihar Power House,Slightly match
58,Sundar Apartments,Sunder Apartment,Match
59,Sunder Vihar,Sunder Vihar ,Match
60,Meera Bagh Apartment,Meera Bagh Apartment,Match
61,Meera Bagh Apartment,Meera Bagh,Slightly match
62,Keshopur Depot,Kesho Pur Depot,Match
63,Major Bhupinder Singh Nagar,Major Bhupinder Singh Nagar,Match
64,CRPF Camp,CRPF Camp,Match
65,Manohar Nagar,Manohar Nagar,Match
66,Krishna Park,Krishna Park Extn.,Match
67,Kangra Niketan,Kangra Niketan,Match
68,Dholi Piao,District Centre Janak Puri,Not matched
69,Dholi Piao,Dholi Piau,Slightly match
70,Vikas Puri X ing,Vikas Puri Xing,Match
71,Uttam Nagar Terminal,Uttam Nagar Terminal,Match
