,OLD_STOPS,NEW_STOPS,OUTPUT
1,Wazirpur DTC Depot / Netaji Subhash Palace,Wazirpur Depot,Slightly match
2,Telephone Exchange,Telephone Exchange,Match
3,Britannia,Britania,Match
4,Shakurpur Shiv Mandir,Shakur Pur Shiv Mandir,Match
5,Punjabi Bagh Terminal,Punjabi Bagh Terminal  ,Match
6,Punjabi Bagh Club,Punjabi Bagh Club,Match
7,ESI Hospital,ESI Hospital,Match
8,Rajdhani College / Raja Garden,Rajdhani College Raja Garden,Match
9,Rajouri Garden Market,Rajouri Garden Ring Road,Not matched
10,Mayapuri Chowk (Ring Road),Maya Puri Chowk,Slightly match
11,Naraina Vihar,Nariana Vihar,Match
12,Subhash Nagar Crossing / Mukherji Park,Naraina Village,Not matched
13,COD Ring Road,COD Ring Road,Match
14,Sant Pura Tilak Nagar,Brar Square,Not matched
15,Garrison Engg.,Garrision Eng.,Match
16,RR Line,R. R. Line,Match
17,Dhaula Kuan (Ring Road),Dhaula Kuan,Slightly match
18,Satya Niketan (Dhaula Kuan),Satya Niketan,Slightly match
19,Satya Niketan / Gurudwara Moti Bagh,Moti Bagh,Not matched
20,South Moti Bagh,Aradhna Enclave,Not matched
21,RK Puram Sec-12,R K Puram Sec-12,Match
22,Hyatt Hotel,Hyatt Hotel,Match
23,Nauroji Nagar,Narouji Nagar,Match
24,S J Hospital,S J Hospital,Match
25,AIIMS Ring Road,AIIMS,Not matched
26,South Extension,South Extension 2,Match
27,South Extn Kotla Petrol Pump,South Ext Kotla Petrol Pump,Match
28,Andrews Ganj,Andrews Ganj,Match
29,Gupta Market,Gupta Colony,Not matched
30,Vanasthali Public School,Lajpat Nagar,Not matched
31,PG DAV College / Sri Niwaspuri,Shri Niwas Puri,Slightly match
32,Nehru Nagar,Nehru Nagar,Match
33,Maharani Bagh / Ashram,Maharani Bagh,Slightly match
34,Bala Sahib Gurudwara,Bala Sahib Gurudwara,Match
35,Sarai Kale Khan ISBT,Sarai Kale Khan ISBT,Match
36,Nizamuddin Road Bridge,Road Bridge ,Slightly match
37,Railway Road Bridge,Railway Bridge Ring Road,Match
38,Pragati Power Station,Pragati Power Station,Match
39,Indraprastha Depot,IP Depot,Slightly match
40,IP Power Station / ITO Ring Road,ITO Ring Road,Slightly match
41,Gandhi Darshan,Indira Gandhi Stadium,Not matched
42,Gandhi Darshan,Gandhi Darshan,Match
43,Raj Ghat,Rajghat,Match
44,Shanti Vana,Shanti Van,Match
45,Vijay Ghat,Vijay Ghat,Match
46,Hanuman Mandir / Yamuna Bazar,Yamuna Bazar,Slightly match
47,ISBT Ring Road,ISBT Ring Road,Match
48,Metcalfe House,Metcalfe House,Match
49,IP College (GT Road),I P College,Slightly match
50,Old Secretariat (Postal Account Office),Old Secretriate,Slightly match
51,Vidhan Sabha Metro Station,Vidhan sabha metro station,Match
52,Khyber Pass,Khyber Pass,Match
53,Mall Road,Mall Road Ring Road,Slightly match
54,Vishwa Vidyalaya Metro Station,Vishva vidyalaya metro station,Match
55,INS Hostel,INS Hostel,Match
56,GTB Nagar,G.T.B Nagar,Match
57,New Police Lines,New Police Line,Match
58,Alpana Cinema (Model Town Mtr Stn),Alpana Cinema,Slightly match
59,Model Town II,Model Town-II,Match
60,Model Town III,Model Town-III,Match
61,Azadpur Terminal,Azadpur ,Slightly match
62,Shalimar Bagh Richi Rich,Shalimar Bagh Xing,Not matched
63,Ashok Vihar Xing,Ashok Vihar Crossing,Slightly match
64,Shalimar Bagh Richi Rich,Richi Rich Shalimar Bagh,Match
65,Prem Bari Pul,Prem Bari Pull,Match
66,Punjab Kesari (Subhash Palace Depot),Subhash Place Depot ,Slightly match
67,Wazirpur DTC Depot / Netaji Subhash Palace,Wazirpur Depot,Slightly match
