,OLD_STOPS,NEW_STOPS,OUTPUT
1,Kendriya Terminal (Church Road),Kendriya Terminal,Slightly match
2,North Avenue,North Avenue,Match
3,RML Hospital,RML Hospital,Match
4,NDPO,NDPO,Match
5,Gurudwara Bangla Sahib,Gurudwara Bangla Sahib,Match
6,Palika Kender,Palika Kendra,Match
7,Regal,Regal,Match
8,Shivaji Park,Shivaji Stadium,Not matched
9,Shaheed Bhagat Singh Marg,S.Bhagat Singh Marg,Slightly match
10,Gole Market,Gole Market.,Match
11,Rama Krishna Ashram Marg,R K Ashram Marg,Slightly match
12,Chitra Gupta Road,Chitra Gupta Road,Match
13,Police Station Paharganj,PS Paharganj,Slightly match
14,Jhandewalan,Jhandewalan,Match
15,Karol Bagh Terminal,Karol Bagh Terminal,Match
16,Faiz Road,Faiz Road,Match
17,Master Prithvi Nath Marg,Master Prithvi Nath Marg,Match
18,Guru Govind Singh Marg,Guru Govind Singh Marg Crossing,Match
19,Filmistan,Filmistan,Match
20,Bara Hindu Rao,Bara Hindu Rao,Match
21,Azad Market,Azad Market,Match
22,Ice Factory,Ice Factory,Match
23,Gali Daak Khana,Gali Dak Khanna,Match
24,Malka Ganj Terminal,Malka Ganj,Slightly match
25,Hansraj College / Malka Ganj,Kirori Mal College,Slightly match
26,Banglow Road / Police Station Roop Nagar,Banglow Road,Not matched
27,Maurice Nagar II,Maurice Nagar,Match
28,Doulat Ram College,Daulat Ram College ,Match
29,Shri Ram College,Shri Ram College,Match
30,Patel Chest,Patel Chest,Match
31,vijay nagtar,Vijay Nagtar,Match
32,GTB Nagar,G.T.B Nagar,Match
33,New Police Lines,New Police Line,Match
34,Model Town II,Alpana Cinema,Match at 35 in new_data list
35,Model Town II,Model Town II,Match
36,Model Town III,Model Town III,Match
37,Azadpur Terminal,Azadpur Terminal,Match
38,Sabji Mandi Azadpur,Azad Pur Nai Subzi Mandi,Not matched
39,Adarsh Nagar / Bharola Village,Adarsh Nagar,Slightly match
40,Sarai Peepal Thala,Sarai Peepal Thala,Match
41,Jahangirpuri GT Road,Jahangir Puri Metro Station,Not matched
42,Jahangir Puri Metro Station,Jahangir Puri Crossing,Match at 41 in new_data list
43,GTK Depot,G.T.K Depot,Match
44,G.T.K BY PASS,G.T.K By Pass,Match
45,Sanjay Gandhi Transport Nagar,Sanjay Gandhi Transport Nagar,Match
46,Vijya Bank,Vijya Bank,Match
47,samey pur,Samey Pur,Match
