,OLD_STOPS,NEW_STOPS,OUTPUT
1,Hamid Pur,Samey Pur,Not matched
2,Vijya Bank,Vijya Bank,Match
3,Sanjay Gandhi Transport Nagar,Sanjay Gandhi Transport Nagar,Match
4,GTK Bypass / Mukraba Chowk,G.T.K By Pass,Not matched
5,GTK Depot,G.T.K Depot,Match
6,Jahangir Puri Outer Ring Road,Jahangir Puri Crossing,Not matched
7,Jahangir Puri Metro Station,Jahangir Puri Metro Station,Match
8,Sarai Pipal Thala,Sarai Peepal Thala,Match
9,Adarsh Nagar Metro Station,Adarsh Nagar,Slightly match
10,New Sabzi Mandi,Azad Pur Nai Subzi Mandi,Slightly match
11,Azadpur Terminal,Azadpur ,Slightly match
12,Model Town-III,Model Town III,Match
13,Model Town II,Model Town II,Match
14,Alpana Cinema (Model Town Mtr Stn),Alpana Cinema,Slightly match
15,New Police Line,New Police Line,Match
16,GTB Nagar,G.T.B Nagar,Match
17,Vijay Nagar,Vijay Nagtar,Match
18,Patel Chest,Patel Chest,Match
19,Shri Ram College,Shri Ram College,Match
20,Daulat Ram College,Daulat Ram College ,Match
21,Maurice Nagar II,Maurice Nagar,Match
22,Banglow Road / Police Station Roop Nagar,Banglow Road,Not matched
23,Hansraj College,Kirori Mal College,Not matched
24,Malka Ganj Terminal,Malka Ganj,Slightly match
25,Gali Daak Khana,Gali Dak Khanna,Match
26,Ice Factory,Ice Factory,Match
27,Azad Market,Azad Market,Match
28,Bara Hindu Rao,Bara Hindu Rao,Match
29,Filmistan C,Filmistan,Match
30,Faiz Road,Guru Govind Singh Marg Crossing,Match at 31 in new_data list
31,Faiz Road,Faiz Road,Match
32,Karol Bagh Terminal,Karol Bagh Terminal,Match
33,Jhandewalan,Jhandewalan,Match
34,Paharganj Police Station,PS Paharganj,Slightly match
35,Chitra Gupta Road,Chitra Gupta Road,Match
36,Kalawati Hospital,Kalawati Saran Hospital,Match
37,Sucheta Kriplani Hospital,Sucheta Kriplani Hospital,Match
38,Super Bazar,Super Bazar,Match
39,Regal,Regal,Match
40,PS Parliament / Jantar Mantar,P.S. Parliament,Slightly match
41,Patel Chowk (Ashoka Road),Patel Chowk,Slightly match
42,Gurudwara Bangla Sahib,Gurudwara Bangla Sahib,Match
43,NDPO (Kharak Singh Marg),NDPO,Not matched
44,Dr RML Hospital (Kharak Singh Marg),RML Hospital,Slightly match
45,North Avenue,North Avenue,Match
46,Kendriya Terminal (Church Road),Kendriya Terminal,Slightly match
