,OLD_STOPS,NEW_STOPS,OUTPUT
1,Narela Terminal,Narela Terminal,Match
2,Police Station Narela,P/S Narela ,Slightly match
3,shafia bad more,Shafia Bad More,Match
4,RAM DEV CHOWK,Ram Dev Chowk,Match
5,Sec A-9 Narela,A-9 Narela,Match
6,S.Raja Harish Chander Hospital,S.Raja Harish Chander Hospital,Match
7,Munim Ji Ka Bagh,Muneem Ka Bagh,Not matched
8,Bhor Garh,Bhor Garh,Match
9,DSIDC Narela,DSIDC Narela,Match
10,Shahpur Garhi,Shah Pur Garhi,Match
11,Holambi Khurd Crossing,Holambi Khurd Crossing,Match
12,Minda Farm,Arvind Farm,Not matched
13,Alipur Garhi,Alipur Garhi,Match
14,Alipur Village,Ali Pur Village,Match
15,Alipur Village GT Road,Ali Pur GT Road,Not matched
16,Bdo Office,Alipur Block BDO Office,Slightly match
17,Budhpur GT Road,Budhpur,Slightly match
18,Jain Mandir,Jain Mandir,Match
19,Nangli Puna,Nangli Punam,Match
20,Gurudwara Siraspur GT Road,Gurudwara,Slightly match
21,Swaroop Nagar GT Road,Swaroop Nagar,Slightly match
22,Libas Pur GT Road,Libas Pur GT Road,Match
23,Sanjay Gandhi Transport Nagar,Sanjay Gandhi Transport Nagar,Match
24,GTK Bypass / Mukraba Chowk,G.T.K By Pass,Not matched
25,GTK Depot,G.T.K Depot,Match
26,Jahangir Puri Outer Ring Road,Jahangir Puri Crossing,Not matched
27,Jahangir Puri Metro Station,Jahangripuri Metro station,Match
28,Sarai Pipal Thala,Sarai Pipal Thala,Match
29,Adarsh Nagar Metro Station,Adarsh Nagar,Slightly match
30,New Sabzi Mandi,Azad Pur New Subzi Mandi,Slightly match
31,Azadpur Terminal,Azadpur Terminal,Match
32,Model Town-III,Model Town III,Match
33,Model Town II,Model Town II,Match
34,Alpana Cinema (Model Town Mtr Stn),Alpana Cinema,Slightly match
35,New Police Line,New Police Line,Match
36,GTB Nagar,GTB Nagar,Match
37,INS Hostel,INS Hostel,Match
38,Vishwa Vidyalaya Metro Station,Vishwa vidyalaya metro station,Match
39,Mall Road,Mall Road Ring Road,Slightly match
40,Khyber Pass,Kheber pass,Match
41,Vidhan Sabha Metro Station,Vidhan Sabha Metro Station,Match
42,Old Secretariat (Postal Account Office),Old Sectariate,Slightly match
43,IP College,I P College,Match
44,Exchange Store / Civil Lines Metro Station,Civil Line Metro Station,Slightly match
45,Ludlow Castle,Ludlow Castle School,Slightly match
46,ISBT Nityanand Marg,ISBT,Not matched
47,ISBT Nityanand Marg,ISBT Nitya nand Marg,Match
48,Mori Gate Terminal,Mori Gate,Slightly match
49,Old Delhi Railway Station,Old Delhi Railway Station,Match
