,OLD_STOPS,NEW_STOPS,OUTPUT
1,Azadpur Terminal,Azadpur Terminal,Match
2,Sabji Mandi Azadpur,Azad Pur New Subzi Mandi,Not matched
3,Adarsh Nagar / Bharola Village,Adarsh Nagar,Slightly match
4,Sarai Peepal Thala,Sarai Pipal Thala,Match
5,Jahangirpuri GT Road,Jahangripuri Metro station,Not matched
6,Jahangir Puri Metro Station,Jahangir Puri Crossing,Not matched
7,GTK Depot,G.T.K Depot,Match
8,G.T.K BY PASS,G.T.K By Pass,Match
9,Sanjay Gandhi Transport Nagar,Sanjay Gandhi Transport Nagar,Match
10,Libas Pur GT Road,Libas Pur GT Road,Match
11,Swaroop Nagar GT Road,Swaroop Nagar,Slightly match
12,Gurudwara Siraspur GT Road,Gurudwara,Slightly match
13,Nangli Puna,Nangli Punam,Match
14,Jain Mandir,Jain Mandir,Match
15,Budhpur GT Road,Budhpur,Slightly match
16,Bdo Office,Alipur Block BDO Office,Slightly match
17,Ali Pur Gt Road,Ali Pur GT Road,Match
18,Mcd Rest H,MCD Rest House,Slightly match
19,Durga Mandir A,Durga Mandir Alipur,Slightly match
20,Ali Pur Garhi,Alipur Garhi,Match
21,Arvind Farm,Arvind Farm,Match
22,Holambi Kalan Crossing,Holambi Khurd Crossing,Slightly match
23,shah pur garhi,Shah Pur Garhi,Match
24,DSIDC Narela,DSIDC Narela,Match
25,Bhor Garh,Bhor Garh,Match
26,Muneem Ka Bagh,Muneem Ka Bagh,Match
27,Kureni Village,Kureni Village,Match
28,Old Anaj Mandi,Narela Mandi,Not matched
29,Narela Terminal,Narela Terminal,Match
30,Police Station Narela,Thana Narela,Slightly match
31,RAM DEV CHOWK,Ram Dev Chowk,Match
32,Sec A-9 Narela,Narela Sector 5/8,Not matched
33,narela sector 5/6 crossing,Narela Sector 5/6 Crossing,Match
34,s raja harischandra hospital,S Raja Harischandra Hospital,Match
35,b 4 pocket 13 narela,B 4 Pocket 13 Narela,Match
