,OLD_STOPS,NEW_STOPS,OUTPUT
1,Bawana Village,Bawana,Slightly match
2,DSIDC Office Bawana,DSIDC Sec-1,Slightly match
3,Bawana School,Bawana School,Match
4,Aditi College Bawana,DSIDC Office Bawana,Not matched
5,DSIDC Bawana/ Dhakewala,DSIDC Sec-1(Bawana),Not matched
6,DSIDC Office Bawana,Dhakewala,Match at 4 in new_data list
7,DSIDC Office Bawana,Mahrishi Balmiki Hospital,Match at 4 in new_data list
8,MRB Hospital,Pooth Khurd village,Not matched
9,Pooth Khurd,Dharamshala Pooth Khurd,Slightly match
10,Sultan Pur Crossing / Poothkhurd,Barwala ,Not matched
11,Barwala Village,Barwala Pathshala,Not matched
12,Barwala School,Jain Colony,Not matched
13,Jain Colony,Prehlad Pur School,Match at 12 in new_data list
14,Prehladpur School,Prehlad Pur ,Slightly match
15,Prehladpur Village,Prehlad Pur Mandir,Not matched
16,Shahbad Dairy Block A,Shahbad Dairy,Slightly match
17,Shahbad Dairy A Block,Shahbad Dairy Block A,Match
18,St. Xavier School Shahbad,St Xavier School Daulatpur,Not matched
19,Shahbad Daulatpur School,Sahabad Daulatpur ,Not matched
20,Shahbad Daulatpur Gaon,Delhi College of Engineering Shahbad,Not matched
21,Delhi Engg College Shahbad,Shahbad Bank,Not matched
22,Rohini Sec-16 Xing,Telephone Exchange,Not matched
23,Rohini Sec 16 (Maharaja Aggarsen Dharam Sthal),Rohini Sec.-16 Crossing,Slightly match
24,Rohini Sec 18 Block,Rohini Depot 4,Not matched
25,Badli Village,Badli Railway Staion,Slightly match
26,Telephone Exchange,Badli,Match at 22 in new_data list
27,Samay Pur,Samay Pur Badli,Slightly match
28,Badli,Samay Pur,Match at 26 in new_data list
29,Libas Pur GT Road,Libas Pur Xing,Not matched
30,GTK Bypass / Mukraba Chowk,GTK By Pass,Not matched
31,GTK Depot,GTK Depot,Match
32,Jahangir Puri Outer Ring Road,Jahangir Puri Metro Station,Not matched
33,Sarai Pipal Thala,Sarai Peepal Thala,Match
34,Adarsh Nagar Metro Station,Adarsh Nagar,Slightly match
35,New Sabzi Mandi,New Sabzi Mandi,Match
36,Ali Pur Gt Road,Azad Pur,Not matched
37,Bara Bagh,Bara Bagh,Match
38,Gujranwala Town,Gujranwala Town,Match
39,Telephone Exchange,Telephone Exchange,Match
40,State Bank Colony,Harmilap Mission,Not matched
41,Indra Kalyan Vihar,SBI Colony,Not matched
42,Gurudwara Nanak Pyau,Gurudwara Nanak Pyau,Match
43,Rana Pratap Bagh,R.P. Bagh,Slightly match
44,Gur Mandi,Gur Mandi,Match
45,Roop Nagar / Shakti Nagar (GT Road),Roop Nagar,Not matched
46,Roop Nagar / Kamla Nagar,Shakti Nagar ,Not matched
47,Malka Ganj Terminal,Clock Tower,Not matched
48,Clock Tower,Roshnara Bagh,Match at 47 in new_data list
49,Roshnara Bagh,Roshnara Road,Match at 48 in new_data list
50,Roshnara Road,Ice Factory,Match at 49 in new_data list
51,Ice Factory (Roshanara Road),St Stephen Hospital,Not matched
52,Tis Hazari Animal Hospital,Tis Hazari Court,Slightly match
53,Old Delhi Railway Station,ISBT Nitya nand Marg,Match at 57 in new_data list
54,,ISBT Kashmiri Gate,
55,,GGS IP University,
56,,GPO Kashmere Gate,
57,,Old Delhi Railway Station,
