,OLD_STOPS,NEW_STOPS,OUTPUT
1,Qutab Garh,Qutab Garh ,Match
2,Katevara Xing,Katevara Xing,Match
3,Jawahar Navodya School,Jawahar Navodaya School,Match
4,Mungeshpur Village,Mangesh Pur,Not matched
5,Auchandi Border,Auchandi Border,Match
6,Auchandi Village,Auchandi Village,Match
7,HAREWALI MORE,Harewali Xing,Not matched
8,DARYA PUR SCHOOL,Darya Pur School,Match
9,Dariyapur Kalan School,Darya Pur Village,Not matched
10,PS Bawana,PS Bawana,Match
11,Bawana Depot,Bawana Depot,Match
12,Primary School,Bawana,Not matched
13,DSIDC Office Bawana,DSIDC Sec-1,Slightly match
14,Bawana School,Bawana School,Match
15,DSIDC Bawana/ Dhakewala,DSIDC Office Bawana,Not matched
16,DSIDC Office Bawana,DSIDC Sec-1(Bawana),Match at 15 in new_data list
17,DSIDC Bawana/ Dhakewala,Dhakewala,Slightly match
18,MRB Hospital,Mahrishi Balmiki Hospital,Slightly match
19,Sultan Pur Crossing / Poothkhurd,Pooth Khurd village,Not matched
20,Sultan Pur Crossing / Poothkhurd,Dharamshala Pooth Khurd,Not matched
21,Barwala Village,Barwala ,Slightly match
22,Barwala School,Barwala Pathshala,Not matched
23,Jain Colony,Jain Colony,Match
24,Prehladpur School,Prehlad Pur School,Match
25,Prehladpur Village,Prehlad Pur ,Slightly match
26,Prehladpur Village,Prehlad Pur Mandir,Not matched
27,Shahbad Dairy Block A,Shahbad Dairy,Slightly match
28,Shahbad Dairy A Block,Shahbad Dairy Block A,Match
29,St. Xavier School Shahbad,St Xavier School Daulatpur,Not matched
30,Shahbad Daulatpur Gaon,Sahabad Daulatpur ,Slightly match
31,Engineering College,Delhi College of Engineering Shahbad,Slightly match
32,Shahbad Bank,Shahbad Bank,Match
33,Telephone Exchange,Telephone Exchange,Match
34,Rohini Sec. 16 Crossing,Rohini Sec.-16 Crossing,Match
35,Rohini Sec 16 (Maharaja Aggarsen Dharam Sthal),Rohini Sec.-16,Not matched
36,Rohini Sec 17A and 16,Rohini Sec.-17,Slightly match
37,Rohini Sec 9 A Block,Rohini Sec.-11,Slightly match
38,Rohini Depot-II,Rohini Depot -2,Slightly match
39,ESI Hospital,ESI Hospital Rohini,Slightly match
40,Vidhya Vihar Marg,Vidhya Vihar Marg,Match
41,Anubhav Apartment,Anubhav Appartment,Match
42,Goodwill Apartment,Goodwill Apartment,Match
43,Prashant Vihar F-Block,Prashant Vihar,Slightly match
44,Haidarpur Water Works,Haider Pur Water Works,Match
45,Badli Crossing,Badli Crossing,Match
46,GTK Bypass / Mukraba Chowk,GTK By Pass,Not matched
47,GTK Depot,G.T.K Depot,Match
48,Jahangir Puri Outer Ring Road,Jahangir Puri Crossing,Not matched
49,Jahangir Puri Metro Station,Jahangir Puri Metro Station,Match
50,Sarai Pipal Thala,Sarai Peepal Thala,Match
51,Adarsh Nagar Metro Station,Adarsh Nagar,Slightly match
52,New Sabzi Mandi,Azad Pur Nai Subzi Mandi,Slightly match
53,Azadpur,Azadpur Terminal,Slightly match
54,Bara Bagh,Bara Bagh,Match
55,Gujranwala Town,Gujranwala Town,Match
56,Telephone Exchange,Telephone Exchange,Match
57,Harmilap Mission,Harmilap Mission,Match
58,State Bank Colony,SBI Colony,Slightly match
59,Gurudwara Nanak Pyau,Gurudwara Nanak Pyau,Match
60,Rana Pratap Bagh,R.P. Bagh,Slightly match
61,Gur Mandi,Gur Mandi,Match
62,Kamla Nagar/ Roop Nagar,Roop Nagar,Slightly match
63,Shakti Nagar,Shakti Nagar ,Match
64,Clock Tower,Clock Tower,Match
65,Roshnara Bagh,Roshnara Bagh,Match
66,Roshnara Road,Roshnara Road,Match
67,Ice Factory (Rani Jhansi Road),Ice Factory,Slightly match
68,St Stephen Hospital,St Stephen Hospital,Match
69,Tees Hazari Court,Tis Hazari Court,Match
70,ISBT Nityanand Marg,ISBT Nitya nand Marg,Match
71,ISBT Kashmiri Gate,ISBT Kashmiri Gate,Match
72,Guru Govind Singh University (Kashmere Gate),GGS IP University,Slightly match
73,GPO,GPO Kashmere Gate,Not matched
74,Old Delhi Railway Station (Fatehpuri),Old Delhi Railway Station,Match
