,OLD_STOPS,NEW_STOPS,OUTPUT
1,Old Delhi Railway Station,Old Delhi Railway Station,Match
2,G P O Kasmiri Gate,G P O Kasmiri Gate,Match
3,Guru Govind Singh University (Kashmere Gate),GGS IP University,Slightly match
4,ISBT Kashmere Gate,ISBT Kashmere Gate,Match
5,Tees Hazari Court,Tees Hazari Court,Match
6,Police Line Hosp,Police Line Hosp,Match
7,Tirath Ram Hosp.,Tirath Ram Hosp.,Match
8,STA Office,STA Office,Match
9,Raj Pura Road,Raj Pura Road,Match
10,Bhai Parmanand Hosp.,Bhai Parmanand Hosp.,Match
11,Exchange Store / Civil Lines Metro Station,Civil Line Metro Station,Slightly match
12,IP College (GT Road),IP College,Slightly match
13,Old Secretariat (Postal Account Office),Old Sectariate,Slightly match
14,Vidhan Sabha Metro Station,Vidhan Sabha Metro Station,Match
15,Khyber Pass,Kheber pass,Match
16,Mall Road,Mall road Ring Road,Slightly match
17,Vishwa Vidyalaya Metro Station,VishwaVidhalaya Metro Station,Match
18,INS Hostel,INS Hostel,Match
19,GTB Nagar,GTB Nagar,Match
20,New Police Lines,New police line,Match
21,Alpana Cinema (Model Town Mtr Stn),Alpana Cinema,Slightly match
22,Model Town II,Model Town 2,Slightly match
23,Model Town III,Model Town 3,Slightly match
24,Azadpur Terminal,Azadpur Terminal,Match
25,Sabji Mandi Azadpur,Azad Pur New Subzi Mandi,Not matched
26,Adarsh Nagar / Bharola Village,Adarsh Nagar,Slightly match
27,Prem Nagar,Sarai Peepal Thala,Not matched
28,Jahangir Puri Metro Station,Jahangir Puri Metro Station,Match
29,Jahangir Puri Metro Station,Jahangir Puri Crossing,Match at 28 in new_data list
30,GTK Depot,G.T.K Depot,Match
31,GTK Bypass / Mukraba Chowk,G.T.K By Pass,Not matched
32,Badli Crossing,Badli Xing,Not matched
33,Badli School,Badli School,Match
34,Rohini Sec 18,Rohini Sec 18,Match
35,Petrol Pump,Petrol Pump,Match
36,Sec 18 Police Chowki,Sec 18 Police Chowki,Match
37,Badli Factory Area,Rohini Depot 4,Not matched
38,Rohini Sec 18 Block,Sardar Colony,Not matched
39,Rohini Sec 16 (Maharaja Aggarsen Dharam Sthal),Rohini sec 16 Xing,Not matched
40,Delhi Engg College Shahbad,Delhi College of Engineering Shahbad,Slightly match
41,Shahbad Daulatpur Gaon,Sahabad Daulatpur ,Slightly match
42,Shahbad Daulatpur School,St Xavier School Daulatpur,Not matched
43,Shahbad Dairy Block A,Shahbad Dairy Block A,Match
44,Shahbad Dairy,Shahbad Dairy,Match
45,Prehlad Pur Mandir,Prehlad Pur Mandir,Match
46,Prehladpur Village,Prehlad Pur ,Slightly match
47,Prehladpur School,Prehlad Pur School,Match
48,Jain Colony,Jain Colony,Match
49,Barwala School,Barwala Pathshala,Not matched
50,Barwala Village,Barwala ,Slightly match
51,Pooth Khurd Village,Dharamshala Pooth Khurd,Match at 52 in new_data list
52,DHARAMSHALA POOTH KHURD,Pooth Khurd village,Match at 51 in new_data list
53,Pooth Khurd Hospital,Mahrishi Balmiki Hospital,Not matched
54,DSIDC Bawana/ Dhakewala,Dhakewala,Slightly match
55,Bawana School,DSIDC Sec-1(Bawana),Match at 57 in new_data list
56,Bawana Village,DSIDC Office Bawana,Not matched
57,Bawana Depot,Bawana School,Match at 60 in new_data list
58,PS Bawana,DSIDC Sec-1,Match at 61 in new_data list
59,Dariyapur Kalan School Bawana,Bawana,Not matched
60,Dariyapur Gaon,Bawana Depot,Not matched
61,Nangal Crossing,PS Bawana,Match at 63 in new_data list
62,Bajitpur Mandir,Darya Pur Village,Not matched
63,Katewara Village,Nangal Crossing,Match at 65 in new_data list
64,,Bajit Pur Village,
65,,Katewara Village,
