,OLD_STOPS,NEW_STOPS,OUTPUT
1,Hari Nagar Shaheed Pawan Sahni Chowk,Hari Nagar Shaheed Pawan Sahni Chowk,Match
2,DDU Hospital,DDU Hospital,Match
3,Beriwala Bagh,Beriwala Bagh,Match
4,Swarg Ashram,Swarg Ashram,Match
5,LIG Flats,LIG Flats,Match
6,Metal Forging,Metal Forging,Match
7,Government Press,Govt. Press,Not matched
8,Mayapuri Depot,Maya Puri Depot,Match
9,Maya Puri Crossing Ring Road,Mayapuri Crossing,Slightly match
10,Wood Market,Wood Market,Match
11,Kirti Ngr RlY Reser office,Kirti Ngr RlY Reser office,Match
12,F Block Kirti Nagar,F Block Kirti Nagar,Match
13,PS Kirti Nagar,Kirti Nagar,Match
14,Moti Nagar Market,Moti Nagar Market,Match
15,Moti Nagar,Moti nagar,Match
16,ESI Dispensary/CGHS Dispensary,ESI Dispensary Karam Pura,Slightly match
17,Campa Cola,Campa Cola,Match
18,Swatantra Bharat Mills,SB Mills,Not matched
19,DCM Chemical,DCM Chemical (Prem Nagar),Slightly match
20,DCM Chemical,DCM Chemical,Match
21,Zakhira,Zakhira,Match
22,Inderlok Metro Station,Inder Lok,Match at 23 in new_data list
23,Inderlok,Inder Lok Metro Station,Match at 22 in new_data list
24,Shastri Nagar Shiv Mandir,Shastri Nagar Shiv Mandir,Match
25,Shastri Nagar E Block,Shastri Nagar E Block,Match
26,Shastri Nagar Metro Station,Shastri Ngr Metro Station,Match
27,Subhadra Colony,Subhadra Clny,Match
28,Shastri Nagar A Block,Shastri Nagar A Block,Match
29,Gulabi Bagh,Gulabi Bagh,Match
30,Chowki No 2 / Gulabi Bagh Crossing,Chowki No-2,Slightly match
31,Shakti Nagar Nangia Park,Nagia Park Shakti nagar,Match
32,Roop Nagar / Kamla Nagar,Kamla Nagar,Slightly match
33,Maurice Nagar II,Maurice Nagar,Match
34,Doulat Ram College,Doulat Ram College,Match
35,Shri Ram College,Sri Ram College,Match
36,Patel Chest,Patel Chest,Match
37,Khalsa College,Khalsa College,Match
38,INS Hostel,INS Hostel,Match
39,Vishwa Vidyalaya Metro Station,VishwaVidhalaya Metro Station,Match
40,INMAS Hospital,Inmas Hospital,Match
41,DDA Flat Lucknow Road,DDA Flat Lucknow Road,Match
42,CGHS Dispensary,CGHS Dispensary,Match
43,Education Office (Lucknow Rd),Education Office (Lucknow Rd),Match
44,Timar Pur Qrts,Timar Pur Qrts,Match
45,Balak Ram Hospital,Balak Ram Hospital,Match
46,Police Station Timarpur,Police Station Timar Pur,Match
47,Nehru Vihar,Nehru Vihar Xing,Match
48,Nehru Vihar,Nehru Vihar,Match
