,OLD_STOPS,NEW_STOPS,OUTPUT
1,Bankner Village,Bankner Village,Match
2,New Basti Bankner,New Bankner Basti,Match
3,Narela Terminal,Narela Hospital,Match at 4 in new_data list
4,Narela Terminal,Narela Terminal,Match
5,Police Station Narela,P/S Narela ,Slightly match
6,shafia bad more,Shafia Bad More,Match
7,RAM DEV CHOWK,Ram Dev Chowk,Match
8,Sec A-9 Narela,A 9 Narela,Match
9,S.Raja Harish Chander Hospital,S.Raja Harish Chander Hospital,Match
10,Munim Ji Ka Bagh,Muneem Ka Bagh,Not matched
11,Bhor Garh,Bhor Garh,Match
12,DSIDC Narela,DSIDC Narela,Match
13,Shahpur Garhi,Shah Pur Garhi,Match
14,Holambi Khurd Crossing,Holambi Khurd Crossing,Match
15,Minda Farm,Arvind Farm,Not matched
16,Alipur Garhi,Alipur Garhi,Match
17,Alipur Village,Ali Pur Village,Match
18,Alipur Village GT Road,Ali Pur GT Road,Not matched
19,Bdo Office,Alipur Block BDO Office,Slightly match
20,Budhpur GT Road,Budhpur,Slightly match
21,Jain Mandir,Jain Mandir,Match
22,Nangli Puna,Nangli Punam,Match
23,Gurudwara Siraspur GT Road,Gurudwara,Slightly match
24,Swaroop Nagar GT Road,Swaroop Nagar,Slightly match
25,Libas Pur GT Road,Libas Pur GT Road,Match
26,Sanjay Gandhi Transport Nagar,Sanjay Gandhi Transport Nagar,Match
27,GTK Bypass / Mukraba Chowk,G.T.K By Pass,Not matched
28,GTK Depot,G.T.K Depot,Match
29,Jahangir Puri Outer Ring Road,Jahangir Puri Crossing,Not matched
30,Jahangir Puri Metro Station,Jahangripuri Metro station,Match
31,Sarai Pipal Thala,Sarai Pipal Thala,Match
32,Adarsh Nagar Metro Station,Adarsh Nagar,Slightly match
33,New Sabzi Mandi,Azad Pur New Subzi Mandi,Slightly match
34,Azadpur,Azadpur Terminal,Slightly match
