,OLD_STOPS,NEW_STOPS,OUTPUT
1,Safiabad Border,Shaffia Bad Bdr.,Not matched
2,Shiv Mandir,Shiv Mandir,Match
3,Sanjay Colony (Safiabad),Sanjay Colony,Slightly match
4,shafia bad more,Shafia Bad More,Match
5,RAM DEV CHOWK,Ram Dev Chowk,Match
6,Sec A-9 Narela,A-9 Narela,Match
7,S.Raja Harish Chander Hospital,S.Raja Harish Chander Hospital,Match
8,Munim Ji Ka Bagh,Muneem Ka Bagh,Not matched
9,Bhor Garh,Bhor Garh,Match
10,DSIDC Narela,DSIDC Narela,Match
11,Shahpur Garhi,Shah Pur Garhi,Match
12,Holambi Khurd Crossing,Holambi Khurd Crossing,Match
13,Minda Farm,Arvind Farm,Not matched
14,Alipur Garhi,Alipur Garhi,Match
15,Alipur Village,Ali Pur Village,Match
16,Alipur Village GT Road,Ali Pur GT Road,Not matched
17,Alipur Block,Alipur Block BDP Office,Slightly match
18,Budhpur GT Road,Budhpur,Slightly match
19,Jain Mandir,Jain Mandir,Match
20,Nangli Puna,Nangli Punam,Match
21,Gurudwara Siraspur GT Road,Gurudwara,Slightly match
22,Swaroop Nagar GT Road,Swaroop Nagar,Slightly match
23,Libas Pur GT Road,Libas Pur GT Road,Match
24,Sanjay Gandhi Transport Nagar,Sanjay Gandhi Transport Nagar,Match
25,GTK Bypass / Mukraba Chowk,G.T.K By Pass,Not matched
26,GTK Depot,G.T.K Depot,Match
27,Jahangir Puri Outer Ring Road,Jahangir Puri Crossing,Not matched
28,Jahangir Puri Metro Station,Jahangripuri Metro station,Match
29,Sarai Pipal Thala,Sarai Pipal Thala,Match
30,Adarsh Nagar Metro Station,Adarsh Nagar,Slightly match
31,New Sabzi Mandi,Azad Pur New Subzi Mandi,Slightly match
32,Azadpur Terminal,Azadpur Terminal,Match
33,Model Town-III,Model Town III,Match
34,Model Town II,Model Town II,Match
35,Alpana Cinema (Model Town Mtr Stn),Alpana Cinema,Slightly match
36,New Police Line,New Police Line,Match
37,GTB Nagar,GTB Nagar,Match
38,INS Hostel,INS Hostel,Match
39,Vishwa Vidyalaya Metro Station,Vishwa vidyalaya metro station,Match
40,Mall Road,Mall Road Ring Road,Slightly match
41,Khyber Pass,Kheber pass,Match
42,Vidhan Sabha Metro Station,Vidhan Sabha Metro Station,Match
43,Old Secretariat (Postal Account Office),Old Sectariate,Slightly match
44,IP College,I P College,Match
45,Exchange Store / Civil Lines Metro Station,Civil Line Metro Station,Slightly match
46,Ludlow Castle,Ludlow Castle School,Slightly match
47,ISBT Nityanand Marg,ISBT ,Not matched
48,Mori Gate Terminal,Mori Gate,Slightly match
49,Old Delhi Railway Station,Old Delhi Railway Station,Match
