,OLD_STOPS,NEW_STOPS,OUTPUT
1,Badli Railway Staion,Old Delhi Railway Station,Not matched
2,G P O Kasmiri Gate,G P O Kasmiri Gate,Match
3,Guru Govind Singh University (Kashmere Gate),GGS IP University,Slightly match
4,ISBT Kashmere Gate,ISBT Kashmere Gate,Match
5,ISBT Nityanand Marg,ISBT Nitya nand Marg,Match
6,Ludlow Castle,Ludlow Castle School,Slightly match
7,Exchange Store / Civil Lines Metro Station,Civil Line Metro Station,Slightly match
8,IP College (GT Road),I P College,Slightly match
9,Old Secretariat (Postal Account Office),Old Sectariate,Slightly match
10,Vidhan Sabha Metro Station,Vidhan Sabha Metro Station,Match
11,Khyber Pass,Kheyber pass,Match
12,Mall Road,Mall Road Ring Road,Slightly match
13,Vishwa Vidyalaya Metro Station,Vishwa vidyalaya metro station,Match
14,INS Hostel,INS Hostel,Match
15,GTB Nagar,GTB Nagar,Match
16,New Police Lines,New Police Line,Match
17,Model Town II,Alpana Cinema,Match at 18 in new_data list
18,Model Town II,Model Town II,Match
19,Model Town III,Model Town III,Match
20,Azadpur Metro station,Azadpur Terminal,Not matched
21,Sabji Mandi Azadpur,Azad Pur New Subzi Mandi,Not matched
22,Adarsh Nagar / Bharola Village,Adarsh Nagar,Slightly match
23,Sarai Peepal Thala,Sarai Pipal Thala,Match
24,Jahangirpuri GT Road,Jahangripuri Metro station,Not matched
25,Jahangir Puri Metro Station,Jahangir Puri Crossing,Not matched
26,GTK Depot,G.T.K Depot,Match
27,G.T.K BY PASS,G.T.K By Pass,Match
28,Sanjay Gandhi Transport Nagar,Sanjay Gandhi Transport Nagar,Match
29,Libas Pur GT Road,Libas Pur GT Road,Match
30,Swaroop Nagar GT Road,Swaroop Nagar,Slightly match
31,Gurudwara Siraspur GT Road,Gurudwara,Slightly match
32,Nangli Puna,Nangli Punam,Match
33,Jain Mandir,Jain Mandir,Match
34,Budhpur GT Road,Budhpur,Slightly match
35,Bdo Office,Alipur Block BDO Office,Slightly match
36,Ali Pur Gt Road,Ali Pur GT Road,Match
37,Mcd Rest H,MCD Rest House,Slightly match
38,Durga Mandir A,Durga Mandir Alipur,Slightly match
39,Ali Pur Garhi,Alipur Garhi,Match
40,Arvind Farm,Arvind Farm,Match
41,Holambi Kalan Crossing,Holambi Khurd Crossing,Slightly match
42,shah pur garhi,Shah Pur Garhi,Match
43,DSIDC Narela,DSIDC Narela,Match
44,Bhor Garh,Bhor Garh,Match
45,Muneem Ka Bagh,Muneem Ka Bagh,Match
46,New Anaj Mandi,New Anaj Mandi Narela,Slightly match
47,Old Anaj Mandi,Narela Mandi,Not matched
48,Narela Terminal,Narela Terminal,Match
49,Police Station Narela,P.S. Narela,Slightly match
50,Safiyabad Crossing,Shaffia Bad Crossing,Slightly match
51,Sanjay Colony (Safiabad),Sanjay Colony,Slightly match
52,Shiv Mandir,Shiv Mandir,Match
53,Safiabad Border,Shaffia Bad Bdr.,Not matched
