,OLD_STOPS,NEW_STOPS,OUTPUT
1,Ghoga Village,Ghoga Village,Match
2,Sannoth Crossing / Ghoga Crossing,Sannoth Xing,Not matched
3,Jain Shukla Mandir,Jain Shukla Mandir,Match
4,GHOGA AIR FORCE STATION,Ghoga Air Force Station,Match
5,CRPF Camp,CRPF Camp,Match
6,Bawana School,Bawana,Slightly match
7,DSIDC Office Bawana,DSIDC Sec 1,Slightly match
8,Bawana School,Bawana School,Match
9,DSIDC Bawana/ Dhakewala,DSIDC Office Bawana,Not matched
10,DSIDC Office Bawana,DSIDC Sec 1(Bawana),Match at 9 in new_data list
11,DSIDC Bawana/ Dhakewala,Dhakewala,Slightly match
12,MRB Hospital,Mahrishi Balmiki Hospital,Slightly match
13,Sultan Pur Crossing / Poothkhurd,Pooth Khurd village,Not matched
14,Sultan Pur Crossing / Poothkhurd,Dharamshala Pooth Khurd,Not matched
15,Barwala Village,Barwala ,Slightly match
16,Barwala School,Barwala Pathshala,Not matched
17,Jain Colony,Jain Colony,Match
18,Prehladpur School,Prehlad Pur School,Match
19,Prehladpur Village,Prehlad Pur ,Slightly match
20,Prehladpur Village,Prehlad Pur Mandir,Not matched
21,Shahbad Dairy Block A,Shahbad Dairy,Slightly match
22,Shahbad Dairy A Block,Shahbad Dairy Block A,Match
23,St. Xavier School Shahbad,St Xavier School Daulatpur,Not matched
24,Shahbad Daulatpur Gaon,Sahabad Daulatpur ,Slightly match
25,Engineering College,Engineering College,Match
26,Shahbad Bank,Shahbad Bank,Match
27,Telephone Exchange,Telephone Exchange,Match
28,Rohini Sec. 16 Crossing,Rohini Sec. 16Crossing,Match
29,Rohini Sec 16 (Maharaja Aggarsen Dharam Sthal),Rohini Sec. 16,Not matched
30,Rohini Sec 17A and 16,Rohini Sec. 17,Slightly match
31,Rohini Sec 9 A Block,Rohini Sec. 11,Slightly match
32,Rohini Depot-II,Rohini Depot 2,Slightly match
33,ESI Hospital,ESI Hospital Rohini,Slightly match
34,Vidhya Vihar Marg,Vidhya Vihar Marg,Match
35,Anubhav Apartment,Anubhav Appartment,Match
36,Goodwill Apartment,Goodwill Apartment,Match
37,Prashant Vihar F-Block,Prashant Vihar,Slightly match
38,Haidarpur Water Works,Haider Pur Water Works,Match
39,Badli Crossing,Badli Crossing,Match
40,GTK Bypass / Mukraba Chowk,GTK By Pass,Not matched
41,GTK Depot,G.T.K Depot,Match
42,Jahangir Puri Outer Ring Road,Jahangir Puri Crossing,Not matched
43,Jahangir Puri Metro Station,Jahangir Puri Metro Station,Match
44,Sarai Pipal Thala,Sarai Peepal Thala,Match
45,Adarsh Nagar Metro Station,Adarsh Nagar,Slightly match
46,New Sabzi Mandi,Azad Pur Nai Subzi Mandi,Slightly match
47,Azadpur,Azadpur Terminal,Slightly match
