,OLD_STOPS,NEW_STOPS,OUTPUT
1,Azadpur Terminal,Azadpur Terminal,Match
2,Shalimar Bagh Richi Rich,Shalimar Bagh Xing,Not matched
3,Ashok Vihar Xing,Ashok Vihar Crossing,Slightly match
4,Shalimar Bagh Richi Rich,Richi Rich Shalimar Bagh,Match
5,Prem Bari Pul,Prem Bari Pull,Match
6,Punjab Kesari (Subhash Palace Depot),Subhash Place Depot -Punjab Kesari,Match
7,Wazirpur DTC Depot / Netaji Subhash Palace,Wazirpur Depot,Slightly match
8,Pitampura ND Block,Pitam Pura ND-Block,Match
9,Kohat Enclave Metro Station,Kohat Enclave,Slightly match
10,VaishaliEnclave / Kapil Vihar,Vashali Enclave,Slightly match
11,JD Block Pitam Pura,JD Blk Pitam Pura,Match
12,Madhuban Chowk Outer Ring Road,Madhuvan Chowk,Slightly match
13,SaraswatiVihar C Block,Saraswati Vihar C-Block,Match
14,Kali Mata Mandir,Kali Mata Mandir,Match
15,Puspanjali Enclave,Pushpanjali Enclave,Match
16,Rohini Depot - 3,Rohini Depot-3,Match
17,Mangolpur School,Mangol Puri - Police Line,Match at 18 in new_data list
18,Mangol Pur School (Kanjhawla Road),Mangol Pur School,Slightly match
19,Mangolpur Kalan Village,Mangol Pur Kalan,Not matched
20,Avantika Xing,Avantika X-ing,Match
21,Mangol Pur Khurd,Mangolpur khurd,Match
22,Mangolpuri Y Block,Y-Block Mangol Puri,Match
23,Budh Vihar,Budh Vihar,Match
24,Krishna Vihar,Krishna Vihar,Match
25,Brahm Shakti Hospital,Braham Shakti Hospital,Match
26,Pooth Kalan,Pooth Kalan,Match
27,Rohini Sec 20/21 More,Rohini Sec-20/21 Xing,Slightly match
28,Rohini Sec-21,Rohini Sector-21,Slightly match
29,Begumpur,Begam Pur,Slightly match
30,Rajiv Nagar,Rajiv Nagar,Match
31,Rama Vihar,Rama Vihar,Match
32,Karala School,Karala School,Match
33,Karala Village,Karala,Slightly match
34,Karala Village,Desu Office,Not matched
35,Desu Office,Shiv Vihar,Match at 34 in new_data list
36,Shiv Vihar Bheem Chowk,Rupali Enclave - R.S. Satsang,Not matched
37,Radha Swami Satsang,Shivam Plywood,Not matched
38,Shivam Plywood,Kanjhawala Chowk,Match at 37 in new_data list
39,Kanjhawla Chowk,Nirmal Hospital,Not matched
40,Nirmal Hospital,Lad Pur,Match at 39 in new_data list
41,Ladpur Village,S. Vivekanand School,Not matched
42,S. VIVEKANAND SCHOOL,Jounti Crossing,Match at 41 in new_data list
43,Jonti Crossing,Jonti,Slightly match
44,Jounti,Tatesar Village,Not matched
45,Tatesar Village,Tatesar Gurukul,Match at 44 in new_data list
46,Tatesar Gurukul,Punjab Khore,Match at 45 in new_data list
47,Punjab Khor Village,Jat Khor,Not matched
48,JAT KHOR,Qutab Garh,Match at 47 in new_data list
49,Qutab Garh,Katevara Xing,Match at 48 in new_data list
50,Katevara Xing,Jawahar Navodaya School,Match at 49 in new_data list
51,Jawahar N Schl,Mangesh Pur,Not matched
52,Mangesh Pur,Auchandi Border,Match at 51 in new_data list
53,Auchandi Bordr,,Not matched
