,OLD_STOPS,NEW_STOPS,OUTPUT
1,Azadpur Metro station,Azadpur Terminal,Not matched
2,Shalimar Bagh (Ring Road),Shalimar Bagh Crossing,Not matched
3,Ashok Vihar Xing,Ashok Vihar Crossing,Slightly match
4,Shalimar Bagh Richi Rich,Richi Rich Shalimar Bagh,Match
5,Prem Bari Pul,Prembari Pull,Slightly match
6,Punjab Kesari (Subhash Palace Depot),Punjab Kesari-S Palace Depot,Match
7,Wazirpur DTC Depot / Netaji Subhash Palace,Wazirpur Depot,Slightly match
8,Pitampura ND Block,Pitam Pura ND Block,Match
9,Kohat Enclave Metro Station,Kohat Enclave,Slightly match
10,VaishaliEnclave / Kapil Vihar,Vaishali Enclave,Slightly match
11,JD Block Pitam Pura,JD Blk Pitam Pura,Match
12,Madhuban Chowk Outer Ring Road,Madhuban Chowk,Slightly match
13,SaraswatiVihar C Block,Saraswati Vihar C-Block,Match
14,Kali Mata Mandir,Kali Mata Mandir,Match
15,Puspanjali Enclave,Pushpanjali Enclave,Match
16,Rohini Depot - 3,Rohini Depot 3,Match
17,Mangolpur School,Mangol Puri - Police Line,Match at 18 in new_data list
18,Mangol Pur School (Kanjhawla Road),Mangol Pur School,Slightly match
19,Mangolpur Kalan Village,Mangol Puri Kalan,Not matched
20,Avantika Xing,Avantika X-Ing,Match
21,Mangol Pur Khurd,Mangol Pur Khurd,Match
22,Mangolpuri Y Block,Y-Blk Mangol Puri,Slightly match
23,Budh Vihar,Budh Vihar,Match
24,Krishna Vihar,Krishna Vihar,Match
25,Brahm Shakti Hospital,Brham Shakti Hospital,Match
26,Pooth Kalan,Pooth Kalan,Match
27,Rohini Sec-23 Pkt-C Crossing,Rohini Sec-20-21 X-Ing,Not matched
28,Lakhi Ram Park (Rohini Sector-22),Rohini Sector-21,Slightly match
29,Begumpur,Begum Pur,Match
30,Rajiv Nagar,Rajeev Nagar,Slightly match
31,Rama Vihar,Rama Vihar,Match
32,Karala Village,Karala School,Not matched
33,Karala School,Karala,Slightly match
34,Karala Village,Desu Office Karala,Not matched
35,Desu Office,Shiv Vihar,Not matched
36,Shiv Vihar Bheem Chowk,Rupali Enclave -RS Satsang,Not matched
37,Radha Swami Satsang,Shivam Plywood,Not matched
38,Shivam Plywood,Kanjhawla Chowk,Match at 37 in new_data list
39,Kanjhawla Chowk,Nirmal Hospital,Match at 38 in new_data list
40,Nirmal Hospital,Lad Pur,Match at 39 in new_data list
41,Ladpur Village,S. Vivekanand School,Not matched
42,S. VIVEKANAND SCHOOL,Jayanti X-ing,Match at 41 in new_data list
43,Jayanti X-lng,Jounti,Not matched
44,Jonti Village,Tatesar Village,Not matched
45,Tatesar Village,Tatesar Gurukul,Match at 44 in new_data list
46,Tatesar Gurukul,Punjab Khore,Match at 45 in new_data list
47,Punjab Khor Village,Jat Khor Xing,Not matched
48,JAT KHOR,Qutab Garh,Not matched
49,Qutab Garh,Katewara Xing,Match at 48 in new_data list
50,Katewara Xing,Katevara Village,Match at 49 in new_data list
51,Katevara Village,,Match at 50 in new_data list
