,OLD_STOPS,NEW_STOPS,OUTPUT
1,Katewara Village,Katevara Village,Match
2,Katevara X-ing,Katewara Xing,Slightly match
3,Qutab Garh,Qutab Garh,Match
4,Jat Khor Vill,Jat Khor Xing,Not matched
5,PUNJAB KHOR,Punjab Khore,Match
6,Tatesar Gurukul,Tatesar Gurukul,Match
7,Tatesar Village,Tatesar Village,Match
8,Jounti,Jounti,Match
9,Jonti Crossing,Jayanti X-ing,Not matched
10,S. VIVEKANAND SCHOOL,S. Vivekanand School,Match
11,Ladpur Village,Lad Pur,Not matched
12,Nirmal Hospital,Nirmal Hospital,Match
13,Kanjhawala Chowk,Kanjhawla Chowk,Match
14,Shivam Plywood,Shivam Plywood,Match
15,Radha Swami Satsang / Rupali Enclave,Rupali Enclave -RS Satsang,Slightly match
16,Shiv vihar/Bheem chowk,Shiv Vihar,Slightly match
17,Desu Office Karala,Desu Office Karala,Match
18,Karala Crossing,Karala,Slightly match
19,Karala Village,Karala School,Not matched
20,Karala School,Rama Vihar,Match at 19 in new_data list
21,Rama Vihar,Rajeev Nagar,Match at 20 in new_data list
22,Rajeev Nagar,Begum Pur,Match at 21 in new_data list
23,Begumpur,Rohini Sector-21,Match at 22 in new_data list
24,Aggarsain Hospital (Rohini Sec 22),Rohini Sec-20-21 X-Ing,Slightly match
25,Rohini Sec 20/21 More,Pooth Kalan,Not matched
26,Pooth Kalan,Brham Shakti Hospital,Match at 25 in new_data list
27,Brahm shakti hospital,Krishna Vihar,Not matched
28,Krishna Vihar,Budh Vihar,Match at 27 in new_data list
29,Buddh vihar,Y-Blk Mangol Puri,Not matched
30,Mangol Puri Y Block,Mangol Pur Khurd,Not matched
31,Mangol Pur Khurd,Avantika X-Ing,Match at 30 in new_data list
32,Avantika Xing,Mangol Puri Kalan,Match at 31 in new_data list
33,Mangol Pur Khurd,Mangol Pur School,Match at 30 in new_data list
34,Mangolpur School,Mangol Puri - Police Line,Match at 33 in new_data list
35,Mangolpur Kalan Village,Rohini Depot 3,Not matched
36,Rohini Depot III,Pushpanjali Enclave,Not matched
37,Puspanjali Enclave,Kali Mata Mandir,Not matched
38,Kali Mata Mandir,Saraswati Vihar C-Block,Match at 37 in new_data list
39,Saraswati Vihar C Block,Madhuban Chowk,Match at 38 in new_data list
40,Madhuvan Chowk,JD Blk Pitam Pura,Not matched
41,Pitampura JD Block,Vaishali Enclave,Not matched
42,Vaishali Enclave / Kapil Vihar,Kohat Enclave,Slightly match
43,Kohat Enclave Metro Station,Pitam Pura ND Block,Not matched
44,Pitampura ND Block,Wazirpur Depot,Match at 43 in new_data list
45,Netaji Subhash Palace (Wazirpur Depot) Road No 41,Punjab Kesari-S Palace Depot,Slightly match
46,Wazirpur Depot / Subhash Place Depot,Prembari Pull,Not matched
47,Prem Bari Pull,Richi Rich Shalimar Bagh,Match at 46 in new_data list
48,Shalimar Bagh,Ashok Vihar Crossing,Not matched
49,Ashok Vihar Xing,Shalimar Bagh Crossing,Not matched
50,Shalimar Bagh Richi Rich,Azadpur Terminal,Not matched
51,Azadpur Terminal,,Match at 50 in new_data list
