,OLD_STOPS,NEW_STOPS,OUTPUT
1,Jat Khor Vill,Jat Khor,Slightly match
2,PUNJAB KHOR,Punjab Khore,Match
3,Tatesar Gurukul,Tatesar Gurukul,Match
4,Tatesar Village,Tatesar Village,Match
5,Jonti Village,Jonti,Slightly match
6,Jonti Crossing,Jounti Crossing,Match
7,S. VIVEKANAND SCHOOL,S. Vivekanand School,Match
8,Ladpur Village,Lad Pur,Not matched
9,Nirmal Hospital,Nirmal Hospital,Match
10,Kanjhawala Chowk,Kanjhawala Chowk,Match
11,Shivam Plywood,Shivam Plywood,Match
12,Radha Swami Satsang / Rupali Enclave,Rupali Enclave-RS Satsang,Slightly match
13,Shiv vihar/Bheem chowk,Shiv Vihar Bheem Chowk,Match
14,Desu Office Karala,DESU OFFICE KARALA,Match
15,Karala Crossing,Karala Crossing,Match
16,Karala Village,Karala,Slightly match
17,Karala School,Karala School,Match
18,Rama Vihar,Rama Vihar,Match
19,Rajeev Nagar,Rajiv Nagar,Slightly match
20,Begumpur,Begam Pur,Slightly match
21,Aggarsain Hospital (Rohini Sec 22),Rohini Sec-21 Pocket-1,Slightly match
22,Rohini Sec 20/21 More,Rohini Sec-20-21 X-ing,Slightly match
23,Pooth Kalan,Pooth Kalan,Match
24,Brahm shakti hospital,Bharam Shakti Hosp,Slightly match
25,Krishna Vihar,Krishna Vihar,Match
26,Buddh vihar,Budh Vihar,Match
27,Mangol Puri Y Block,Y-Blk Mangol Puri,Slightly match
28,Mangol Pur Khurd,Mangolpur khurd,Match
29,Avantika Xing,Avantika X-Ing,Match
30,Mangol Pur Khurd,Mangol Pur Kalan,Match at 28 in new_data list
31,Mangolpur School,Mangol Pur School,Match
32,Mangolpur Kalan Village,Mangol Puri - Police Line,Not matched
33,Rohini Depot III,Rohini Depot-3,Slightly match
34,Puspanjali Enclave,Pushpanjali Enclave,Match
35,Kali Mata Mandir,Kali Mata Mandir,Match
36,Saraswati Vihar C Block,C-Blk Saraswati Vihar,Slightly match
37,Madhuvan Chowk,Madhuben Chowk,Slightly match
38,Pitampura JD Block,JD Blk Pitam Pura,Slightly match
39,Vaishali Enclave / Kapil Vihar,Vaishali  Enclave,Slightly match
40,Kohat Enclave Metro Station,Kohat Enclave,Slightly match
41,Pitampura ND Block,Pitam Pura ND Block,Match
42,Netaji Subhash Palace (Wazirpur Depot) Road No 41,Wazirpur Depot,Not matched
43,Wazirpur Depot / Subhash Place Depot,Subhash Place Depot -Punjab Ke,Not matched
44,Prem Bari Pull,Prem Bari Pull,Match
45,Shalimar Bagh,Shalimar Bagh Ring Road,Slightly match
46,Ashok Vihar Xing,Ashok Vihar xing,Match
47,Shalimar Bagh Richi Rich,Shalimar Bagh Xing,Not matched
48,Azadpur Terminal,Azadpur Terminal,Match
