,OLD_STOPS,NEW_STOPS,OUTPUT
1,Badli Railway Staion,Old Delhi Railway Station,Not matched
2,Tees Hazari Animal Hospital Mori Gate,Tis Hazari Animal Hospital,Slightly match
3,Ice Factory (Roshanara Road),Ice Factory,Slightly match
4,Roshnara Road,Roshnara Road,Match
5,Roshnara Bagh,Roshnara Bagh,Match
6,Clock Tower,Clock Tower,Match
7,BIRLA MILL,Birla Mill,Match
8,Shakti Nagar Nangia Park,Shakti Nagar ,Slightly match
9,Roop Nagar / Kamla Nagar,Kamla Nagar,Slightly match
10,Banglow Road / Police Station Roop Nagar,P S Roop Nagar,Slightly match
11,Maurice Nagar II,Maurice Nagar,Match
12,Doulat Ram College,Daulat Ram College ,Match
13,Shri Ram College,Shri Ram College,Match
14,Patel Chest,Patel Chest,Match
15,Khalsa College,Khalsa College,Match
16,GTB Nagar,GTB Nagar,Match
17,New Police Lines,New Police Line,Match
18,Model Town II,Alpana Cinema,Match at 19 in new_data list
19,Model Town II,Model Town II,Match
20,Model Town III,Model Town III,Match
21,Azadpur Metro station,Azadpur ,Not matched
22,Shalimar Bagh (Ring Road),Shalimar Bagh Xing,Slightly match
23,Ashok Vihar Xing,Ashok Vihar Crossing,Slightly match
24,Shalimar Bagh Richi Rich,Richi Rich Shalimar Bagh,Match
25,Prem Bari Pul,Prem Bari Pull,Match
26,Punjab Kesari (Subhash Palace Depot),Subhash Place Depot Punjab Kesary,Match
27,Wazirpur DTC Depot / Netaji Subhash Palace,Wazirpur Depot,Slightly match
28,Pitampura ND Block,Pitam Pura ND Blk.,Match
29,Kohat Enclave Metro Station,Kohat Enclave,Slightly match
30,VaishaliEnclave / Kapil Vihar,Vashali Enclave,Slightly match
31,JD Block Pitam Pura,JD Blk Pitam Pura,Match
32,Madhuban Chowk Outer Ring Road,Madhuvan Chowk,Slightly match
33,SaraswatiVihar C Block,Saraswati Vihar C Block,Match
34,Kali Mata Mandir,Kali Mata Mandir,Match
35,Puspanjali Enclave,Pushpanjali Enclave,Match
36,Rohini Depot - 3,Rohini Depot 3,Match
37,Mangolpur School,Mangol Puri  Police Line,Match at 38 in new_data list
38,Mangol Pur School (Kanjhawla Road),Mangol Pur School,Slightly match
39,Mangol Pur Khurd,Mangol Pur Kalan,Match at 41 in new_data list
40,Avantika Xing,Avantika Xing,Match
41,Mangol Pur Khurd,Mangolpur khurd,Match
42,Mangolpuri Y Block,Y Blk Mangol Puri,Slightly match
43,Budh Vihar,Budh Vihar,Match
44,Krishna Vihar,Krishna Vihar,Match
45,Brahm Shakti Hospital,Braham Shakti Hospital,Match
46,Pooth Kalan,Pooth Kalan,Match
47,Rohini Sec-23 Pkt-C Crossing,Rohini Sec 20/21 Xing,Not matched
48,Lakhi Ram Park (Rohini Sector-22),Rohini Sector 21,Slightly match
49,Begumpur,Begam Pur,Slightly match
50,Rajiv Nagar,Rajiv Nagar,Match
51,Rama Vihar,Rama Vihar,Match
52,Karala Village,Karala School,Not matched
53,Karala School,Karala,Slightly match
54,Karala Village,Karala Crossing,Not matched
55,Desu Office,Desu Office,Match
56,Shiv Vihar Bheem Chowk,Shiv Vihar Bheem Chowk,Match
57,Radha Swami Satsang,Rupali Enclave RS Satsang,Not matched
58,Shivam Plywood,Shivam Plywood,Match
59,Kanjhawla Chowk,Kanjhawala Chowk,Match
60,Nirmal Hospital,Nirmal Hospital,Match
61,Ladpur Village,Lad Pur,Not matched
62,S. VIVEKANAND SCHOOL,S. Vivekanand School,Match
63,Jonti Crossing,Jounti Crossing,Match
64,Jonti Village,Jonti,Slightly match
65,Tatesar Village,Tatesar Village,Match
66,Tatesar Gurukul,Tatesar Gurukul,Match
67,Punjab Khor Village,Punjab Khore,Slightly match
68,JAT KHOR,Jat Khor,Match
69,QUTUB GARH,Qutab Garh,Slightly match
