,OLD_STOPS,NEW_STOPS,OUTPUT
1,Bawana JJ Colony KL- Block,Narela J.J. Colony G-7 Pkt.-4,Not matched
2,Bawana JJ Colony A-Block,Bawana JJ Colony,Slightly match
3,Bawana Village,Bawana,Slightly match
4,DSIDC Sec-1 (Bawana),DSIDC Sec-1 Bawana,Match
5,DSIDC Bawana/ Dhakewala,Dhakewala,Slightly match
6,DSIDC Office Bawana,DSIDC Bawana Sec-1,Not matched
7,Mahrishi Balmiki Hospital,Mahrishi Balmiki Hospital,Match
8,Pooth Khurd Village,Pooth Khurd ,Slightly match
9,Dharamshala Pooth Khurd,Dharamshala Pooth Khurd,Match
10,Barwala Village,Barwala ,Slightly match
11,Barwala School,Barwala Pathshala,Not matched
12,Prehladpur School,Prehlad Pur School,Match
13,Prehlad Pur,Prehlad Pur ,Match
14,Prehlad Pur Mandir,Prehlad Pur Mandir,Match
15,Shahbad Dairy,Shahbad Dairy,Match
16,Shahbad Dairy A Block,Shahbad Dairy Block A,Match
17,St. Xavier School Shahbad,St Xavier School Daulatpur,Not matched
18,Shahbad Daulatpur Gaon,Sahabad Daulatpur ,Slightly match
19,Delhi Engg College Shahbad,Delhi College of Engineering Shahbad,Slightly match
20,Shahbad Bank,Shahbad Bank,Match
21,Telephone Exchange,Telephone Exchange,Match
22,Rohini Sec. 16 Crossing,Rohini Sector-16 Xing,Not matched
23,Rohini Sec 16 (Maharaja Aggarsen Dharam Sthal),Rohini Sector-16,Not matched
24,Rohini Sector-16,Rohini Sector-18,Match
25,Rohini Sec 18 Block,Rohini Sec-18 Police Chowki,Not matched
26,Badli School,Badli School,Match
27,Badli Crossing,Badli Crossing,Match
28,GTK Bypass / Mukraba Chowk,GTK By Pass,Not matched
29,GTK Depot,G.T.K Depot,Match
30,Surajkund Crossing,Jahangir Puri Crossing,Not matched
31,Jahangir Puri Metro Station,Jahangir Puri Metro Station,Match
32,Prem Nagar,Sarai Peepal Thala,Not matched
33,Adarsh Nagar / Bharola Village,Adarsh Nagar,Slightly match
34,Sabji Mandi Azadpur,Azad Pur New Subzi Mandi,Not matched
35,Shalimar Bagh Richi Rich,Shalimar Bagh Xing,Not matched
36,Ashok Vihar Xing,Ashok Vihar Crossing,Slightly match
37,Shalimar Bagh Richi Rich,Richi Rich Shalimar Bagh,Match
38,Prem Bari Pul,Prem Bari Pull,Match
39,Punjab Kesari (Subhash Palace Depot),Subhash Place Depot ,Slightly match
40,Wazirpur Depot,Wazirpur Depot,Match
41,Telephone Exchange,Telephone Exchange,Match
42,Britannia,Britania,Match
43,Shakurpur Shiv Mandir,Shakur Pur Shiv Mandir,Match
44,Punjabi Bagh Terminal,Punjabi Bagh,Slightly match
45,New Moti Bagh B Block,New Moti nagar B-Block,Slightly match
46,Karampura Terminal,Karam Pura Terminal,Match
47,Moti Nagar Industrial Area,Moti Nagar Industrial Area,Match
48,Shadipur Depot,Shadi Pur Depot,Match
