,OLD_STOPS,NEW_STOPS,OUTPUT
1,Old Delhi Railway Station,Old Delhi Railway Station,Match
2,Tees Hazari Animal Hospital Mori Gate,Tis Hazari Animal Hospital,Slightly match
3,Ice Factory (Roshanara Road),Ice Factory,Slightly match
4,Roshnara Road,Roshnara Road,Match
5,Roshnara Bagh,Roshnara Bagh,Match
6,Clock Tower,Clock Tower,Match
7,BIRLA MILL,Birla Mill,Match
8,Roop Nagar / Shakti Nagar (GT Road),Shakti Nagar ,Slightly match
9,Karol Bagh Metro Station,Roop Nagar,Not matched
10,Gur Mandi,Gur Mandi,Match
11,Rana Pratap Bagh,R.P. Bagh,Slightly match
12,Gurudwara Nanak Pyau,Gurudwara Nanak Pyau,Match
13,State Bank Colony,SBI Colony,Slightly match
14,Harmilap Mission,Harmilap Mission,Match
15,Telephone Exchange,Telephone Exchange,Match
16,Gujranwala Town,Gujranwala Town,Match
17,Bara Bagh,Bara Bagh,Match
18,Azadpur Terminal,Azadpur Terminal,Match
19,Sabji Mandi Azadpur,Azad Pur Nai Subzi Mandi,Not matched
20,Adarsh Nagar / Bharola Village,Adarsh Nagar,Slightly match
21,Prem Nagar,Sarai Peepal Thala,Not matched
22,Jahangir Puri Metro Station,Jahangir Puri Metro Station,Match
23,Jahangir Puri Metro Station,Jahangir Puri Crossing,Match at 22 in new_data list
24,GTK Depot,G.T.K Depot,Match
25,GTK Bypass / Mukraba Chowk,GTK By Pass,Not matched
26,Badli Crossing,Badli X-ing,Not matched
27,Badli School,Badli School,Match
28,Rohini Sec 18 Block,Rohini Sec 18,Match
29,Rohini Sec 18,Petrol Pump,Match at 28 in new_data list
30,Rohini Sector-16,Sec 18 Police Chowki,Not matched
31,Rohini Sec.-16 Crossing,Rohini Depot 4,Not matched
32,Telephone Exchange,Sardar Colony,Match at 15 in new_data list
33,Shahbad Bank,Rohini sec 16 Xing,Not matched
34,Engineering College,Delhi College of Engineering Shahbad,Slightly match
35,Shahbad Daulatpur Gaon,Sahabad Daulatpur ,Slightly match
36,St Xavier School,St Xavier School Daulatpur,Slightly match
37,Shahbad Dairy Block A,Shahbad Dairy Block A,Match
38,Shahbad Dairy,Shahbad Dairy,Match
39,Prehlad Pur Mandir,Prehlad Pur Mandir,Match
40,Prehlad Pur,Prehlad Pur ,Match
41,Prehladpur School,Prehlad Pur School,Match
42,Barwala School,Jain Colony,Not matched
43,Barwala Village,Barwala Pathshala,Not matched
44,DHARAMSHALA POOTH KHURD,Barwala ,Match at 45 in new_data list
45,Pooth Khurd village,Dharamshala Pooth Khurd,Match at 46 in new_data list
46,Mahrishi Balmiki Hospital,Pooth Khurd village,Match at 47 in new_data list
47,DSIDC Office Bawana,Mahrishi Balmiki Hospital,Match at 50 in new_data list
48,Dhakewala Bawana,Dhakewala,Slightly match
49,Dsidc Sec  1,DSIDC Sec-1(Bawana),Slightly match
50,Bawana Village,DSIDC Office Bawana,Not matched
51,Bawana JJ Colony A-Block,Bawana School,Slightly match
52,Bawana JJ Colony KL- Block,DSIDC Sec-1,Match at 55 in new_data list
53,,Bawana,
54,,Bawana JJ Colony A-Block,
55,,Bawana JJ Colony KL- Block,
