,OLD_STOPS,NEW_STOPS,OUTPUT
1,Old Delhi Railway Station,Old Delhi Railway Station,Match
2,Tees Hazari Animal Hospital Mori Gate,Tis Hazari Animal Hospital,Slightly match
3,Ice Factory (Roshanara Road),Ice Factory,Slightly match
4,Roshnara Road,Roshnara Road,Match
5,Roshnara Bagh,Roshnara Bagh,Match
6,Clock Tower,Clock Tower,Match
7,Shakti Nagar,Birla Mill,Match at 8 in new_data list
8,Karol Bagh Metro Station,Shakti Nagar ,Not matched
9,Gur Mandi,Roop Nagar,Match at 10 in new_data list
10,Rana Pratap Bagh,Gur Mandi,Not matched
11,Gurudwara Nanak Pyau,R.P. Bagh,Match at 12 in new_data list
12,State Bank Colony,Gurudwara Nanak Pyau,Not matched
13,Harmilap Mission,SBI Colony,Match at 14 in new_data list
14,Gujranwala Town,Harmilap Mission,Match at 16 in new_data list
15,Bara Bagh,Telephone Exchange,Match at 17 in new_data list
16,Harijan Basti,Gujranwala Town,Not matched
17,Azadpur Terminal,Bara Bagh,Match at 18 in new_data list
18,Sabji Mandi Azadpur,Azadpur Terminal,Not matched
19,Adarsh Nagar / Bharola Village,Azad Pur Nai Subzi Mandi,Not matched
20,Sarai Pipal Thala,Adarsh Nagar,Not matched
21,Udyog Nagar,Sarai Peepal Thala,Not matched
22,Jahangir Puri Metro Station,Jahangir Puri Metro Station,Match
23,GTK Depot,Jahangir Puri Crossing,Match at 24 in new_data list
24,GTK Bypass / Mukraba Chowk,G.T.K Depot,Not matched
25,Badli Crossing,GTK By Pass,Not matched
26,PS Badli,Badli X-ing,Not matched
27,Haider Pur Water Work,Badli School,Not matched
28,Rohini Sec-18,Rohini Sec 18,Match
29,Rohini Sec-17 Crossing,Petrol Pump,Not matched
30,Delhi Engg College Shahbad,Sec 18 Police Chowki,Not matched
31,Shahbad Daulatpur Gaon,Rohini Depot 4,Not matched
32,Shahbad Daulatpur School,Sardar Colony,Not matched
33,St Xavier School,Rohini sec 16 Xing,Not matched
34,Shahbad Dairy Block A,Delhi College of Engineering Shahbad,Not matched
35,Shahbad Dairy,Sahabad Daulatpur ,Match at 38 in new_data list
36,Prehlad Pur Mandir,St Xavier School Daulatpur,Match at 39 in new_data list
37,Prehladpur Village,Shahbad Dairy Block A,Not matched
38,Prehladpur School,Shahbad Dairy,Match at 41 in new_data list
39,Jain Colony,Prehlad Pur Mandir,Match at 42 in new_data list
40,Barwala School,Prehlad Pur ,Not matched
41,Barwala Village,Prehlad Pur School,Not matched
42,Sultan Pur Crossing / Poothkhurd,Jain Colony,Not matched
43,Pooth Khurd Village,Barwala Pathshala,Match at 46 in new_data list
44,Dharamshala Pooth Khurd,Barwala ,Match at 45 in new_data list
45,Pooth Khurd Hospital,Dharamshala Pooth Khurd,Not matched
46,DSIDC Bawana/ Dhakewala,Pooth Khurd village,Not matched
47,DSIDC Sec-1 (Bawana),Mahrishi Balmiki Hospital,Match at 49 in new_data list
48,DSIDC Office Bawana,Dhakewala,Match at 50 in new_data list
49,Bawana School,DSIDC Sec-1(Bawana),Match at 51 in new_data list
50,Bawana Village,DSIDC Office Bawana,Match at 53 in new_data list
51,Bawana Depot,Bawana School,Match at 54 in new_data list
52,PS Bawana,DSIDC Sec-1,Not matched
53,Dariyapur Kalan School Bawana,Bawana Village,Not matched
54,Dariyapur Gaon,Bawana Depot,Not matched
55,Bajitpur Mandir,Bawana Thana,Not matched
56,,Darya Pur School,
57,,Darya Pur Village,
58,,Bajit Pur Village,
