,OLD_STOPS,NEW_STOPS,OUTPUT
1,Kendriya Terminal (Church Road),Kendriya Terminal,Slightly match
2,NDPO,NDPO,Match
3,Gurudwara Bangla Sahib,Gurudwara Bangla Sahib,Match
4,Palika Kender,Palika Kendra,Match
5,Regal,Regal,Match
6,Shivaji Park,Shivaji Park,Match
7,Vivekanand Marg / Minto Road,Vivekanand Marg,Slightly match
8,Vivekanand Marg / Minto Road,Vivekanand Marg,Slightly match
9,JLN Marg,Jawahar Lal Nehru Marg,Not matched
10,Zakir Husain College,Zakir Hussain College,Match
11,Turkman Gate / G B Pant Hosipatal,Turkman Gate,Slightly match
12,Delite Cinema,Delight Cinema,Slightly match
13,Delhi Gate,Delhi Gate,Match
14,Golcha Cinema,Golcha Cinema,Match
15,Darya Ganj,Darya Ganj,Match
16,Subhash Park,Subhash Park,Match
17,Jama Masjid,Jama Masjid,Match
18,Red Fort,Red Fort,Match
19,GPO,G P O Kasmiri Gate,Not matched
20,Guru Govind Singh University (Kashmere Gate),GGS University,Not matched
21,ISBT Kashmere Gate,ISBT Kashmere Gate,Match
22,ISBT Nityanand Marg,ISBT Nityanand Marg,Match
23,Ludlow Castle,Ludlow Castle School,Slightly match
24,Exchange Store / Civil Lines Metro Station,Civil Line Metro Station,Slightly match
25,IP College (GT Road),I P College,Slightly match
26,Old Secretariat (Postal Account Office),Old Secretriate,Slightly match
27,Vidhan Sabha Metro Station,Vidhan sabha metro station,Match
28,Khyber Pass,Khyber Pass,Match
29,Mall Road,Mall Road Ring Road,Slightly match
30,Vishwa Vidyalaya Metro Station,Vishva vidyalaya metro station,Match
31,INS Hostel,INS Hostel,Match
32,GTB Nagar,G.T.B Nagar,Match
33,New Police Lines,New Police Line,Match
34,Model Town II,Alpana Cinema,Match at 35 in new_data list
35,Model Town II,Model Town-II,Match
36,Model Town III,Model Town-III,Match
37,Azadpur Terminal,Azadpur Terminal,Match
38,Sabji Mandi Azadpur,Azad Pur Nai Subzi Mandi,Not matched
39,Adarsh Nagar / Bharola Village,Adarsh Nagar,Slightly match
40,Sarai Peepal Thala,Sarai Peepal Thala,Match
41,Jahangirpuri GT Road,Jahangir Puri Metro Station,Not matched
42,Jahangir Puri Metro Station,Jahangir Puri Crossing,Match at 41 in new_data list
43,GTK Depot,G.T.K Depot,Match
44,G.T.K BY PASS,G.T.K By Pass,Match
45,Sanjay Gandhi Transport Nagar,Sanjay Gandhi Transport Nagar,Match
46,Libas Pur GT Road,Libas Pur GT Road,Match
47,Swaroop Nagar GT Road,Swaroop Nagar,Slightly match
48,Gurudwara Siraspur GT Road,Gurudwara,Slightly match
49,Nangli Puna,Nangli Punam,Match
50,Jain Mandir,Jain Mandir,Match
51,Budhpur GT Road,Budhpur ,Slightly match
52,Bdo Office,Alipur Blk.(BDO Office),Slightly match
53,Alipur Village GT Road,Alipur GT Road,Slightly match
54,Alipur Cpwd Office,CPWD Office Ali Pur,Match
55,Bakauli Crossing,Bakauli crossing,Match
56,Bakoli,Bakoli,Match
57,Khampur Village,Khampur,Slightly match
58,Tikri Khurd Crossing / AMPC,Tikri Khurd Xing,Slightly match
59,Singhola Crossing,Singhola,Slightly match
60,Singhu Village Crossing,Singhu Village Crossing,Match
61,Singhu Border GT Road,Singhu Border,Slightly match
62,Sec A 5 and 8 Narela Desu Colony,Desu Colony ,Slightly match
63,Kanya Gurukul Narela,Kanya Gurukul Gausala,Slightly match
64,Sec A 5 Crossing Narela,A-5 Narela Xing,Slightly match
65,RAM DEV CHOWK,Ramdev Chowk,Match
66,Sec A-9 Narela,A-9 Narela,Match
67,S.Raja Harish Chander Hospital,S.Raja Harish Chander Hospital,Match
68,Muneem Ji Ka Bagh,Muneem Ji Ka Bagh,Match
69,New Anaj Mandi,New Anaj Mandi ,Match
70,Kurani More,Kureni ,Not matched
71,narela railway xing,Narela Railway Xing,Match
72,BAL BICHU GHAR,Bal Bichu Ghar,Match
73,Swatantra Ngr,Swatantra nagar,Match
74,Maharaja Agrassen School,Maharaja Aggrasen Public School,Slightly match
75,Bharat Mata School,Bharat Mata Public School,Match
76,Vishal Bagh,Vishal Bagh,Match
77,Sannoth Crossing / Ghoga Crossing,Sannoth Xing,Not matched
78,Ghoga Village,Ghoga Village,Match
