,OLD_STOPS,NEW_STOPS,OUTPUT
1,Nand Nagari Terminal,Mori Gate Terminal,Not matched
2,ISBT Nityanand Marg,ISBT Nityanand Marg,Match
3,Ludlow Castle,Ludlow Castle School,Slightly match
4,Exchange Store / Civil Lines Metro Station,Civil Line Metro Station,Slightly match
5,IP College (GT Road),I P College,Slightly match
6,Old Secretariat (Postal Account Office),Old Sectariate,Slightly match
7,Vidhan Sabha Metro Station,Vidhan Sabha Metro Station,Match
8,Khyber Pass,Kheber pass,Match
9,Mall Road,Mall Road Ring Road,Slightly match
10,Vishwa Vidyalaya Metro Station,Vishwa vidyalaya metro station,Match
11,INS Hostel,INS Hostel,Match
12,GTB Nagar,GTB Nagar,Match
13,New Police Lines,New police line,Match
14,Model Town II,Alpana Cinema,Not matched
15,Model Town II,Model Town 2,Slightly match
16,Model Town III,Model Town 3,Slightly match
17,Azadpur Terminal,Azadpur Terminal,Match
18,Sabji Mandi Azadpur,Azad Pur New Subzi Mandi,Not matched
19,Adarsh Nagar / Bharola Village,Adarsh Nagar,Slightly match
20,Sarai Peepal Thala,Sarai Peepal Thala,Match
21,Jahangirpuri GT Road,Jahangir Puri Metro Station,Not matched
22,Jahangir Puri Metro Station,Jahangir Puri Crossing,Match at 21 in new_data list
23,GTK Depot,G.T.K Depot,Match
24,G.T.K BY PASS,G.T.K By Pass,Match
25,Sanjay Gandhi Transport Nagar,Sanjay Gandhi Transport Nagar,Match
26,Libas Pur GT Road,Libas Pur GT Road,Match
27,Swaroop Nagar GT Road,Swaroop Nagar,Slightly match
28,Gurudwara Siraspur GT Road,Gurudwara,Slightly match
29,Nangli Puna,Nangli Punam,Match
30,Jain Mandir,Jain Mandir,Match
31,Budhpur GT Road,Budhpur,Slightly match
32,Bdo Office,Alipur Block BDO Office,Slightly match
33,Alipur Village GT Road,Ali Pur GT Road,Not matched
34,Alipur Cpwd Office,CPWD Office Ali Pur,Match
35,Bakauli Crossing,Bakauli crossing,Match
36,Bakoli,Bakoli,Match
37,Khampur Village,Khampur,Slightly match
38,Tikri Khurd Crossing / AMPC,Tikri Khurd Xing,Slightly match
39,80' road (singola village),80' Road (Singola Village),Match
40,dsidc flats,DSIDC Flats,Match
41,Narela Terminal,Poket B-2 Chowk Narela,Match at 48 in new_data list
42,narela sector 5/6 crossing,Pocket B-4 Narela,Slightly match
43,S.Raja Harish Chander Hospital,S Raja Harischandra Hospital,Match
44,Muneem Ji Ka Bagh,Muneem Ka Bagh,Match
45,New Anaj Mandi,New Anaj Mandi,Match
46,Kurani More,Kureni Village,Not matched
47,Old Anaj Mandi,Narela Mandi,Not matched
48,Narela Terminal,Narela Terminal,Match
