,OLD_STOPS,NEW_STOPS,OUTPUT
1,Sabha Pur Village,Palla Village,Not matched
2,Taj Pur More,Taj Pur More,Match
3,Akbar Pur Majra Crossing,Akbar Pur Majra,Slightly match
4,Bakhtawar Pur Garhi,Bakhtawar Pur Garhi,Match
5,Bakhtawar Pur Primary School,Bakhtawar Pur Village,Not matched
6,Bakhtawar Pur Garhi,Bakhtawar Pur School,Not matched
7,jaipur golden transport,Jaipur Golden Transport,Match
8,Palla Xing,Palla Crossing,Not matched
9,Bakauli Crossing,Bakauli Crossing,Match
10,Pwd Office,CPWD Office Alipur,Not matched
11,Alipur Village GT Road,Alipur GT Road,Slightly match
12,Bdo Office,Alipur Blk.(BDO Office),Slightly match
13,Budhpur GT Road,Budhpur,Slightly match
14,Jain Mandir,Jain Mandir,Match
15,Nangli Puna,Nangli Punam,Match
16,Gurudwara Siraspur GT Road,Gurudwara,Slightly match
17,Swaroop Nagar GT Road,Swaroop Nagar,Slightly match
18,Libas Pur GT Road,Libas Pur GT Road,Match
19,Sanjay Gandhi Transport Nagar,Sanjay Gandhi Transport Nagar,Match
20,GTK Bypass / Mukraba Chowk,GTK By Pass,Not matched
21,GTK Depot,G.T.K Depot,Match
22,Jahangir Puri Outer Ring Road,Jahangir Puri Xing,Slightly match
23,Jahangir Puri Metro Station,Jahangir Puri Metro Station,Match
24,Sarai Pipal Thala,Sarai Pipal Thala,Match
25,Adarsh Nagar Metro Station,Adarsh Nagar,Slightly match
26,New Sabzi Mandi,New Sabzi Mandi Azad Pur,Slightly match
27,Ali Pur Gt Road,Azad Pur GT Road,Slightly match
28,Bara Bagh,Bara Bagh,Match
29,Gujranwala Town,Gujranwala Town,Match
30,Telephone Exchange,Telephone Exchange,Match
31,Harmilap Mission,Harmilap Mission,Match
32,State Bank Colony,SBI Colony,Slightly match
33,Gurudwara Nanak Pyau,Gurudwara Nanak Pyau,Match
34,Rana Pratap Bagh,Rana Pratap Bagh,Match
35,Gur Mandi,Gur Mandi,Match
36,Kamla Nagar/ Roop Nagar,Roop Nagar,Slightly match
37,Shakti Nagar,Shakti Nagar,Match
38,Clock Tower,Clock Tower,Match
39,Roshnara Bagh,Roshnara Bagh,Match
40,Roshnara Road,Roshnara Road,Match
41,Ice Factory,Ice Factory,Match
42,St Stephen Hospital,St Stephen Hospital,Match
43,Tees Hazari Court,Tis Hazari Court,Match
44,ISBT Nityanand Marg,ISBT Nitya nand Marg,Match
45,ISBT Kashmiri Gate,ISBT Kashmiri Gate,Match
46,Guru Govind Singh University (Kashmere Gate),GGS IP University,Slightly match
47,GPO,GPO K. Gate,Not matched
48,Old Delhi Railway Station (Fatehpuri),Old Delhi Railway Station,Match
