,OLD_STOPS,NEW_STOPS,OUTPUT
1,Old Delhi Railway Station,Old Delhi Railway Station,Match
2,Tees Hazari Animal Hospital Mori Gate,Tis Hazari Animal Hospital,Slightly match
3,Ice Factory (Roshanara Road),Ice Factory,Slightly match
4,Roshnara Road,Roshnara Road,Match
5,Roshnara Bagh,Roshnara Bagh,Match
6,Clock Tower,Clock Tower,Match
7,BIRLA MILL,Birla Mill,Match
8,Roop Nagar / Shakti Nagar (GT Road),Shakti Nagar ,Slightly match
9,Roop Nagar (GT Road),Rup Nagar,Slightly match
10,Gur Mandi,Gur Mandi,Match
11,Rana Pratap Bagh,R.P. Bagh,Slightly match
12,Gurudwara Nanak Pyau,Gurudwara Nanak Pyau,Match
13,State Bank Colony,SBI Colony,Slightly match
14,Harmilap Mission,Harmilap Mission,Match
15,Telephone Exchange,Telephone Exchange,Match
16,Gujranwala Town,Gujranwala Town,Match
17,Bara Bagh,Bara Bagh,Match
18,Azadpur Terminal,Azadpur Terminal,Match
19,Shalimar Bagh AE Block,A Block Shalimar Bagh,Match
20,Shalimar Bagh BA Block,B-Blk Shalimar Bagh,Slightly match
21,Shalimar Bagh AE Block,AE-BLK Shalimar Bagh,Slightly match
22,Shalimar Bagh BA Block,Shalimar Bagh Community Centre,Not matched
23,Shalimar Bagh BH Block,BH-Blk Shalimar Bagh ,Slightly match
24,Shalimar Bagh Desu Colony,Shalimar Bagh Desu Cly.,Match
25,Shalimar Village,Shalimar Village,Match
26,Ayurvedic Hospital,Ayurvedic Hospital,Match
27,Haider Pur Village,Haider Pur Village,Match
