,OLD_STOPS,NEW_STOPS,OUTPUT
1,Khera Khurd,Khera Khurd,Match
2,Khera Kalan Gaon,Khera  Kalan,Match
3,Khera Garhi,Khera Garhi School,Slightly match
4,siraspur village crossing,Nangli Puna,Not matched
5,siraspur village,Siraspur Gurudwara,Not matched
6,Swaroop Nagar GT Road,Swaroop Nagar,Slightly match
7,Libas Pur GT Road,Libas Pur GT Road,Match
8,GTK Bypass / Mukraba Chowk,GTK By Pass,Not matched
9,GTK Depot,GTK Depot,Match
10,Jahangir Puri Outer Ring Road,Jahangir Puri Crossing,Not matched
11,Jahangir Puri Metro Station,Jahangir Puri Metro Station,Match
12,Sarai Pipal Thala,Sarai Pipal Thala,Match
13,Adarsh Nagar Metro Station,Adarsh Nagar,Slightly match
14,New Sabzi Mandi,Azad Pur Nai Subzi Mandi,Slightly match
15,Ali Pur Gt Road,Azad Pur,Not matched
16,Bara Bagh,Bara Bagh,Match
17,Gujranwala Town,Gujarawala Town ,Match
18,Telephone Exchange,Telephone Exchange,Match
19,Harmilap Mission,Har Milap Mission,Match
20,Gurudwara Nanak Pyau,Nanak Piou,Slightly match
21,Rana Pratap Bagh,Maharana Partap Bagh,Slightly match
22,Gur Mandi,Gur Mandi ,Match
23,Kamla Nagar/ Roop Nagar,Roop Nagar,Slightly match
24,Shakti Nagar,Shakti Nagar,Match
25,Clock Tower,Clock Tower,Match
26,Roshnara Bagh,Roshanara Bagh,Match
27,Roshnara Road,Roshanara Road,Match
28,Ice Factory (Rani Jhansi Road),Ice Factory,Slightly match
29,St Stephen Hospital,St.Stephen's Hosp.,Slightly match
30,Mori Gate Terminal,Mori Gate Terminal,Match
