,OLD_STOPS,NEW_STOPS,OUTPUT
1,Old Delhi Railway Station,Old Delhi Railway Station,Match
2,GPO,GPO K.Gate,Not matched
3,Guru Govind Singh University (Kashmere Gate),GGS IP University,Slightly match
4,ISBT Kashmere Gate,ISBT K.Gate,Slightly match
5,Tees Hazari Court,Tis Hazari Court,Match
6,St Stephen Hospital,St.Stephen's Hosp.,Slightly match
7,Ice Factory (Roshanara Road),Ice Factory,Slightly match
8,Roshnara Road,Roshnara Road,Match
9,Roshnara Bagh,Roshnara Bagh,Match
10,Clock Tower,Clock Tower,Match
11,BIRLA MILL,Birla Mill,Match
12,Roop Nagar / Shakti Nagar (GT Road),Shakti Nagar ,Slightly match
13,Roop Nagar (GT Road),Rup Nagar,Slightly match
14,Gur Mandi,Gur Mandi,Match
15,Rana Pratap Bagh,R.P. Bagh,Slightly match
16,Gurudwara Nanak Pyau,Gurudwara Nanak Pyau,Match
17,Sbi Colony,SBI Colony,Match
18,Harmilap Ashram,Harmilap Mission,Not matched
19,Telephone Exchange,Telephone Exchange,Match
20,Gujranwala Town,Gujranwala Town,Match
21,Bara Bagh,Bara Bagh,Match
22,Azadpur Terminal,Azadpur Terminal,Match
23,Sabji Mandi Azadpur,Azad Pur Nai Subzi Mandi,Not matched
24,Adarsh Nagar / Bharola Village,Adarsh Nagar,Slightly match
25,Sarai Peepal Thala,Sarai Peepal Thala,Match
26,Jahangirpuri GT Road,Jahangir Puri Metro Station,Not matched
27,Jahangir Puri Metro Station,Jahangir Puri Crossing,Match at 26 in new_data list
28,GTK Depot,G.T.K Depot,Match
29,G.T.K BY PASS,G.T.K By Pass,Match
30,Sanjay Gandhi Transport Nagar,Sanjay Gandhi Transport Nagar,Match
31,Libas Pur GT Road,Libas Pur GT Road,Match
32,Swaroop Nagar GT Road,Swaroop Nagar,Slightly match
33,Gurudwara Siraspur GT Road,Gurudwara,Slightly match
34,Nangli Puna,Nangli Punam,Match
35,Jain Mandir,Jain Mandir,Match
36,Budhpur GT Road,Budhpur ,Slightly match
37,Bdo Office,Alipur Blk.(BDO Office),Slightly match
38,Alipur Village GT Road,Alipur GT Road,Slightly match
39,Alipur Cpwd Office,CPWD Office Ali Pur,Match
40,Bakauli Crossing,Bakauli crossing,Match
41,Bakoli,Bakoli,Match
42,Khampur Village,Khampur,Slightly match
43,Tikri Khurd Crossing / AMPC,Tikri Khurd Xing,Slightly match
44,Singhola Crossing,Singhola,Slightly match
45,Singhu Village Crossing,Singhu Village Crossing,Match
46,Singhu Border GT Road,Singhu Border,Slightly match
47,Sec A 5 and 8 Narela Desu Colony,Desu Colony ,Slightly match
48,Kanya Gurukul Narela,Kanya Gurukul Gausala,Slightly match
49,Sec A 5 Crossing Narela,A-5/6 Narela X-ing,Not matched
50,Sec A 5 Crossing Narela,A-5 Narela,Slightly match
51,Police Colony Narela,Police Colony,Slightly match
52,RAM DEV CHOWK,Ram Dev Chowk,Match
53,Sec A-9 Narela,A-9 Narela,Match
54,S.Raja Harish Chander Hospital,S.Raja Harish Chander Hospital,Match
55,Muneem Ji Ka Bagh,Muneem Ji Ka Bagh,Match
56,New Anaj Mandi,New Anaj Mandi ,Match
57,Kurani More,Kureni,Not matched
58,Old Anaj Mandi,Old Anaj Mandi,Match
59,Narela Terminal,Narela Terminal,Match
60,Sec A-9 and A-6 Narela,Narela Hospital,Not matched
61,New Basti Bankner,New Bakner Basti,Match
62,Bankner Village,Bankner Village,Match
63,Sarvodaya Vidyalaya Bankner,Bankner School,Slightly match
64,Lampur School,Lampur School,Match
65,Lampur Village,Lampur Village,Match
66,Lampur Border,Lampur Border,Match
