,OLD_STOPS,NEW_STOPS,OUTPUT
1,NARELA RAILWAY X-ING,NARELA TERMINAL,Match at 8 in new_data list
2,P.S. NARELA,P.S. NARELA,Match
3,RAM DEV CHOWK,RAM DEV CHOWK,Match
4,Sec A-9 Narela,NARELA A-9,Match
5,S.Raja Harish Chander Hospital,RAJA HARISH CHAND HOSP.,Slightly match
6,Muneem Ji Ka Bagh,MUNIMJI KA BAGH,Slightly match
7,NARELA NEW ANAJ MANDI,NARELA NEW ANAJ MANDI,Match
8,NARELA RAILWAY X-ING,NARELA RAILWAY X-ING,Match
9,Vishal Bagh,VISHAL BAGH,Match
10,netra heen ashram,Netra Heen Ashram,Match
11,sanoth  crossing,Sanoth  Crossing,Match
12,pfa gau shala,PFA Gau Shala,Match
13,GHOGA AIR FORCE STATION,Ghoga Air Force Station,Match
14,ashthal colony,Ashthal Colony,Match
15,Bawana Village,Bawana Village,Match
16,Bawana School,Bawana Primary School,Slightly match
17,DSIDC Bawana/ Dhakewala,DSIDC Office (Bawana),Not matched
18,DSIDC Office Bawana,DSIDC Sec-1(Bawana),Not matched
19,DSIDC Bawana/ Dhakewala,Dhakewala,Slightly match
20,MRB Hospital,MRB Hospital,Match
21,Pooth Khurd,Dharamshala Pooth Khurd,Slightly match
22,Poothkhurd Village,Pooth  Khurd Village,Match
23,Sultan Pur Crossing / Poothkhurd,Sultan Pur Crossing,Slightly match
24,Barwala Village,Barwala Village,Match
25,Barwala School,Barwala School,Match
26,Jain Colony,Jain Colony,Match
27,Prehladpur School,Prehlad Pur School,Match
28,Prehladpur Village,Prehlad Pur Village,Match
29,Prehlad Pur Mandir,Prehlad Pur Mandir,Match
30,Shahbad Dairy,Shahbad Dairy,Match
31,Shahbad Dairy A Block,A-Blk Shahbad Dairy ,Slightly match
32,St. Xavier School Shahbad,St. Xaviour School Shahbad Daulat Pur village,Slightly match
33,Shahbad Dairy Block A,Shahbad Bank,Slightly match
34,Shahbad Daulatpur Gaon,Shahbad Daulat Pur Village,Not matched
35,Delhi Engg College Shahbad,Delhi College of Engineering Shahbad,Slightly match
36,Rohini Sec-16 Xing,Rohini Sec.-16 Crossing,Slightly match
37,Rohini Sec 16 (Maharaja Aggarsen Dharam Sthal),Rohini Sec.-16,Not matched
38,Rohini Sec 17A and 16,Rohini Sec.-17,Slightly match
39,Rohini Sec-11 (Aggarwal Sabha),Rohini Sec.-11,Slightly match
40,Rohini Depot-II,Rohini Depot -2,Slightly match
41,guru  nanak training school,Guru  Nanak Training School,Match
42,ESI Hospital,ESI Hospital Rohini ,Slightly match
43,rohini sec.-14,Rohini Sec.-13 Crossing,Slightly match
44,anubhav  appartment,Anubhav  Appartment,Match
45,rohini sec.-14,Rohini Sec.-14 ,Match
46,Prashant Vihar F-Block,Prashant Vihar,Slightly match
47,Haidarpur Water Works,Haider Pur Water Work,Slightly match
48,Badli Crossing,Badli Village,Not matched
49,GTK Bypass / Mukraba Chowk,GTK By Pass,Not matched
50,GTK Depot,GTK Depot,Match
51,Jahangir Puri Outer Ring Road,Jahangir Puri Crossing,Not matched
52,Sarai Pipal Thala,Sarai Pipal Thala,Match
53,Adarsh Nagar Metro Station,Adarsh Nagar,Slightly match
54,New Sabzi Mandi,Azad Pur Nai Subzi Mandi,Slightly match
55,Ali Pur Gt Road,Azad Pur GT Road,Slightly match
56,Bara Bagh,Bara Bagh,Match
57,Gujranwala Town,Gujarawala Town ,Match
58,Telephone Exchange,Telephone Exchange Shakti Nagar,Slightly match
59,Harmilap Mission,Har Milap Mission,Match
60,State Bank Colony,State Bank Cly,Slightly match
61,Gurudwara Nanak Pyau,Nanak Piou,Slightly match
62,Rana Pratap Bagh,Rana Partap Bagh,Match
63,Gur Mandi,Gur Mandi ,Match
64,Kamla Nagar/ Roop Nagar,Roop Nagar,Slightly match
65,Shakti Nagar,Shakti Nagar,Match
66,Clock Tower,Clock Tower,Match
67,Roshnara Bagh,Roshanara Bagh,Match
68,Roshnara Road,Roshanara Road,Match
69,Ice Factory (Rani Jhansi Road),Ice Factory,Slightly match
70,St Stephen Hospital,St.Stephen's Hosp.,Slightly match
71,Tees Hazari Court,Tis Hazari Court,Match
72,Mori Gate Terminal,Mori Gate Terminal,Match
