,OLD_STOPS,NEW_STOPS,OUTPUT
1,Hamid Pur,Hamid Pur,Match
2,Bakauli Vill,Bakauli Village,Slightly match
3,Bakauli Crossing,Bakauli Crossing,Match
4,Pwd Office,CPWD Office,Slightly match
5,Ali Pur Gt Road,Alipur GT Road,Match
6,Bdo Office,Alipur Blk.(BDO Office),Slightly match
7,Budhpur GT Road,Budh Pur Village,Not matched
8,Jain Mandir,Jain Mandir,Match
9,Nangli Puna,Nangli Poonam,Slightly match
10,Swaroop Nagar GT Road,Swaroop Nagar,Slightly match
11,Libas Pur GT Road,Libas Pur GT Road,Match
12,GTK Bypass / Mukraba Chowk,GTK By Pass,Not matched
13,GTK Depot,GTK Depot,Match
14,Surajkund Crossing,Jahangir Puri Crossing,Not matched
15,Prem Nagar,Sarai Pipal Thala,Not matched
16,Adarsh Nagar / Bharola Village,Adarsh Nagar,Slightly match
17,Sabji Mandi Azadpur,Azad Pur Nai Subzi Mandi,Not matched
18,Azadpur,Azad Pur GT Road,Not matched
19,Bara Bagh,Bara Bagh,Match
20,Gujranwala Town,Gujarawala Town ,Match
21,Telephone Exchange,Telephone Exchange,Match
22,Harmilap Mission,Har Milap Mission,Match
23,State Bank Colony,State Bank Cly,Slightly match
24,Gurudwara Nanak Pyau,Nanak Piou,Slightly match
25,Rana Pratap Bagh,Rana Partap Bagh,Match
26,Gur Mandi,Gur Mandi ,Match
27,Karol Bagh Metro Station,Roop Nagar,Not matched
28,Shakti Nagar,Shakti Nagar,Match
29,Clock Tower,Clock Tower,Match
30,Roshnara Bagh,Roshanara Bagh,Match
31,Roshnara Road,Roshanara Road,Match
32,Ice Factory (Roshanara Road),Ice Factory,Slightly match
33,St Stephen Hospital,St. Stephen's Hospital,Match
34,Tees Hazari Court,Tis Hazari Court,Match
35,ISBT Nityanand Marg,ISBT Nityanand Marg,Match
36,ISBT Kashmere Gate (Lothian Road),ISBT K. Gate,Slightly match
37,Guru Govind Singh University (Kashmere Gate),GGS IP University,Slightly match
38,GPO,GPO Kashmere Gate,Not matched
39,Old Delhi Railway Station,Old Delhi Railway Station ,Match
