,OLD_STOPS,NEW_STOPS,OUTPUT
1,Old Delhi Railway Station,Old Delhi Railway Station,Match
2,Tees Hazari Animal Hospital Mori Gate,Tees Hazari-Animal Hospital,Match
3,Ice Factory (Roshanara Road),Ice Factory,Slightly match
4,Roshnara Road,Roshanara Road,Match
5,Roshnara Bagh,Roshanara Bagh,Match
6,Clock Tower,Clock Tower,Match
7,Shakti Nagar,Shakti Nagar,Match
8,Karol Bagh Metro Station,Roop Nagar,Not matched
9,Gur Mandi,Gur Mandi ,Match
10,Rana Pratap Bagh,Rana Partap Bagh,Match
11,Gurudwara Nanak Pyau,Nanak Piou,Slightly match
12,State Bank Colony,State Bank Cly,Slightly match
13,Harmilap Mission,Har Milap Mission,Match
14,Telephone Exchange,Telephone Exchange,Match
15,Gujranwala Town,Gujarawala Town ,Match
16,Bara Bagh,Bara Bagh,Match
17,Azadpur Terminal,Azad Pur GT Road,Not matched
18,Sabji Mandi Azadpur,Azad Pur Nai Subzi Mandi,Not matched
19,Adarsh Nagar / Bharola Village,Adarsh Nagar,Slightly match
20,Prem Nagar,Sarai Pipal Thala,Not matched
21,Surajkund Crossing,Jahangir Puri Crossing,Not matched
22,GTK Depot,GTK Depot,Match
23,GTK Bypass / Mukraba Chowk,GTK By Pass,Not matched
24,Libas Pur GT Road,Libas Pur GT Road,Match
25,Swaroop Nagar GT Road,Swaroop Nagar,Slightly match
26,Nangli Puna,Nangli Poonam,Slightly match
27,Jain Mandir,Jain Mandir,Match
28,Budhpur GT Road,Budh Pur Village,Not matched
29,Bdo Office,Alipur Blk.(BDO Office),Slightly match
30,Alipur Village GT Road,Alipur GT Road,Slightly match
31,Alipur Cpwd Office,CPWD Office,Slightly match
32,Bakauli Crossing,Bakauli Crossing,Match
33,Bakauli Vill,Bakauli Village,Slightly match
34,Hamid Pur,Hamid Pur,Match
