,OLD_STOPS,NEW_STOPS,OUTPUT
1,ISBT Kashmere Gate Terminal,Mori Gate Terminal,Slightly match
2,ISBT Nityanand Marg,ISBT Nityanand Marg,Match
3,Ludlow Castle,Ludlow Castle,Match
4,Exchange Store / Civil Lines Metro Station,Civil Line Metro Station,Slightly match
5,IP College (GT Road),I P College,Slightly match
6,Old Secretariat (Postal Account Office),Old Secretriate,Slightly match
7,Vidhan Sabha Metro Station,Vidhan sabha metro station,Match
8,Khyber Pass,Khyber Pass,Match
9,Mall Road,Mall Road Ring Road,Slightly match
10,Vishwa Vidyalaya Metro Station,Vishva vidyalaya metro station,Match
11,INS Hostel,INS Hostel,Match
12,GTB Nagar,G.T.B Nagar,Match
13,New Police Lines,New Police Line,Match
14,Alpana Cinema (Model Town Mtr Stn),Alpana Cinema,Slightly match
15,Model Town II,Model Town-II,Match
16,Model Town III,Model Town-III,Match
17,Azadpur Terminal,Azadpur Terminal,Match
18,Sabji Mandi Azadpur,Azad Pur Nai Subzi Mandi,Not matched
19,Adarsh Nagar / Bharola Village,Adarsh Nagar,Slightly match
20,Prem Nagar,Sarai Peepal Thala,Not matched
21,Jahangir Puri Metro Station,Jahangir Puri Metro Station,Match
22,Surajkund Crossing,Jahangir Puri Crossing,Not matched
23,GTK Depot,G.T.K Depot,Match
24,GTK Bypass / Mukraba Chowk,G.T.K By Pass,Not matched
25,Badli Crossing,Badli Crossing,Match
26,Badli School,Badli School,Match
27,Rohini Sec 18 Block,Rohini Sec-18 Police Chowki,Not matched
28,Rohini Sec 18,Rohini Sector-18A,Slightly match
29,Rohini Sec-9,Rohini Sec-15E (Sardar Colony),Slightly match
30,Rohini Sec-11 (Aggarwal Sabha),Rohini Sec-15/16 Divider Road),Not matched
31,Rohini Depot 1 Sec 6,Rohini Deopt-2,Not matched
32,Rohini Sec-11 (Aggarwal Sabha),Rohini Sec-11 F-Block Corner,Not matched
33,Rohini Sec 17A,Rohini Sec -17,Match
34,Rohini Sec 16 (Maharaja Aggarsen Dharam Sthal),Rohini Sec -16,Not matched
35,Rohini Sec-17 Crossing,Rohini Sector-16 Xing,Not matched
36,Delhi Engg College Shahbad,Engineering College,Not matched
37,Sahabad Daulatpur Village,Sahabad Daulatpur Village,Match
38,Shahbad Bank,Shahbad Bank,Match
39,St Xavier School,St Xavier School Daulatpur,Slightly match
40,Shahbad Dairy Block A,Shahbad Dairy Block A,Match
41,Shahbad Dairy,Shahbad Dairy,Match
