,OLD_STOPS,NEW_STOPS,OUTPUT
1,Old Delhi Railway Station,Old Delhi Railway Station,Match
2,Tees Hazari Animal Hospital Mori Gate,Tis Hazari Animal Hospital,Slightly match
3,Ice Factory (Roshanara Road),Ice Factory,Slightly match
4,Roshnara Road,Roshnara Road,Match
5,Roshnara Bagh,Roshnara Bagh,Match
6,Clock Tower,Clock Tower,Match
7,BIRLA MILL,Birla Mill,Match
8,Roop Nagar / Shakti Nagar (GT Road),Shakti Nagar ,Slightly match
9,Roop Nagar (GT Road),Rup Nagar,Slightly match
10,Gur Mandi,Gur Mandi,Match
11,Rana Pratap Bagh,R.P. Bagh,Slightly match
12,Gurudwara Nanak Pyau,Gurudwara Nanak Pyau,Match
13,State Bank Colony,SBI Colony,Slightly match
14,Harmilap Mission,Harmilap Mission,Match
15,Telephone Exchange,Telephone Exchange,Match
16,Gujranwala Town,Gujranwala Town,Match
17,Bara Bagh,Bara Bagh,Match
18,Azadpur Terminal,Azadpur Terminal,Match
19,Sabji Mandi Azadpur,Azad Pur Nai Subzi Mandi,Not matched
20,Adarsh Nagar / Bharola Village,Adarsh Nagar,Slightly match
21,Prem Nagar,Sarai Peepal Thala,Not matched
22,Jahangir Puri Metro Station,Jahangir Puri Metro Station,Match
23,Surajkund Crossing,Jahangir Puri Crossing,Not matched
24,GTK Depot,G.T.K Depot,Match
25,GTK Bypass / Mukraba Chowk,G.T.K By Pass,Not matched
26,Sanjay Gandhi Transport Nagar,Sanjay Gandhi Transport Nagar,Match
27,Libas Pur GT Road,Libas Pur GT Road,Match
28,Swaroop Nagar GT Road,Swaroop Nagar,Slightly match
29,Gurudwara Siraspur GT Road,Gurudwara,Slightly match
30,Nangli Puna,Nangli Punam,Match
31,Jain Mandir,Jain Mandir,Match
32,Budhpur GT Road,Budhpur ,Slightly match
33,Bdo Office,Alipur Blk.(BDO Office),Slightly match
34,Alipur Village GT Road,Alipur GT Road,Slightly match
35,Alipur Cpwd Office,CPWD Office Ali Pur,Match
36,Bakauli Crossing,Bakauli crossing,Match
37,Bakauli Vill,Bakoli,Not matched
38,Khampur Village,Khampur,Slightly match
39,Tikri Khurd Crossing / AMPC,Tikri Khurd Xing,Slightly match
40,Singhola Crossing,Singhola,Slightly match
41,Singhu Village Crossing,Singhu Village Crossing,Match
42,Singhu Border GT Road,Singhu Border,Slightly match
