,OLD_STOPS,NEW_STOPS,OUTPUT
1,Hiranki Village,Hiranki ,Slightly match
2,mohamed pur,Mohamed Pur ,Match
3,Ramzan Pur Village,Ramjan Pur Village X-ing,Slightly match
4,Mohamed Pur Village,Bakhtawar Pur Village,Not matched
5,Bakhtawar Pur Garhi,Bakhtawar Pur School,Not matched
6,jaipur golden transport,Jaipur Golden Transport,Match
7,Palla Xing,Palla Crossing,Not matched
8,Bakauli Crossing,Bakauli Crossing,Match
9,Pwd Office,CPWD Office Alipur,Not matched
10,Alipur Village GT Road,Alipur GT Road,Slightly match
11,Bdo Office,Alipur Blk.(BDO Office),Slightly match
12,Budhpur GT Road,Budhpur,Slightly match
13,Jain Mandir,Jain Mandir,Match
14,Nangli Puna,Nangli Punam,Match
15,Gurudwara Siraspur GT Road,Gurudwara,Slightly match
16,Swaroop Nagar GT Road,Swaroop Nagar,Slightly match
17,Libas Pur GT Road,Libas Pur GT Road,Match
18,Sanjay Gandhi Transport Nagar,Sanjay Gandhi Transport Nagar,Match
19,GTK Bypass / Mukraba Chowk,GTK By Pass,Not matched
20,GTK Depot,G.T.K Depot,Match
21,Jahangir Puri Outer Ring Road,Jahangir Puri Xing,Slightly match
22,Jahangir Puri Metro Station,Jahangir Puri Metro Station,Match
23,Sarai Pipal Thala,Sarai Pipal Thala,Match
24,Adarsh Nagar Metro Station,Adarsh Nagar,Slightly match
25,New Sabzi Mandi,New Sabzi Mandi Azad Pur,Slightly match
26,Ali Pur Gt Road,Azad Pur GT Road,Slightly match
27,Bara Bagh,Bara Bagh,Match
28,Gujranwala Town,Gujranwala Town,Match
29,Telephone Exchange,Telephone Exchange,Match
30,Harmilap Mission,Harmilap Mission,Match
31,State Bank Colony,SBI Colony,Slightly match
32,Gurudwara Nanak Pyau,Gurudwara Nanak Pyau,Match
33,Rana Pratap Bagh,Rana Pratap Bagh,Match
34,Gur Mandi,Gur Mandi,Match
35,Kamla Nagar/ Roop Nagar,Roop Nagar,Slightly match
36,Shakti Nagar,Shakti Nagar,Match
37,Clock Tower,Clock Tower,Match
38,Roshnara Bagh,Roshnara Bagh,Match
39,Roshnara Road,Roshnara Road,Match
40,Ice Factory,Ice Factory,Match
41,St Stephen Hospital,St Stephen Hospital,Match
42,Tees Hazari Court,Tis Hazari Court,Match
43,ISBT Nityanand Marg,ISBT Nitya nand Marg,Match
44,ISBT Kashmiri Gate,ISBT Kashmiri Gate,Match
45,Guru Govind Singh University (Kashmere Gate),GGS IP University,Slightly match
46,GPO,GPO K. Gate,Not matched
47,Old Delhi Railway Station (Fatehpuri),Old Delhi Railway Station,Match
