,OLD_STOPS,NEW_STOPS,OUTPUT
1,Tikri Khurd,Tikri Khurd ,Match
2,Tikri Khurd Crossing / AMPC,Tikri Khurd Xing,Slightly match
3,Khampur Village,Khampur,Slightly match
4,Bakauli Vill,Bakauli,Slightly match
5,Bakauli Crossing,Bakauli crossing,Match
6,Pwd Office,CPWD Office Alipur,Not matched
7,Ali Pur Gt Road,Ali Pur GT Road,Match
8,Alipur Block,Alipur Block -BDO Office,Slightly match
9,Budhpur GT Road,Budhpur,Slightly match
10,Jain Mandir,Jain Mandir,Match
11,Nangli Puna,Nangli Punam,Match
12,Gurudwara Siraspur GT Road,Gurudwara,Slightly match
13,Swaroop Nagar GT Road,Swaroop Nagar,Slightly match
14,Libas Pur GT Road,Libas Pur GT Road,Match
15,Sanjay Gandhi Transport Nagar,Sanjay Gandhi Transport Nagar,Match
16,GTK Bypass / Mukraba Chowk,GTK By Pass,Not matched
17,GTK Depot,G.T.K Depot,Match
18,Jahangir Puri Outer Ring Road,Jahangir Puri Crossing,Not matched
19,JAHANGIR PURI METRO STATION,Jahangir Puri Metro Station,Match
20,Prem Nagar,Sarai Pipal Thala,Not matched
21,Adarsh Nagar / Bharola Village,Adarsh Nagar,Slightly match
22,Sabji Mandi Azadpur,Azad Pur New Subzi Mandi,Not matched
23,Ali Pur Gt Road,Ajadpur Terminal,Match at 7 in new_data list
24,Bara Bagh,Bara Bagh,Match
25,Gujranwala Town,Gujranwala Town,Match
26,Telephone Exchange,Telephone Exchange,Match
27,Harmilap Mission,Harmilap Mission,Match
28,State Bank Colony,SBI Colony,Slightly match
29,Gurudwara Nanak Pyau,Gurudwara Nanak Pyau,Match
30,Rana Pratap Bagh,Rana Pratap Bagh,Match
31,Gur Mandi,Gur Mandi,Match
32,Roop Nagar / Shakti Nagar (GT Road),Roop Nager,Not matched
33,Shakti Nagar Nangia Park,Shakti Nagar,Slightly match
34,Birla Mills,Birla Mill,Match
35,Clock Tower,Clock Tower,Match
36,Roshnara Bagh,Roshnara Bagh,Match
37,Roshnara Road,Roshnara Road,Match
38,Ice Factory (Roshanara Road),Ice Factory,Slightly match
39,St Stephen Hospital,St Stephen Hospital,Match
40,Tees Hazari Court,Tis Hazari Court,Match
41,Isbt Nitya Nand,ISBT Nitya nand Marg,Match
42,Guru Govind Singh University (Kashmere Gate),GGS IP University,Slightly match
43,Guru Govind Singh University (Kashmere Gate),Guru Govind Singh University,Slightly match
44,GPO,G P O Kasmiri Gate,Not matched
45,Old Delhi Railway Station,Old Delhi Railway Station,Match
