,OLD_STOPS,NEW_STOPS,OUTPUT
1,Jaffar Pur Kalan,Taj Pur Kalan,Not matched
2,Bakhtawar Pur Garhi,Bakhtawar Pur Village,Not matched
3,Bakhtawar Pur Garhi,Bakhtawar Pur School,Not matched
4,jaipur golden transport,Jaipur Golden Transport ,Match
5,Palla Xing,Palla Xing,Match
6,Bakauli Crossing,Bakauli crossing,Match
7,Pwd Office,CPWD Office Alipur,Not matched
8,Alipur Village GT Road,Ali Pur GT Road,Not matched
9,Bdo Office,Alipur Block -BDO Office,Slightly match
10,Budhpur GT Road,Budhpur,Slightly match
11,Jain Mandir,Jain Mandir,Match
12,Nangli Puna,Nangli Punam,Match
13,Gurudwara Siraspur GT Road,Gurudwara,Slightly match
14,Swaroop Nagar GT Road,Swaroop Nagar,Slightly match
15,Libas Pur GT Road,Libas Pur GT Road,Match
16,Sanjay Gandhi Transport Nagar,Sanjay Gandhi Transport Nagar,Match
17,GTK Bypass / Mukraba Chowk,GTK By Pass,Not matched
18,GTK Depot,G.T.K Depot,Match
19,Jahangir Puri Outer Ring Road,Jahangir Puri Crossing,Not matched
20,Jahangir Puri Metro Station,Jahangir Puri Metro Station,Match
21,Sarai Pipal Thala,Sarai Pipal Thala,Match
22,Adarsh Nagar Metro Station,Adarsh Nagar,Slightly match
23,New Sabzi Mandi,New Sabzi Mandi,Match
24,Ali Pur Gt Road,Azad Pur GT Road,Slightly match
25,Bara Bagh,Bara Bagh,Match
26,Gujranwala Town,Gujranwala Town,Match
27,Telephone Exchange,Telephone Exchange,Match
28,Harmilap Mission,Harmilap Mission,Match
29,State Bank Colony,SBI Colony,Slightly match
30,Gurudwara Nanak Pyau,Gurudwara Nanak Pyau,Match
31,Rana Pratap Bagh,Rana Pratap Bagh,Match
32,Gur Mandi,Gur Mandi,Match
33,Kamla Nagar/ Roop Nagar,Roop Nager,Slightly match
34,Shakti Nagar,Shakti Nagar,Match
35,Clock Tower,Clock Tower,Match
36,Roshnara Bagh,Roshnara Bagh,Match
37,Roshnara Road,Roshnara Road,Match
38,Ice Factory,Ice Factory,Match
39,St Stephen Hospital,St Stephen Hospital,Match
40,Tees Hazari Court,Tis Hazari Court,Match
41,Isbt Nitya Nand,ISBT Nitya nand Marg,Match
42,Guru Govind Singh University (Kashmere Gate),GGS IP University,Slightly match
43,Guru Govind Singh University (Kashmere Gate),Guru Govind Singh University,Slightly match
44,G P O KASMIRI GATE,G P O Kasmiri Gate,Match
45,OLD DELHI RAILWAY STATION,Old Delhi Railway Station,Match
