,OLD_STOPS,NEW_STOPS,OUTPUT
1,YMCA / Palika Kendra,Palika Kendra-DC1333,Not matched
2,Regal,Regal-U02522,Slightly match
3,Shivaji Park,Shivaji Stadium-U02514,Not matched
4,Shaheed Bhagat Singh Marg,S.Bhagat Singh Marg,Slightly match
5,Gole Market,Gole Market.-U02333,Slightly match
6,Rama Krishna Ashram Marg,R K Ashram Marg,Slightly match
7,Chitra Gupta Road,Chitra Gupta Road-U02405,Match
8,Police Station Paharganj,PS Paharganj-U02400,Not matched
9,Jhandewalan,Jhandewalan-U02300,Slightly match
10,Karol Bagh Terminal,Karol Bagh Terminal-U02241,Match
11,Faiz Road,Faiz Road-DC2048,Slightly match
12,DB Gupta Market,DB Gupta Market-U02119,Match
13,Thana DB Gupta Road,P.S. D.B. Gupta Road,Not matched
14,Prahlad Market,Prehlad Market-U02073,Slightly match
15,Khalsa College,Dev Nagar-Khalsa College-U02027,Slightly match
16,Anand Parvat Terminal,Anand Pravat-U01934,Not matched
17,Begumpur (Malviya Nagar),Sarai Rohilla-U01925,Not matched
18,Begumpur (Malviya Nagar),Sarai Rohilla flyover-DC2913,Not matched
19,Ashok Vihar Crossing,Subhadra Colony-DC3129,Not matched
20,Gulabi Bagh,Gulabi Bagh-U01940,Slightly match
21,Shastri Nagar A Block,Shastri Nagar A Block-U01999,Match
22,Gulabi Bagh,Gulabi Bagh X-Ing-U02023,Slightly match
23,Gulabi Bagh,Chowki No.2-U02014,Not matched
24,Bharat Nagar Crossing,Bharat Nagar X-Ing-U01965,Not matched
25,Bharat Nagar,Bharat nagar,Match
26,Nimri Colony,Nimri Colony-U01830,Slightly match
27,Nimri Colony,Wazir Pur J J Colony-U01751,Not matched
28,Wazirpur JJ Colony,Wazir Pur JJ Colony Xing,Slightly match
29,Wazirpur JJ Colony,Ashok Vihar Ph-1 Market,Not matched
30,Ashok Vihar I Block,H-Blk Ashok Vihar Ph-2,Not matched
31,Ashok Vihar B Block,Deep MarketU01789,Not matched
32,Deep Market Ashok Vihar,Ashok Vihar B-2,Slightly match
33,Ashok Vihar B Block,Satyawati College,Not matched
34,Satyawati College,Ashok Vihar Phase II-U01836,Match at 33 in new_data list
35,B2 Block Ashok Vihar Ph II,,Not matched
