,OLD_STOPS,NEW_STOPS,OUTPUT
1,Inder Puri JJ Colony,Inder Puri,Slightly match
2,Inder Puri (Krishi Kunj),Krishi Kunj,Slightly match
3,Loha Mandi,Loha Mandi,Match
4,Bentax,Bentax,Match
5,Naraina Depot,Naraina Depot,Match
6,Pandav Nagar,Pandav Nagar,Match
7,Shadipur Colony,DTC Colony Shadi Pur,Not matched
8,Shadipur Depot,Shadi Pur Depot,Match
9,Moti Nagar,Moti Nagar Industrial Area,Slightly match
10,ESI Dispensary,Karam Pura,Not matched
11,Moti Nagar,New Moti nagar B-Block,Slightly match
12,Punjabi Bagh,Punjabi Bagh,Match
13,Shakurpur Shiv Mandir,Shakur Pur Shiv Mandir,Match
14,Britannia Chowk Shakurpur,Britania,Not matched
15,Telephone Exchange Shakurpur,Telephone Exchange,Slightly match
16,Wazirpur DTC Depot Ring Road,Wazirpur Depot,Slightly match
17,Wazirpur Depot / Subhash Place Depot,Subhash Place Depot ,Slightly match
18,Prem Bari Pull,Prem Bari Pull,Match
19,Shalimar Bagh,Richi Rich Shalimar Bagh,Slightly match
20,Ashok Vihar Xing,Ashok Vihar Crossing,Slightly match
21,Shalimar Bagh Richi Rich,Shalimar Bagh Xing,Not matched
22,Sabji Mandi Azadpur,Azad Pur New Subzi Mandi,Not matched
23,Adarsh Nagar / Bharola Village,Adarsh Nagar,Slightly match
24,Sarai Peepal Thala,Sarai Peepal Thala,Match
25,Jahangirpuri GT Road,Jahangir Puri Metro Station,Not matched
26,Jahangir Puri Metro Station,Jahangir Puri Xing,Slightly match
27,Jahangirpuri A-Block,A Block Jahangir Puri,Match
28,Jahangirpuri K Block,K Block Jahangir Puri,Match
29,Jahangirpuri B Block,C Block Jahangir Puri,Slightly match
30,Jahangirpuri A-Block,E Block Jahangir Puri,Slightly match
