,OLD_STOPS,NEW_STOPS,OUTPUT
1,Shalimar Bagh BH Block,BH-Blk. Shalimar Bagh,Slightly match
2,Shalimar Bagh BJ Block,Shalimar Bagh Community Centre,Not matched
3,Shalimar Bagh AE Block,AE-Blk. Shalimar Bagh,Slightly match
4,Shalimar Bagh BA Block,B-Blk. Shalimar Bagh,Slightly match
5,Shalimar Bagh AE Block,A Block Shalimar Bagh,Match
6,Ashok Vihar Xing,Ashok Vihar Crossing,Slightly match
7,Shalimar Bagh Richi Rich,Richi Rich Shalimar Bagh,Match
8,Prem Bari Pul,Prem Bari Pull,Match
9,Punjab Kesari (Subhash Palace Depot),Subhash Place Depot ,Slightly match
10,Wazirpur Depot,Wazirpur Depot,Match
11,Telephone Exchange Karol Bagh,Telephone Exchange,Slightly match
12,Britannia,Britania,Match
13,Shakurpur Shiv Mandir,Shakur Pur Shiv Mandir,Match
14,Punjabi Bagh Terminal,Punjabi Bagh,Slightly match
15,New Moti Bagh B Block,New Moti nagar B-Block,Slightly match
16,Karampura Terminal,Karam Pura Terminal,Match
17,Moti Nagar Industrial Area,Moti Nagar Industrial Area,Match
18,Shadipur Depot,Shadi Pur Depot,Match
19,Shadipur Metro Station,Shadi Pur Metro Station,Match
20,West Patel Nagar,West Patel Nagar,Match
21,South Patel Nagar (Metro Station),South Patel Nagar,Slightly match
22,East Patel Nagar,East Patel Nagar,Match
23,Telephone Exchange Karol Bagh,Rajindera Place Metro Station,Not matched
24,Telephone Exchange Karol Bagh,Telephone Exchange,Slightly match
25,Karol Bagh Metro Station,Karol Bagh Metro Station,Match
26,Pusa Road Petrol Pump Sadhu Vaswani Marg,Sadhu Vasvani Marg ,Slightly match
27,Meghdoot Bhawan,Meghdoot Bhawan,Match
28,Panchkuian Road Banwari Lal Hospital,Punchkuain Road / Banwari Lal Hosp.,Slightly match
29,PS Mandir Marg,Mandir Marg,Match
30,Laxmi Narayan Temple,Laxmi Narayan Mandir,Not matched
31,Kali Bari Marg,Kali Bari Marg Xing,Match
32,Talkatora Road,Talkatora Stadium,Match at 34 in new_data list
33,RML Hospital,RML Hospital,Match
34,Talkatora Road,Talkatora Road,Match
35,Kendriya Terminal / Gurudwara Rakab Gunj,Gurudwara Racab Ganj,Slightly match
36,Kendriya Terminal (Pt. Pant Marg),Kendriya Terminal,Slightly match
