,OLD_STOPS,NEW_STOPS,OUTPUT
1,Anand Vihar ISBT Terminal,ISBT Anand Vihar,Slightly match
2,Ram Prastha Crossing,Ramprashta Crossing,Match
3,Ram Prastha Temple,Ram Prastha,Slightly match
4,Surya Nagar,Surya Nagar,Match
5,Shahdara Border,Shahdra Border,Match
6,Jhilmil Xing,Jhilmil Xing,Match
7,Police Post Dilshad Garden,Dilshad Garden ,Slightly match
8,Govt School Dilshad Garden,Dilshad Garden School,Match
9,GTB Hospital,GTB Hospital,Match
10,GTB Hospital Xing,GTB Hospital XIng,Match
11,Nand Nagari Terminal,Nand Nagari Terminal,Match
12,Nand Nagari E-Block,Nand Nagari E-Block,Match
13,Gagan Cinema,Gagan Cinema,Match
14,Gagan Cinema (Wazirabad Road),Gagan Cinema Xing,Slightly match
15,Bank Colony,Bank Colony,Match
16,Nand Nagari Depot,Nand Nagri Depot,Match
17,Ashok Nagar / Meet Nagar,Ashok Nagar,Slightly match
18,MIG Flates Loni Road,MIG Flats Loni Road,Match
19,B R Ambedkar College (Loni Road Xing),Dr. B.R. Ambedkar College,Slightly match
20,C 4 Yamuna Vihar,C-4 Yamuna Vihar,Match
21,Yamuna Vihar Brijpuri,C-Block Yamuna Vihar,Not matched
22,B-Block Yamuna Vihar,B Block Yamuna Vihar,Match
23,Bhajanpura,Bhajan Pura,Match
24,Khajuri,Khazoori,Not matched
25,Rajeev Nagar (Signature Bridge),Rajiv Nagar,Not matched
26,Gurudwara Nanak Sar,Nanak Sar,Slightly match
27,Wazirabad Crossing,Wajirabad Crossing,Match
28,Gopal Pur Xing,Gopal Pur Xing,Match
29,Jagat Pur Xing,Jagat Pur Xing,Match
30,Gandhi Vihar,Gandhi Vihar,Match
31,CV Raman ITI,CV Raman ITI,Match
32,Nirankari Sarovar Burari Xing,Burari Xing,Slightly match
33,Mukand Pur More,Mukand Pur More,Match
34,Jahangir Puri Outer Ring Road,Jahangir Puri Outer Ring Road,Match
35,Jag Jivan Ram Hospital,Jag Jivan Ram Hospital,Match
36,Bhalaswa Xing,Bhalaswa Xing,Match
37,Outer Ring Road Makbara Chowk,Outer Ring Road Makbara Chowk,Match
38,GTK Bypass / Mukraba Chowk,GTK By Pass,Not matched
39,Sanjay Gandhi Transport Nagar,Sanjay Gandhi Transport Nagar,Match
40,Libas Pur GT Road,Libas Pur GT Road,Match
41,Swaroop Nagar GT Road,Swaroop Nagar,Slightly match
42,Gurudwara Siraspur GT Road,Gurudwara,Slightly match
43,Nangli Puna,Nangli Punam,Match
44,Jain Mandir,Jain Mandir,Match
45,Budhpur GT Road,Budhpur ,Slightly match
46,Bdo Office,Alipur Blk.(BDO Office),Slightly match
47,Alipur Village GT Road,Alipur GT Road,Slightly match
48,Alipur Cpwd Office,CPWD Office Ali Pur,Match
49,Bakauli Crossing,Bakauli crossing,Match
50,Bakoli,Bakoli,Match
51,Khampur Village,Khampur,Slightly match
52,Tikri Khurd Crossing / AMPC,Tikri Khurd Xing,Slightly match
53,80' road (singola village),80' Road (Singola  ),Match
54,dsidc flats,DSIDC Flats,Match
55,S.Raja Harish Chander Hospital,S Raja Harischandra Hospital,Match
56,Muneem Ji Ka Bagh,Muneem Ka Bagh,Match
57,New Anaj Mandi,New Anaj Mandi,Match
58,Kurani More,Kureni Village,Not matched
59,Old Anaj Mandi,Narela Mandi,Not matched
60,Narela Terminal,Narela Terminal,Match
