,OLD_STOPS,NEW_STOPS,OUTPUT
1,down direction,Down Direction,Match
2,Shahbad Dairy,Shahbad Dairy,Match
3,Shahbad Dairy A Block,Shahbad Dairy Block A,Match
4,St. Xavier School Shahbad,St Xavier School Daulatpur,Not matched
5,Shahbad Daulatpur Gaon,Sahabad Daulatpur ,Slightly match
6,Delhi Coll Of Eng Shad,Delhi College of Engineering Shahbad,Slightly match
7,Shahbad Bank,Shahbad Bank,Match
8,Telephone Exchange,Telephone Exchange,Match
9,Rohini Sec. 16 Crossing,Rohini Sector-16 Xing,Not matched
10,Rohini Sec 16 (Maharaja Aggarsen Dharam Sthal),Rohini Sector-16,Not matched
11,Rohini Sec 18 Pocket A,Rohini Sector-18,Not matched
12,Rohini Sec 18 Block,Rohini Sec-18 Police Chowki,Not matched
13,Badli School,Badli School,Match
14,Badli Crossing,Badli Crossing,Match
15,GTK Bypass / Mukraba Chowk,GTK By Pass,Not matched
16,Outer Ring Road Makbara Chowk,Outer Ring Road Makbara Chowk,Match
17,Bhalaswa Crossing,Bhalaswa Xing,Not matched
18,Jag Jivan Ram Hospital,Jag Jivan Ram Hospital,Match
19,Jahangir Puri Outer Ring Road,Jahangir Puri Outer Ring Road,Match
20,Mukund Pur Chowk,Mukand Pur More,Not matched
21,Burari Crossing,Burari Xing,Not matched
22,CV Raman ITI,CV Raman ITI,Match
23,Gandhi Vihar,Gandhi Vihar,Match
24,Gopal Pur Xing,Jagat Pur Xing,Match at 25 in new_data list
25,Gopal Pur Xing,Gopal Pur Xing,Match
26,Wazirabad Crossing,Wajirabad Crossing,Match
27,Gurudwara NanakSar,Nanak Sar,Slightly match
28,Rajeev Nagar (Wazirabad Road),Rajiv Nagar,Slightly match
29,Khajuri,Khazoori,Not matched
30,Bhajanpura,Bhajan Pura,Match
31,B-Block Yamuna Vihar,B Block Yamuna Vihar,Match
32,Yamuna Vihar Brij Puri,C-Block Yamuna Vihar,Not matched
33,C 4 Yamuna Vihar,C-4 Yamuna Vihar,Match
34,B R Ambedkar College (Loni Road Xing),Dr. B.R. Ambedkar College,Slightly match
35,MIG Flates Loni Road,MIG Flats Loni Road,Match
36,Ashok Nagar / Meet Nagar,Ashok Nagar,Slightly match
37,Nand Nagari Depot,Nand Nagri Depot,Match
38,Bank Colony,Bank Colony,Match
39,Gagan Cinema,Gagan Cinema,Match
40,Nand Nagari E-Block,Nand Nagari E-Block,Match
41,Nand Nagari Terminal,Nand Nagari Terminal,Match
42,GTB Hospital Xing,GTB Hospital XIng,Match
43,GTB Hospital,GTB Hospital,Match
44,Dilshad Garden School,Dilshad Garden School,Match
45,Jhilmil Crossing / Dilshad Garden GT Road,Dilshad Garden Terminal,Slightly match
46,Jhilmil Xing,Jhilmil Xing,Match
47,Shahdra Border,Shahdra Border,Match
48,Surya Nagar,Surya Nagar,Match
49,Ram Prastha Temple,Ram Prastha,Slightly match
50,Ram Prastha Crossing,Ramprashta Crossing,Match
51,Anand Vihar ISBT Main Road, Anand Vihar ISBT Main Road,Match
52,Maharaj Pur Check Post,Maharaj Pur Check Post,Match
53,Gazipur Depot,Gazipur Depot,Match
54,ISBT Anand Vihar,ISBT Anand Vihar,Match
