,OLD_STOPS,NEW_STOPS,OUTPUT
1,Anand Vihar ISBT Terminal,ISBT Anand Vihar,Slightly match
2,Ram Prastha Crossing,Ramprashta Crossing,Match
3,Ram Prastha Temple,Ram Prastha,Slightly match
4,Surya Nagar,Surya Nagar,Match
5,Shahadara Border (Dilshad Garden Mtr Stn),Shahdra Border,Slightly match
6,Jhilmil Xing,Jhilmil Xing,Match
7,Police Post Dilshad Garden,Dilshad Garden ,Slightly match
8,Govt School Dilshad Garden,Dilshad Garden School,Match
9,GTB Hospital,GTB Hospital,Match
10,GTB Hospital Xing,GTB Hospital XIng,Match
11,Nand Nagari Terminal,Nand Nagari Terminal,Match
12,Nand Nagari E-Block,Nand Nagari E-Block,Match
13,Gagan Cinema,Gagan Cinema,Match
14,Gagan Cinema (Wazirabad Road),Gagan Cinema Xing,Slightly match
15,Bank Colony,Bank Colony,Match
16,Nand Nagari Depot,Nand Nagri Depot,Match
17,Ashok Nagar / Meet Nagar,Ashok Nagar,Slightly match
18,MIG Flates Loni Road,MIG Flats Loni Road,Match
19,B R Ambedkar College (Loni Road Xing),Dr. B.R. Ambedkar College,Slightly match
20,C 4 Yamuna Vihar,C-4 Yamuna Vihar,Match
21,Yamuna Vihar Brijpuri,C-Block Yamuna Vihar,Not matched
22,B-Block Yamuna Vihar,B Block Yamuna Vihar,Match
23,Bhajanpura,Bhajan Pura,Match
24,Khajuri,Khazoori,Not matched
25,Rajeev Nagar (Signature Bridge),Rajiv Nagar,Not matched
26,Gurudwara Nanak Sar,Nanak Sar,Slightly match
27,Wazirabad Crossing,Wajirabad Crossing,Match
28,Gopal Pur Xing,Gopal Pur Xing,Match
29,Jagat Pur Xing,Jagat Pur Xing,Match
30,Gandhi Vihar,Gandhi Vihar,Match
31,CV Raman ITI,CV Raman ITI,Match
32,Burari Crossing,Burari Xing,Not matched
33,Mukand Pur More,Mukand Pur More,Match
34,Jahangir Puri Outer Ring Road,Jahangir Puri Outer Ring Road,Match
35,Jag Jivan Ram Hospital,Jag Jivan Ram Hospital,Match
36,Bhalaswa Xing,Bhalaswa Xing,Match
37,Outer Ring Road Makbara Chowk,Outer Ring Road Makbara Chowk,Match
38,GTK Bypass / Mukraba Chowk,GTK By Pass,Not matched
39,Badli Crossing,Badli Crossing,Match
40,Badli School,Badli School,Match
41,Rohini Sec 18 Block,Rohini Sec-18 Police Chowki,Not matched
42,Rohini Sec 18,Rohini Sector-18,Slightly match
43,Rohini Sector-16,Rohini Sector-16,Match
44,Rohini Sector-16 Xing,Rohini Sector-16 Xing,Match
45,Telephone Exchange,Telephone Exchange,Match
46,Shahbad Bank,Shahbad Bank,Match
47,Engineering College,Delhi College of Engineering Shahbad,Slightly match
48,Shahbad Daulatpur Gaon,Sahabad Daulatpur ,Slightly match
49,St Xavier School,St Xavier School Daulatpur,Slightly match
50,Shahbad Dairy Block A,Shahbad Dairy Block A,Match
51,Shahbad Dairy,Shahbad Dairy,Match
