,OLD_STOPS,NEW_STOPS,OUTPUT
1,down direction,Shahbad dairy,Not matched
2,Shahbad Dairy,A- block shahbad dairy,Slightly match
3,Shahbad Dairy A Block,St. xaviers school,Not matched
4,St. Xavier School Shahbad,Shahbad school,Slightly match
5,Shahbad Daulatpur Gaon,Shahbad Village,Not matched
6,Delhi Engg College Shahbad,Delhi engineering collage,Not matched
7,Rohini Sec-16 Xing,Shree krishna apartment,Not matched
8,Shahbad Bank,Rohini Sec-18 Bus Ter.,Not matched
9,Telephone Exchange,Samay Pur Badli Metro ,Not matched
10,Badli Railway Staion,Samay Pur School,Not matched
11,Samay Pur,Samay Pur ,Match
12,Sanjay Gandhi Transport Nagar,Sanjay Gandhi Transport Nagar ,Match
13,GTK Bypass / Mukraba Chowk,Mukarba Chowk GTK bypass,Match
14,Outer Ring Road Makbara Chowk,Bhalswa Dairy,Not matched
15,Bhalaswa Crossing,babu Jag Jivan Ram Hospital ,Not matched
16,Jag Jivan Ram Hospital,E Block Jahangir Puri ,Not matched
17,Jahangir Puri Outer Ring Road,Mukundpur  Crossing ,Not matched
18,Mukund Pur Chowk,Burari Crossing ,Not matched
19,Burari Crossing,C.V. Raman ITI,Match at 18 in new_data list
20,CV Raman ITI,Jagat Pur ,Match at 19 in new_data list
21,Gandhi Vihar,Gandhi Vihar ,Match
22,Gopal Pur Xing,Gopal Pur ,Slightly match
23,Gopal Pur Xing,Wazirabad Crossing  ,Not matched
24,Wazirabad Crossing,Guru Nanak Sar ,Match at 23 in new_data list
25,Gurudwara NanakSar,Khajuri More ,Not matched
26,Rajeev Nagar (Wazirabad Road),Bhajan Pura Crossing ,Not matched
27,Khajuri,Bhajan Pura Chowk Bus Stop ,Not matched
28,Bhajanpura,B Block Yamuna Vihar ,Not matched
29,B-Block Yamuna Vihar,Yamuna Vihar (Brij Puri),Match at 28 in new_data list
30,Yamuna Vihar Brij Puri,C Block Yamuna vihar,Not matched
31,C 4 Yamuna Vihar,Gokal Puri ,Not matched
32,B R Ambedkar College (Loni Road Xing),Dr.B.R. Ambedkar Collage,Slightly match
33,MIG Flates Loni Road,MIG Flat Bus Stand,Not matched
34,Ashok Nagar / Meet Nagar,Mandoli Seva Dham,Not matched
35,Nand Nagari Depot,Nand Nagari Depot,Match
36,Bank Colony,Bank Colony,Match
37,Gagan Cinema,Gagan Cinema,Match
38,Nand Nagari E-Block,E -Block Nand Nagari,Match
39,Nand Nagari Terminal,Nand Nagari Terminal,Match
40,GTB Hospital Xing,GTB  Crossing,Not matched
41,GTB Hospital,GTB Hospital Crossing,Slightly match
42,Dilshad Garden School,GTB Hospital,Not matched
43,Jhilmil Crossing / Dilshad Garden GT Road,Dilshad Garden Govt. school,Slightly match
44,Jhilmil Xing,Dilshad Garden GT Road,Not matched
45,Shahdra Border,Jhilmil Crosing,Not matched
46,Surya Nagar,Shahdara Border,Match at 49 in new_data list
47,Ram Prastha Temple,Dilshad Garden Metro Station,Not matched
48,Ram Prastha Crossing,Vivek Vihar,Not matched
49,Anand Vihar ISBT Main Road,Surya Nagar,Not matched
50,Maharaj Pur Check Post,Ram prasth mandir,Not matched
51,Gazipur Depot,Ram prasth crossing,Not matched
52,ISBT Anand Vihar,Anand vihar ISBT(T.),Match
