,OLD_STOPS,NEW_STOPS,OUTPUT
1,Katewara Village,Katewra Village,Match
2,Katevara Xing,Katevara Xing,Match
3,Jawahar N Schl,Jawahar Navodaya School,Slightly match
4,Mangesh Pur,Mangesh Pur,Match
5,Auchandi Border,Auchandi Border,Match
6,Auchandi Village,Auchandi Village,Match
7,Harewali Xing,Harewali Xing,Match
8,Dariyapur Kalan School,Darya Pur Village,Not matched
9,Dariyapur Gaon,Darya Pur School,Not matched
10,PS Bawana,Bawana Thana,Not matched
11,Bawana Depot,Bawana Depot,Match
12,Bawana Village,Bawana Village,Match
13,Dsidc Sec  1,DSIDC Office Bawana,Slightly match
14,Bawana School,DSIDC Sec-1,Not matched
15,DSIDC Office Bawana,Bawana Primary School,Match at 13 in new_data list
16,DSIDC Bawana/ Dhakewala,Dhakewala,Slightly match
17,DSIDC Bawana/ Dhakewala,Pooth Khurd Hospital,Not matched
18,Mahrishi Balmiki Hospital,Dharamshala Pooth Khurd,Not matched
19,Pooth Khurd Village,Pooth Khurd Village,Match
20,Dharamshala Pooth Khurd,Barwala Village,Match at 18 in new_data list
21,Barwala Village,Barwala School,Match at 20 in new_data list
22,Barwala School,Jain Colony,Match at 21 in new_data list
23,Jain Colony,Prehlad Pur School,Match at 22 in new_data list
24,Prehladpur School,Prehlad Pur Village,Match at 23 in new_data list
25,Prehladpur Village,Prehlad Pur Mandir,Match at 24 in new_data list
26,Prehlad Pur Mandir,Shahbad Dairy,Match at 25 in new_data list
27,Shahbad Dairy,A Block Shahbad Dariy,Slightly match
28,Shahbad Dairy A Block,St Xavier School Daulatpur,Not matched
29,St. Xavier School Shahbad,Shahbad School,Slightly match
30,Shahbad Daulatpur Gaon,Shahbad Daulat Pur Village,Not matched
31,Delhi Coll Of Eng Shad,Delhi College of Engineering Shahbad,Slightly match
32,Shahbad Bank,Rohini sec 16 Xing,Not matched
33,Telephone Exchange,Sardar Colony ,Not matched
34,Rohini Sec. 16 Crossing,Rohini Depot 4,Not matched
35,Rohini Sec 16 (Maharaja Aggarsen Dharam Sthal),Sec 18 Police Chowki,Not matched
36,Rohini Sec 17A and 16,Petrol Pump,Not matched
37,Rohini Sec 18,Rohini Sec 18,Match
38,Rohini Sec 18 Block,Badli School,Not matched
39,Badli School,Badli Xing,Match at 38 in new_data list
40,Badli Crossing,G.T.K By Pass,Not matched
41,GTK Bypass / Mukraba Chowk,G.T.K Depot,Not matched
42,GTK Depot,Jahangir Puri Crossing,Match at 41 in new_data list
43,Jahangir Puri Metro Station,Jahangir Puri Metro Station,Match
44,Jahangir Puri Metro Station,Sarai Peepal Thala,Match at 43 in new_data list
45,Prem Nagar,Adarsh Nagar,Not matched
46,Adarsh Nagar / Bharola Village,Azad Pur New Subzi Mandi,Not matched
47,Sabji Mandi Azadpur,Azadpur Terminal,Not matched
48,Azadpur Terminal,Model Town III,Match at 47 in new_data list
49,Model Town-III,Model Town II,Match
50,Model Town II,Alpana Cinema,Match at 49 in new_data list
51,Alpana Cinema (Model Town Mtr Stn),New Police Line,Not matched
52,New Police Line,G.T.B Nagar,Match at 51 in new_data list
53,GTB Nagar,INS Hostel,Match at 52 in new_data list
54,INS Hostel,Vishva vidyalaya metro station,Match at 53 in new_data list
55,Vishwa Vidyalaya Metro Station,Mall Road Ring Road,Not matched
56,Mall Road,Khyber Pass,Not matched
57,Khyber Pass,Vidhan sabha metro station,Match at 56 in new_data list
58,Vidhan Sabha Metro Station,Old Secretriate,Match at 57 in new_data list
59,Old Secretariat (Postal Account Office),I P College,Not matched
60,IP College,Civil Line Metro Station,Match at 59 in new_data list
61,Exchange Store / Civil Lines Metro Station,Ludlow Castle,Not matched
62,Ludlow Castle,ISBT Nityanand Marg,Match at 61 in new_data list
63,ISBT Nityanand Marg,Mori Gate Terminal,Match at 62 in new_data list
64,Mori Gate Terminal,,Match at 63 in new_data list
