,OLD_STOPS,NEW_STOPS,OUTPUT
1,ISBT Kashmere Gate Terminal,Mori Gate Terminal,Slightly match
2,ISBT Nityanand Marg,ISBT Nityanand Marg,Match
3,Ludlow Castle,Ludlow Castle,Match
4,Exchange Store / Civil Lines Metro Station,Civil Line Metro Station,Slightly match
5,IP College (GT Road),I P College,Slightly match
6,Old Secretariat (Postal Account Office),Old Secretriate,Slightly match
7,Vidhan Sabha Metro Station,Vidhan sabha metro station,Match
8,Khyber Pass,Khyber Pass,Match
9,Mall Road,Mall Road Ring Road,Slightly match
10,Vishwa Vidyalaya Metro Station,Vishva vidyalaya metro station,Match
11,INS Hostel,INS Hostel,Match
12,GTB Nagar,G.T.B Nagar,Match
13,New Police Lines,New Police Line,Match
14,Alpana Cinema (Model Town Mtr Stn),Alpana Cinema,Slightly match
15,Model Town II,Model Town II,Match
16,Model Town III,Model Town III,Match
17,Azadpur Terminal,Azadpur Terminal,Match
18,Sabji Mandi Azadpur,Azad Pur Nai Subzi Mandi,Not matched
19,Adarsh Nagar / Bharola Village,Adarsh Nagar,Slightly match
20,Prem Nagar,Sarai Peepal Thala,Not matched
21,Jahangir Puri Metro Station,Jahangir Puri Metro Station,Match
22,Jahangir Puri Metro Station,Jahangir Puri Crossing,Match at 21 in new_data list
23,GTK Depot,G.T.K Depot,Match
24,GTK Bypass / Mukraba Chowk,GTK By Pass,Not matched
25,Badli Crossing,Badli X-ing,Not matched
26,Badli School,Badli School,Match
27,Rohini Sec 18 Block,Rohini Sec 18,Match
28,Rohini Sec 18,Petrol Pump,Match at 27 in new_data list
29,Rohini Sec 17A,Sec 18 Police Chowki,Not matched
30,Rohini Sec 16 (Maharaja Aggarsen Dharam Sthal),Rohini Depot 4,Not matched
31,Rohini Sec.-16 Crossing,Sardar Colony,Not matched
32,Telephone Exchange,Rohini sec 16 Xing,Not matched
33,Shahbad Bank,Delhi College of Engineering Shahbad,Not matched
34,Delhi Engg College Shahbad,Sahabad Daulatpur ,Not matched
35,Shahbad Daulatpur Gaon,St Xavier School Daulatpur,Not matched
36,St Xavier School,Shahbad Dairy Block A,Not matched
37,Shahbad Dairy Block A,Shahbad Dairy,Slightly match
38,Shahbad Dairy,Prehlad Pur Mandir,Match at 37 in new_data list
39,Prehlad Pur Mandir,Prehlad Pur ,Slightly match
40,Prehlad Pur,Prehlad Pur School,Slightly match
41,Prehladpur School,Jain Colony,Match at 40 in new_data list
42,Jain Colony,Barwala Pathshala,Match at 41 in new_data list
43,Barwala School,Barwala ,Slightly match
44,Barwala Village,Dharamshala Pooth Khurd,Not matched
45,DHARAMSHALA POOTH KHURD,Pooth Khurd village,Match at 44 in new_data list
46,Pooth Khurd village,Mahrishi Balmiki Hospital,Match at 45 in new_data list
47,Mahrishi Balmiki Hospital,Dhakewala,Match at 46 in new_data list
48,DSIDC Bawana/ Dhakewala,DSIDC Sec-1(Bawana),Not matched
49,DSIDC Sec-1 (Bawana),DSIDC Office Bawana,Match at 48 in new_data list
50,DSIDC Office Bawana,Bawana School,Match at 49 in new_data list
51,Bawana School,DSIDC Sec-1,Match at 50 in new_data list
52,Dsidc Sec  1,Bawana Village,Match at 51 in new_data list
53,Bawana Village,Bawana Depot,Match at 52 in new_data list
54,Bawana Depot,Bawana Thana,Match at 53 in new_data list
55,PS Bawana,Darya Pur School,Not matched
56,Dariyapur Gaon,Darya Pur Village,Not matched
57,Dariyapur Kalan School,Harewali Xing,Not matched
58,Harewali Xing,Auchandi Village,Match at 57 in new_data list
59,Auchandi Village,Auchandi Border,Match at 58 in new_data list
60,Auchandi Border,Mangesh Pur,Match at 59 in new_data list
61,Mangesh Pur,Jawahar Navodaya School,Match at 60 in new_data list
62,Jawahar Navodya School,Katevara Xing,Not matched
63,Katevara Xing,Katewra Village,Match at 62 in new_data list
64,Katewara Village,,Not matched
