,OLD_STOPS,NEW_STOPS,OUTPUT
1,Holambi Kalan JJ Colony,Holambi JJ Cly,Slightly match
2,Holambi Kalan Fatak,Holambi Kalan,Match
3,Holambi Khurd Crossing,Holambi Khurd,Slightly match
4,Minda Farm,Minda Farm,Match
5,Alipur Garhi,Alipur Garhi,Match
6,Alipur Village,Alipur Village,Match
7,Alipur Village GT Road,Alipur GT Road,Slightly match
8,Bdo Office,Alipur Blk.(BDO Office),Slightly match
9,Budhpur GT Road,Budhpur ,Slightly match
10,Jain Mandir,Jain Mandir,Match
11,Nangli Puna,Nangli Punam,Match
12,Gurudwara Siraspur GT Road,Gurudwara,Slightly match
13,Swaroop Nagar GT Road,Swaroop Nagar,Slightly match
14,Libas Pur GT Road,Libas Pur GT Road,Match
15,Sanjay Gandhi Transport Nagar,Sanjay Gandhi Transport Nagar,Match
16,GTK Bypass / Mukraba Chowk,G.T.K By Pass,Not matched
17,GTK Depot,G.T.K Depot,Match
18,Jahangir Puri Outer Ring Road,Jahangir Puri Crossing,Not matched
19,Jahangir Puri Metro Station,Jahangir Puri Metro Station,Match
20,Sarai Pipal Thala,Sarai Peepal Thala,Match
21,Adarsh Nagar Metro Station,Adarsh Nagar,Slightly match
22,New Sabzi Mandi,Azad Pur Nai Subzi Mandi,Slightly match
23,Azadpur Terminal,Azadpur ,Slightly match
24,Model Town-III,Model Town III,Match
25,Model Town II,Model Town II,Match
26,Alpana Cinema (Model Town Mtr Stn),Alpana Cinema,Slightly match
27,New Police Line,New Police Line,Match
28,GTB Nagar,G.T.B Nagar,Match
29,INS Hostel,INS Hostel,Match
30,Vishwa Vidyalaya Metro Station,Vishva vidyalaya metro station,Match
31,Mall Road,Mall Road Ring Road,Slightly match
32,Khyber Pass,Khyber Pass,Match
33,Vidhan Sabha Metro Station,Vidhan sabha metro station,Match
34,Old Secretariat (Postal Account Office),Old Secretriate,Slightly match
35,IP College,I P College,Match
36,Exchange Store / Civil Lines Metro Station,Civil Line Metro Station,Slightly match
37,Ludlow Castle,Ludlow Castle,Match
38,ISBT Kashmere Gate (Lothian Road),ISBT K.Gate,Slightly match
39,Guru Govind Singh University (Kashmere Gate),GGS IP University,Slightly match
40,G P O Kasmiri Gate,GPO Kashmere Gate,Not matched
41,Red Fort,Red Fort,Match
42,Jama Masjid,Jama Masjid,Match
43,Darya Ganj,Darya Ganj,Match
44,GOLCHA CINEMA,Golcha Cinema,Match
45,Delhi Gate (JLN Marg),Delhi Gate,Slightly match
46,LNJP Hospital,LNJP Hospital,Match
47,LNJP Hospital,LNJP Hospital,Match
48,Zakir Husain College,Zakir Hussain College,Match
49,JLN Marg,Jawahar Lal Nehru Marg,Not matched
50,Vivekanand Marg / Minto Road,Vivekanad Marg,Slightly match
51,Shivaji Park,Shivaji Park,Match
52,Super Bazar,Super Bazar Con. Circus,Slightly match
53,Shivaji Stadium Terminal,Shivaji Stadium,Slightly match
