,OLD_STOPS,NEW_STOPS,OUTPUT
1,Narela Terminal,A-5/6 Narela,Not matched
2,Sec A 5 Crossing Narela,A-9 Narela,Slightly match
3,Sec A-9 and A-6 Narela,A-7 Blk. Narela Crossing,Not matched
4,Harish Chandra Hospital,S.Raja Harish Chander Hosp. A-7 Blk.,Slightly match
5,Narela Terminal,DSIDC  Narela Crossing ,Not matched
6,B-4 Police Colony Narela,B-4 Narela,Slightly match
7,B-2 Narela E Block,B-2 Narela,Slightly match
8,metro vihar,Metro Vihar,Match
9,Tikri Khurd Crossing,Tikri Khurd,Slightly match
10,Tikri Khurd Crossing / AMPC,Tikri Khurd Xing,Slightly match
11,Khampur Village,Khampur,Slightly match
12,Jail Road Rohini Sec 18,Bakoli,Not matched
13,Bakauli Crossing,Bakauli crossing,Match
14,Pwd Office,CPWD Office Ali Pur,Slightly match
15,Alipur Village GT Road,Ali Pur GT Road,Not matched
16,Bdo Office,Alipur Block BDO Office,Slightly match
17,Budhpur GT Road,Budhpur,Slightly match
18,Jain Mandir,Jain Mandir,Match
19,Nangli Puna,Nangli Punam,Match
20,Gurudwara Siraspur GT Road,Gurudwara,Slightly match
21,Swaroop Nagar GT Road,Swaroop Nagar,Slightly match
22,Libas Pur GT Road,Libas Pur GT Road,Match
23,Sanjay Gandhi Transport Nagar,Sanjay Gandhi Transport Nagar,Match
24,GTK Bypass / Mukraba Chowk,G.T.K By Pass,Not matched
25,GTK Depot,G.T.K Depot,Match
26,Jahangir Puri Outer Ring Road,Jahangir Puri Crossing,Not matched
27,Jahangir Puri Metro Station,Jahangir Puri Metro Station,Match
28,Sarai Pipal Thala,Sarai Peepal Thala,Match
29,Adarsh Nagar Metro Station,Adarsh Nagar,Slightly match
30,New Sabzi Mandi,Azad Pur New Subzi Mandi,Slightly match
31,Azadpur Terminal,Azadpur ,Slightly match
32,Model Town-III,Model Town-III,Match
33,Model Town II,Model Town-II,Match
34,Alpana Cinema (Model Town Mtr Stn),Alpana Cinema,Slightly match
35,New Police Line,New Police Line,Match
36,GTB Nagar,G.T.B Nagar,Match
37,INS Hostel,INS Hostel,Match
38,Vishwa Vidyalaya Metro Station,Vishva vidyalaya metro station,Match
39,Mall Road,Mall Road Ring Road,Slightly match
40,Khyber Pass,Khyber Pass,Match
41,Vidhan Sabha Metro Station,Vidhan sabha metro station,Match
42,Old Secretariat (Postal Account Office),Old Secretriate,Slightly match
43,IP College (GT Road),I P College,Slightly match
44,Metcalfe House,Metcalfe House,Match
45,ISBT Ring Road,ISBT Ring Road,Match
46,Yamuna Bazar / GGS Universicy,Yamuna Bazar,Slightly match
47,Geeta Colony Road Crossing,Salim Garh Geeta Colony,Not matched
48,Shanti Vana,Shanti Van,Match
49,Raj Ghat,Rajghat,Match
50,Delhi Gate,Delhi Gate,Match
51,Express Building-DC2809,Express Building ,Match
52,ITO,ITO (BSZ Marg),Not matched
53,Tilak Bridge,Tilak Bridge,Match
54,Supreme Court,Supreme Court,Match
55,Patiala House,Patiyala House,Match
56,National Stadium,National Stadium,Match
57,Art Gallery,National Archise,Not matched
58,Shahjahan Road,Shajhan Road,Match
59,Kotah House,Kota House,Match
60,Humayun Road,Humanyun Road,Match
61,Sujan Singh Park,Sujan Singh Park,Match
62,Bharti Nagar,Bharti Nagar,Match
63,Dayal Singh College,DAYAL SINGH COLLEGE,Match
64,Pragati Vihar,Pargati Vihar Lodhi Estate,Slightly match
65,J L Nehru Stadium,Jawahar Lal Nehru Stadium,Slightly match
