,OLD_STOPS,NEW_STOPS,OUTPUT
1,Kanjhawla Chowk,Kanjhawala Chowk,Match
2,Shivam Plywood,Shivam Plywood,Match
3,Radha Swami Satsang / Rupali Enclave,Rupali Enclave RS Satsang,Slightly match
4,Shiv vihar/Bheem chowk,Shiv Vihar Bheem Chowk,Match
5,Desu Office Karala,Desu Office,Slightly match
6,Karala Crossing,Karala Crossing,Match
7,Karala Village,Karala,Slightly match
8,Karala School,Karala School,Match
9,Rama Vihar,Rama Vihar,Match
10,Rajeev Nagar,Rajiv Nagar,Slightly match
11,Begumpur,Begam Pur,Slightly match
12,Aggarsain Hospital (Rohini Sec 22),Rohini Sector-21,Not matched
13,Rohini Sec 20/21 More,Rohini Sec-20/21 Xing,Slightly match
14,Pooth Kalan,Pooth Kalan,Match
15,Brahm shakti hospital,Braham Shakti Hospital,Match
16,Krishna Vihar,Krishna Vihar,Match
17,Buddh vihar,Budh Vihar,Match
18,Mangol Puri Y Block,Y-Block Mangol Puri,Match
19,Mangol Pur Khurd,Mangolpur khurd,Match
20,Avantika Xing,Avantika Xing,Match
21,Mangolpur Kalan Village,Mangol Pur Kalan,Not matched
22,Mangol Pur School (Kanjhawla Road),Mangol Pur School,Slightly match
23,Mangolpur School,Mangol Puri Police Line,Match at 22 in new_data list
24,Rohini Depot III,Rohini Depot-3,Slightly match
25,Puspanjali Enclave,Pushpanjali Enclave,Match
26,Kali Mata Mandir,Kali Mata Mandir,Match
27,Saraswati Vihar C Block,Saraswati Vihar C-Block,Match
28,Madhuban Chowk Outer Ring Road,Madhuvan Chowk,Slightly match
29,Pitampura JD Block,JD Blk Pitam Pura,Slightly match
30,Vaishali Enclave / Kapil Vihar,Vashali Enclave,Slightly match
31,Kohat Enclave Metro Station,Kohat Enclave,Slightly match
32,Pitampura ND Block,Pitam Pura ND-Block,Match
33,Netaji Subhash Palace (Wazirpur Depot) Road No 41,Wazirpur Depot,Not matched
34,Punjab Kesari,Subhash Place Depot Punjab Kesri,Slightly match
35,Prem Bari Pull,Prem Bari Pull,Match
36,Shalimar Bagh Richi Rich,Richi Rich Shalimar Bagh,Match
37,Ashok Vihar Xing,Ashok Vihar Crossing,Slightly match
38,Shalimar Bagh Richi Rich,Shalimar Bagh Xing,Not matched
39,Azadpur Terminal,Azadpur Terminal,Match
