,OLD_STOPS,NEW_STOPS,OUTPUT
1,Azadpur Terminal,Azadpur Terminal,Match
2,Shalimar Bagh Richi Rich,Shalimar Bagh Xing,Not matched
3,Ashok Vihar Xing,Ashok Vihar Crossing,Slightly match
4,Shalimar Bagh Richi Rich,Richi Rich Shalimar Bagh,Match
5,Prem Bari Pul,Prem Bari Pull,Match
6,Punjab Kesari (Subhash Palace Depot),Subhash Place Depot Punjab Kesri,Match
7,Wazirpur DTC Depot / Netaji Subhash Palace,Wazirpur Depot,Slightly match
8,Pitampura ND Block,Pitam Pura ND-Blk.,Match
9,Kohat Enclave Metro Station,Kohat Enclave,Slightly match
10,VaishaliEnclave / Kapil Vihar,Vashali Enclave,Slightly match
11,JD Block Pitam Pura,JD Blk Pitam Pura,Match
12,Madhuban Chowk Outer Ring Road,Madhuvan Chowk,Slightly match
13,SaraswatiVihar C Block,Saraswati Vihar C-Block,Match
14,Kali Mata Mandir,Kali Mata Mandir,Match
15,Puspanjali Enclave,Pushpanjali Enclave,Match
16,Rohini Depot - 3,Rohini Depot-3,Match
17,Mangolpur School,Mangol Puri Police Line,Match at 18 in new_data list
18,Mangol Pur School (Kanjhawla Road),Mangol Pur School,Slightly match
19,Mangolpur Kalan Village,Mangol Pur Kalan,Not matched
20,Avantika Xing,Avantika Xing,Match
21,Mangol Pur Khurd,Mangolpur khurd,Match
22,Mangolpuri Y Block,Y-Block Mangol Puri,Match
23,Budh Vihar,Budh Vihar,Match
24,Krishna Vihar,Krishna Vihar,Match
25,Brahm Shakti Hospital,Braham Shakti Hospital,Match
26,Pooth Kalan,Pooth Kalan,Match
27,Rohini Sec 20/21 More,Rohini Sec-20/21 Xing,Slightly match
28,Rohini Sec-21,Rohini Sector-21,Slightly match
29,Begumpur,Begam Pur,Slightly match
30,Rajiv Nagar,Rajiv Nagar,Match
31,Rama Vihar,Rama Vihar,Match
32,Karala School,Karala School,Match
33,Karala Village,Karala,Slightly match
34,Karala Crossing,Karala Crossing,Match
35,Desu Office,Desu Office,Match
36,Shiv Vihar Bheem Chowk,Shiv Vihar Bheem Chowk,Match
37,Radha Swami Satsang,Rupali Enclave RS Satsang,Not matched
38,Shivam Plywood,Shivam Plywood,Match
39,Kanjhawla Chowk,Kanjhawala Chowk,Match
