,OLD_STOPS,NEW_STOPS,OUTPUT
1,Lampur Border,LAMPUR BORDER,Match
2,Lampur Village,LAMPUR VILLAGE,Match
3,Lampur School,Lampur School,Match
4,Sarvodaya Vidyalaya Bankner,BANKNER SCHOOL,Slightly match
5,Bankner Village,BANKNER VILLAGE,Match
6,New Basti Bankner,New Bakner Basti,Match
7,Narela Terminal,Narela Hospital,Not matched
8,Police Colony Narela,NARELA,Not matched
9,Sec A-9 and A-6 Narela,NARELA A-9,Slightly match
10,Harish Chandra Hospital,RAJA HARISH CHANDER HOSP.,Not matched
11,Bhor Garh,BHORGARH VILLAGE,Not matched
12,DSIDC Narela,NARELA ITI,Not matched
13,Shahpur Garhi,SHAHPUR GARHI,Match
14,Holambi Kalan Terminal,HOLAMBI KALAN XING,Not matched
15,Holambi Khurd Crossing,HOLAMBI KHURD XING,Slightly match
16,Minda Farm,ARVIND FARM,Not matched
17,Alipur Garhi,ALIPUR GARHI,Match
18,Alipur Village GT Road,Ali Pur GT Road,Not matched
19,Bdo Office,Alipur Block-BDO Office,Slightly match
20,Budhpur GT Road,Budhpur,Slightly match
21,Jain Mandir,Jain Mandir,Match
22,Nangli Puna,Nangli Punam,Match
23,Gurudwara Siraspur GT Road,Gurudwara,Slightly match
24,Libas Pur GT Road,LIBASPUR,Not matched
25,Libas Pur GT Road,LIBASPUR,Not matched
26,Sanjay Gandhi Transport Nagar,SANJAY GANDHI TRANSPORT,Match
27,GTK Depot,G.T.K Depot,Match
28,Jahangir Puri Outer Ring Road,Jahangir Puri Crossing,Not matched
29,Jahangir Puri Metro Station,Jahangripuri Metro station,Match
30,Sarai Pipal Thala,Sarai Pipal Thala,Match
31,Adarsh Nagar Metro Station,Adarsh Nagar,Slightly match
32,New Sabzi Mandi,Azad Pur New Subzi Mandi,Slightly match
33,Azadpur,AZADPUR TERMINAL,Slightly match
34,Bara Bagh,Bara Bagh,Match
35,Gujranwala Town,Gujranwala Town,Match
36,Telephone Exchange,Telephone Exchange,Match
37,Harmilap Mission,Harmilap Mission,Match
38,State Bank Colony,SBI Colony,Slightly match
39,Gurudwara Nanak Pyau,Gurudwara Nanak Pyau,Match
40,Rana Pratap Bagh,RANAPARTAP BAGH,Slightly match
41,Gur Mandi,Gur Mandi,Match
42,Kamla Nagar/ Roop Nagar,ROOP NAGAR,Slightly match
43,Shakti Nagar Nangia Park,Shakti nagar,Slightly match
44,Birla Mills,Birla Mill,Match
45,Clock Tower,Clock Tower,Match
46,punjabi basti,PUNJABI BASTI,Match
47,Roshnara Bagh,ROSHANARA BAGH,Match
48,JAIPUR GOLDEN,JAIPUR GOLDEN,Match
49,Roshnara Road,Roshnara Road,Match
50,Ice Factory,Ice Factory,Match
51,St Stephen Hospital,St Stephen Hosp,Slightly match
52,Tees Hazari Court,Tis Hazari Court,Match
53,Mori Gate Terminal,Mori Gate Terminal,Match
54,Old Delhi Railway Station,OLD DELHI RAILWAY STATION,Match
