,OLD_STOPS,NEW_STOPS,OUTPUT
1,Badli Railway Staion,OLD DELHI RAILWAY STATION,Not matched
2,KODIYA PUL BUS STAND,KODIYA PUL BUS STAND,Match
3,G P O Kasmiri Gate,G P O Kasmiri Gate,Match
4,Guru Govind Singh University (Kashmere Gate),GGS IP University,Slightly match
5,ISBT Kashmere Gate,Mori Gate (T) / ISBT Kashmere Gate,Slightly match
6,ISBT Nityanand Marg,ISBT Nityanand Marg,Match
7,Tees Hazari Court,Tis Hazari Court,Match
8,St Stephen Hospital,St Stephen Hosp,Slightly match
9,Ice Factory (Roshanara Road),Ice Factory,Slightly match
10,Roshnara Road,Roshnara Road,Match
11,JAIPUR GOLDEN,JAIPUR GOLDEN,Match
12,Roshnara Bagh,ROSHANARA BAGH,Match
13,punjabi basti,PUNJABI BASTI,Match
14,Clock Tower,Clock Tower,Match
15,BIRLA MILL,Birla Mill,Match
16,Shakti Nagar Nangia Park,Shakti nagar,Slightly match
17,Roop Nagar (GT Road),ROOP NAGAR,Slightly match
18,Gur Mandi,Gur Mandi,Match
19,Rana Pratap Bagh,RANAPARTAP BAGH,Slightly match
20,Gurudwara Nanak Pyau,Gurudwara Nanak Pyau,Match
21,Sbi Colony,SBI Colony,Match
22,Harmilap Ashram,Harmilap Mission,Not matched
23,Telephone Exchange,Telephone Exchange,Match
24,Gujranwala Town,Gujranwala Town,Match
25,Bara Bagh,Bara Bagh,Match
26,Azadpur Terminal,AZADPUR TERMINAL,Match
27,Sabji Mandi Azadpur,Azad Pur New Subzi Mandi,Not matched
28,Adarsh Nagar / Bharola Village,Adarsh Nagar,Slightly match
29,Sarai Peepal Thala,Sarai Pipal Thala,Match
30,Jahangirpuri GT Road,Jahangripuri Metro station,Not matched
31,Jahangir Puri Metro Station,Jahangir Puri Crossing,Not matched
32,GTK Depot,G.T.K Depot,Match
33,Sanjay Gandhi Transport Nagar,SANJAY GANDHI TRANSPORT,Match
34,Libas Pur GT Road,LIBASPUR GT ROAD,Match
35,Gurudwara Siraspur GT Road,Gurudwara,Slightly match
36,Nangli Puna,Nangli Punam,Match
37,Jain Mandir,Jain Mandir,Match
38,Budhpur GT Road,Budhpur,Slightly match
39,Bdo Office,Alipur Block-BDO Office,Slightly match
40,Alipur Village GT Road,Ali Pur GT Road,Not matched
41,Mcd Rest H,MCD Rest House,Slightly match
42,Durga Mandir A,Durga Mandir Alipur,Slightly match
43,Ali Pur Garhi,Alipur Garhi,Match
44,Arvind Farm,ARVIND FARM,Match
45,Holambi Kalan Crossing,HOLAMBI KHURD XING,Not matched
46,Holambi Kalan Crossing,HOLAMBI KALAN XING,Slightly match
47,shah pur garhi,SHAHPUR GARHI,Match
48,DSIDC Narela,NARELA ITI,Not matched
49,Bhor Garh,BHORGARH VILLAGE,Not matched
50,Muneem Ji Ka Bagh,MUNIM JI KA BAGH,Match
51,New Anaj Mandi,NAI ANAZ MANDI,Not matched
52,Kurani More,KURANI MOR,Match
53,Old Anaj Mandi,Narela Mandi,Not matched
54,B-4 Police Colony Narela,NARELA,Not matched
55,Narela Terminal,Narela Hospital,Not matched
56,New Basti Bankner,New Bakner Basti,Match
57,Bankner Village,BANKNER VILLAGE,Match
58,Sarvodaya Vidyalaya Bankner,BANKNER SCHOOL,Slightly match
59,Lampur School,Lampur School,Match
60,Lampur Village,LAMPUR VILLAGE,Match
61,Lampur Border,LAMPUR BORDER,Match
