,OLD_STOPS,NEW_STOPS,OUTPUT
1,Ghoga Village,Sannoth Village,Not matched
2,Sannoth Crossing / Ghoga Crossing,Sannoth Xing,Not matched
3,Kaushal Devi Netraheen Ashram,Vishal Bagh,Not matched
4,Bharat Mata School,Bharat Mata Public School,Match
5,Maharaja Agrassen School,Maharaja Aggrasen Public School,Slightly match
6,SWATANTRA NAGAR,Swatantra nagar,Match
7,BAL BICHU GHAR,Bal Bichu Ghar,Match
8,NARELA RAILWAY X-ING,Narela Railway Xing,Match
9,ANAJ MANDI,Narela Mandi,Not matched
10,Narela Terminal,Narela Terminal,Match
11,Police Station Narela,P/S Narela ,Slightly match
12,shafia bad more,Shafia Bad More,Match
13,Ram Dev Chowk,Ram Dev Chowk,Match
14,Sec A-9 Narela,A-9 Narela,Match
15,S.Raja Harish Chander Hospital,S.Raja Harish Chander Hospital,Match
16,Munim Ji Ka Bagh,Muneem Ka Bagh,Not matched
17,Bhor Garh,Bhor Garh,Match
18,DSIDC Narela,DSIDC Narela,Match
19,Ali Pur Garhi,Shah Pur Garhi,Slightly match
20,Arvind Farm,Arvind Farm,Match
21,Holambi Kalan Terminal,Holambi Kalan More,Not matched
22,Holambi Khurd Crossing,Holambi Khurd Xing,Slightly match
23,Alipur Garhi,Ali Pur Garhi,Match
24,dayal pur,Dayal Market Ali Pur Village,Not matched
25,Bdo Office,PT Office Alipur,Slightly match
26,Alipur Village GT Road,Ali Pur GT Road,Not matched
27,Bdo Office,Alipur BDO Office,Slightly match
28,Bdo Office,CPWD Office Alipur,Slightly match
29,Budhpur GT Road,Budh Pur,Not matched
30,Jain Mandir,Jain Mandir,Match
31,Nangli Puna,Nangli Poonam,Slightly match
32,Gurudwara Siraspur GT Road,Gurudwara,Slightly match
33,Swaroop Nagar GT Road,Swroop Nagar,Slightly match
34,Libas Pur GT Road,Libas Pur GT Road,Match
35,Sanjay Gandhi Transport Nagar,Sanjay Gandi Transport Nagar,Match
36,GTK Bypass / Mukraba Chowk,GTK by Pass,Not matched
37,GTK Depot,GTK Depot,Match
38,Jahangirpuri GT Road,Jahangir Pur GT Road,Match
39,Sarai Pipal Thala,Sarai Pippal Thala,Match
40,Adarsh Nagar Metro Station,Adarsh Nagar,Slightly match
41,New Sabzi Mandi,New Subzi Mandi,Match
42,Azadpur,Azad Pur,Match
43,Bara Bagh,Bara Bagh,Match
44,Gujranwala Town,Gujrawalan Town,Match
45,Telephone Exchange,Telepohone Exchange,Match
46,State Bank Colony,State Bank Colony,Match
47,Indra Kalyan Vihar,Kalyan Vihar,Slightly match
48,Gurudwara Nanak Pyau,Gurudwara Nanak Piou,Slightly match
49,Rana Pratap Bagh,Rana Pratap Bagh,Match
50,Gur Mandi,Gur Mandi,Match
51,Roop Nagar / Shakti Nagar (GT Road),Shakti Nagar,Slightly match
52,Roop Nagar / Kamla Nagar,P.S. Kamla Nagar,Slightly match
53,Malka Ganj Terminal,Malka Ganj,Slightly match
54,Clock Tower,Clock Tower,Match
55,Roshnara Bagh,Roshanara Bagh,Match
56,Roshnara Road,Roshanara Road,Match
57,Ice Factory,Ice Factory,Match
58,St Stephen Hospital,St. Stephen Hosp.,Slightly match
59,Mori Gate Terminal,Mori Gate Terminal,Match
60,Novelty Cinema,Novelty,Slightly match
61,HANUMAN MANDIR,Shiv Hanuman Mandir,Match
62,Old Delhi Railway Station,Old Delhi Railway Station,Match
