,OLD_STOPS,NEW_STOPS,OUTPUT
1,Old Delhi Railway Station,Old Delhi Railway Station,Match
2,GPO,GPO ,Match
3,ISBT Kashmere Gate,ISBT Kashmere Gate,Match
4,Tees Hazari Animal Hospital Mori Gate,Tees Hazari,Not matched
5,Ice Factory,Ice Factory,Match
6,Roshnara Road,Roshanara Road,Match
7,Delhi Flour Mill,Delhi Flour Mill,Match
8,Mata Mandir Roshanara Road,Mata Mandir Roshanara Road,Match
9,Roshnara Bagh,Roshanara Bagh,Match
10,Clock Tower,Clock Tower,Match
11,BIRLA MILL,Birla Mill,Match
12,Roop Nagar / Shakti Nagar (GT Road),Shakti Nagar Chowk,Slightly match
13,Shakti Nagar,Shakti Nagar,Match
14,Karol Bagh Metro Station,Roop Nagar,Not matched
15,Gur Mandi,Gur Mandi,Match
16,Rana Pratap Bagh,Rana Pratap Bagh,Match
17,Gurudwara Nanak Piou,Gurudwara Nanak Piou,Match
18,Indra Kalyan Vihar,Kalyan Vihar,Slightly match
19,State Bank Colony,State Bank Colony,Match
20,Telephone Exchange,Telephone Exchange,Match
21,Gujranwala Town,Gujranwala Town,Match
22,Bara Bagh,Bara Bagh,Match
23,Azadpur Terminal,Azad Pur ,Not matched
24,Sabji Mandi Azadpur,Azad Pur Subzi Mandi,Slightly match
25,Adarsh Nagar / Bharola Village,Adarsh Nagar,Slightly match
26,Prem Nagar,Sarai Pipal Thala,Not matched
27,Jahangir Puri Gt Road,Jahangir Puri GT Road,Match
28,GTK Depot,GTK Depot,Match
29,GTK Bypass / Mukraba Chowk,GTK by Pass,Not matched
30,Sanjay Gandhi Transport Nagar,Sanjay Gandhi Transport Nagar,Match
31,Libas Pur GT Road,Libas Pur GT Road,Match
32,Swaroop Nagar GT Road,Swrooop Nagar,Slightly match
33,Gurudwara Siraspur GT Road,Gurudwara,Slightly match
34,Nangli Puna,Nangli Poonam,Slightly match
35,Jain Mandir,Jain Mandir,Match
36,Budhpur GT Road,Budhpur,Slightly match
37,Bdo Office,Alipur Block BDO Office,Slightly match
38,Ali Pur Gt Road,Ali Pur GT Road,Match
39,Alipur Village GT Road,Ali Pur Village,Not matched
40,Alipur Cpwd Office,MCD OFFICE ,Slightly match
41,Durga Mandir A,DURGA MANDIR ALIPUR,Slightly match
42,Ali Pur Garhi,Alipur Garhi,Match
43,Arvind Farm,Arvind Farm,Match
44,Holambi Khurd Crossing,Holambi Khurd Crossing,Match
45,Shahpur Garhi,Shah Pur Garhi,Match
46,DSIDC Narela,DSIDC Narela,Match
47,Bhor Garh,Bhor Garh,Match
48,Babu Jag Jeevan Ram Colony,Babu Jagjiwan Ram,Slightly match
49,Munim Ji Ka Bagh,Muneem Ji Ka Bagh,Match
50,New Anaj Mandi,New Anaj Mandi,Match
51,Kurani More,Kureaini Xing,Not matched
52,Narela Rly Xing,Narela Railway Crossing,Slightly match
53,Swatantra Ngr,Swatantra Nagar,Match
54,Maharaja Aggsen Publ Scl,Maharaja Agarsen Public School,Slightly match
55,Vishal Bagh,Vishal Bagh,Match
56,Sannoth Xing,Sannoth Xing,Match
57,Sanoth  Vill,Sannoth Village,Slightly match
