,OLD_STOPS,NEW_STOPS,OUTPUT
1,Badli Railway Staion,Old Delhi Railway Station,Not matched
2,Tees Hazari Animal Hospital Mori Gate,Tis Hazari Animal Hospital,Slightly match
3,Ice Factory (Roshanara Road),Ice Factory,Slightly match
4,Roshnara Road,Roshnara Road,Match
5,Roshnara Bagh,Roshnara Bagh,Match
6,Clock Tower,Clock Tower,Match
7,BIRLA MILL,Birla Mill,Match
8,Shakti Nagar,Shakti Nagar ,Match
9,Roop Nagar (GT Road),Rup Nagar,Slightly match
10,Gur Mandi,Gur Mandi,Match
11,Rana Pratap Bagh,R.P. Bagh,Slightly match
12,Gurudwara Nanak Pyau,Gurudwara Nanak Pyau,Match
13,Sbi Colony,SBI Colony,Match
14,Harmilap Ashram,Harmilap Mission,Not matched
15,Telephone Exchange,Telephone Exchange,Match
16,Gujranwala Town,Gujranwala Town,Match
17,Bara Bagh,Bara Bagh,Match
18,Azadpur Terminal,Azadpur Terminal,Match
19,Sabji Mandi Azadpur,Azad Pur Nai Subzi Mandi,Not matched
20,Adarsh Nagar / Bharola Village,Adarsh Nagar,Slightly match
21,Sarai Peepal Thala,Sarai Peepal Thala,Match
22,Jahangirpuri GT Road,Jahangir Puri Metro Station,Not matched
23,Jahangir Puri Metro Station,Jahangir Puri Crossing,Match at 22 in new_data list
24,GTK Depot,G.T.K Depot,Match
25,G.T.K BY PASS,G.T.K By Pass,Match
26,Sanjay Gandhi Transport Nagar,Sanjay Gandhi Transport Nagar,Match
27,Libas Pur GT Road,Libas Pur GT Road,Match
28,Swaroop Nagar GT Road,Swaroop Nagar,Slightly match
29,Gurudwara Siraspur GT Road,Gurudwara,Slightly match
30,Nangli Puna,Nangli Punam,Match
31,Jain Mandir,Jain Mandir,Match
32,Budhpur GT Road,Budhpur ,Slightly match
33,Bdo Office,Alipur Blk.(BDO Office),Slightly match
34,Alipur Village GT Road,Alipur GT Road,Slightly match
35,Alipur Cpwd Office,CPWD Office Ali Pur,Match
36,Bakauli Crossing,Bakauli crossing,Match
37,Palla Xing,Palla Xing,Match
38,Jaipur G Trapt,Jaipur Golden Transport,Slightly match
39,Bakhtawar Pur Garhi,Bakhtawar Pur School,Not matched
40,Bakhtawar Pur Garhi,Bakhtawar Pur,Match
41,Ramzan Pur Crossing,Ramjan Pur Crossing,Match
42,Ramzan Pur Village,Ramjan Pur Village,Match
