,OLD_STOPS,NEW_STOPS,OUTPUT
1,E Block Jahangir Puri Terminal,E Block Jahangir Puri,Match
2,Jahangirpuri B Block,C Block Jahangir Puri,Slightly match
3,Jahangirpuri K Block,K Block Jahangir Puri,Match
4,Jahangirpuri A-Block,A Block Jahangir Puri,Match
5,Jahangir Puri Metro Station,Jahangir Puri Xing,Slightly match
6,Jahangir Puri Metro Station,Jahangir Puri Metro Station,Match
7,Sarai Pipal Thala,Sarai Peepal Thala,Match
8,Adarsh Nagar Metro Station,Adarsh Nagar,Slightly match
9,New Sabzi Mandi,Azad Pur New Subzi Mandi,Slightly match
10,Azadpur,Azadpur ,Match
11,Bara Bagh,Bara Bagh,Match
12,Gujranwala Town,Gujranwala Town,Match
13,Satyawati College,Satyawati College,Match
14,KD Block Ashok Vihar,Ashok Vihar B-2,Slightly match
15,JA Block Ashok Vihar,Ashok Vihar A Block,Match
16,Ashok Vihar Water Tank,Ashok Vihar Water Tank,Match
17,Ashok Vihar I Block,Ashok Vihar J Block,Match
18,Wazir Pur JJ Colony,Wazir Pur JJ Colony Crossing,Match
19,Wazirpur JJ Colony,Wazir Pur J J Colony,Match
20,Nimri Colony,Nimri Colony,Match
21,Nimri Colony,Nimri Colony,Match
22,Bharat Nagar,Bharat nagar,Match
23,Bharat Nagar Crossing / Sri Nagar Colony,Bharat Nagar Xing,Slightly match
24,Chowki No 2 / Gulabi Bagh Crossing,Chowki No.2,Slightly match
25,Gulabi Bagh,Gulabi Bagh Xing,Match
26,Shastri Nagar A Block,Shastri Nagar A Block,Match
27,Gulabi Bagh,Gulabi Bagh,Match
28,Subhadra Colony,Subhadra Colony,Match
29,Sarai Rohilla Flyover,Sarai Rohilla flyover,Match
30,Sarai Rohilla Govt Qtrs,Sarai Rohilla,Slightly match
31,Liberty Cinema,Liberty Cinema,Match
32,Dev Nagar / Khalsa College,Dev Nagar-Khalsa College,Match
33,Prahlad Market,Prehlad Market,Match
34,Thana DB Gupta Road,P.S. D.B. Gupta Road,Not matched
35,DB Gupta Market,DB Gupta Market,Match
36,Faiz Road,Faiz Road,Match
37,Karol Bagh Terminal,Karol Bagh Terminal,Match
38,Jhandewalan,Jhandewalan,Match
39,Paharganj Police Station,P.S. Pahar Gunj,Not matched
40,Dispensary Paharganj,Paharganj Dispensary,Match
41,New Delhi Railway Station Gate 1,New Delhi Railway Station Gate-1,Match
42,Marina,Marina Hotel,Slightly match
43,Super Bazar,Super Bazar,Match
44,Regal,Regal,Match
45,P S Parliament / Jantar Mantar,PS Parliament,Slightly match
46,Aakashwani Bhawan,Aakashwani Bhawan,Match
47,Krishi Bhawan / Rail Bhawan Metro Station,Krishi Bhawan,Not matched
48,Udyog Bhawan,Udhyog Bhawan,Match
49,Nirman Bhawan,Nirman Bhawan,Match
50,Vigyan Bhawan,Vigyan Bhawan,Match
51,Akbar Road,Akbar Road,Match
52,Baroda House,Baroda House,Match
53,National Stadium,National Stadium,Match
54,Art Gallery,National Art Gallery,Slightly match
55,Shahjahan Road,Shahajahan Road,Match
56,Kotah House,Kota House,Match
57,Humayun Road,Humanyun Road,Match
58,Sujan Singh Park,Sujan Singh Park,Match
59,Bharti Nagar,Bharti Nagar,Match
60,Dayal Singh College,Dayal Singh College,Match
61,JLN Stadium (Sunehripulla Depot),JLN Stdm (S.Pullah Nallah Parking),Not matched
62,Ishpat Bhawan,Ishpat Bhawan,Match
63,Police Station Nizamuddin (Dargah),P.S. Nizamuddin,Slightly match
64,Nizamuddin Extension,Hazrat Nizamuddin,Not matched
65,Bhogal (Jungpura),Bhogal,Slightly match
66,Rojdoot Hotel,RajDoot Hotal,Slightly match
67,Nizamuddin Railway Station,Nizamuddin Railway Station,Match
