,OLD_STOPS,NEW_STOPS,OUTPUT
1,E Block Jahangir Puri Terminal,E Block Jahangir Puri,Match
2,Jahangirpuri B Block,C Block Jahangir Puri,Slightly match
3,Jahangirpuri K Block,K Block Jahangir Puri,Match
4,Jahangirpuri A-Block,A Block Jahangir Puri,Match
5,Jahangir Puri Metro Station,Jahangir Puri X-ing,Not matched
6,Jahangir Puri Metro Station,Jahangir Puri Metro Station,Match
7,Sarai Pipal Thala,Sarai Pipal Thala,Match
8,Adarsh Nagar Metro Station,Adarsh Nagar,Slightly match
9,New Sabzi Mandi,Azad Pur New Subzi Mandi,Slightly match
10,Azadpur,Azadpur ,Match
11,Bara Bagh,Bara Bagh,Match
12,Gujranwala Town,Gujranwala Town,Match
13,Telephone Exchange,Telephone Exchange,Match
14,Harmilap Mission,Harmilap Mission,Match
15,State Bank Colony,SBI Colony,Slightly match
16,Gurudwara Nanak Pyau,Gurudwara Nanak Pyau,Match
17,Rana Pratap Bagh,Rana Pratap Bagh,Match
18,Gur Mandi,Gur Mandi,Match
19,Kamla Nagar/ Roop Nagar,Roop Nagar,Slightly match
20,Shakti Nagar Nangia Park,Shakti Nagar- Nangia Park-U02136,Match
21,Chowki No 2 / Gulabi Bagh Crossing,Chowki No.2-U02014,Not matched
22,Gulabi Bagh,Gulabi Bagh X-Ing-U02023,Slightly match
23,Shastri Nagar A Block,Shastri Nagar A Block-U01999,Match
24,Gulabi Bagh,Gulabi Bagh-U01940,Slightly match
25,Subhadra Colony,Subhadra Colony-DC3129,Match
26,Sarai Rohilla Flyover,Sarai Rohilla flyover-DC2913,Match
27,Sarai Rohilla Govt Qtrs,Sarai Rohilla-U01925,Not matched
28,Liberty Cinema,Liberty Cinema,Match
29,Dev Nagar / Khalsa College,Dev Nagar-Khalsa College-U02027,Match
30,Prahlad Market,Prehlad Market-U02073,Slightly match
31,Thana DB Gupta Road,P.S. D.B. Gupta Road,Not matched
32,DB Gupta Market,DB Gupta Market-U02119,Match
33,Faiz Road,Faiz Road-DC2048,Slightly match
34,Karol Bagh Terminal,Karol Bagh Terminal-U02241,Match
35,Jhandewalan,Jhandewalan-U02300,Slightly match
36,Paharganj Police Station,P.S. Pahar Gunj,Not matched
37,Dispensary Paharganj,Paharganj Dispensary,Match
38,New Delhi Railway Station Gate 1,New Delhi Railway Station Gate-1,Match
39,Marina,Marina Hotel,Slightly match
40,Super Bazar,Super Bazar,Match
41,Regal,Regal,Match
42,P S Parliament / Jantar Mantar,PS Parliament,Slightly match
43,Aakashwani Bhawan,Aakashwani Bhawan,Match
44,Krishi Bhawan / Rail Bhawan Metro Station,Krishi Bhawan,Not matched
45,Udyog Bhawan,Udhyog Bhawan,Match
46,Nirman Bhawan,Nirman Bhawan,Match
47,Vigyan Bhawan,Vigyan Bhawan-U02625,Slightly match
48,Akbar Road,Akbar Road-U02695,Slightly match
49,Baroda House,Baroda House,Match
50,National Stadium,National Stadium,Match
51,Art Gallery,National Art Gallery,Slightly match
52,Shahjahan Road,Shahajahan Road-U02720,Slightly match
53,Kotah House,Kota House-DC2994,Slightly match
54,Humayun Road,Humanyun Road-DC0085,Slightly match
55,Sujan Singh Park,Sujan Singh Park-DC2043,Match
56,Bharti Nagar,Bharti Nagar-U02747,Slightly match
57,Dayal Singh College,Dayal Singh College,Match
58,JLN Stadium (Sunehripulla Depot),JLN Stdm (S.Pullah Nallah Parking),Not matched
59,Ishpat Bhawan,Ishpat Bhawan,Match
60,Police Station Nizamuddin (Dargah),P.S. Nizamuddin,Slightly match
61,Nizamuddin Extension,Hazrat Nizamuddin,Not matched
62,Bhogal (Jungpura),Bhogal,Slightly match
63,Rojdoot Hotel,RajDoot Hotal,Slightly match
64,Nizamuddin Railway Station,Nizamuddin Railway Station,Match
