,OLD_STOPS,NEW_STOPS,OUTPUT
1,Daulat Pur Village,Nathu Pura,Not matched
2,Natthupura Terminal,Natthu Pura Crossing,Not matched
3,Amrit Vihar Colony,Amrit Vihar Colony,Match
4,Koushik Enclave,Kaushik Enclave,Match
5,Laxmi Vihar,Laxmi Vihar,Match
6,Burari Village,Burari Garhi,Not matched
7,Ekta Garden- Harijan Basti,Ekta Garden-Harijan Basti,Match
8,Burari Village,Burari,Slightly match
9,Sarvodhya Vidhyalay Burari,Burari School,Slightly match
10,Balti Factory,Balti Factory,Match
11,Sant Nagar A-1,Sant Nagar ,Match
12,Jharoda Dairy Crossing,Jharoda Dairy,Slightly match
13,Burari Transport Authority,Burari Authority,Slightly match
14,Hardev Nagar / Jharoda Crossing (Burari),Jharoda Crossing,Slightly match
15,Nirankari Sarover- Burari Xing,Sant Sarover,Not matched
16,CV Raman ITI,CV Raman ITI,Match
17,Nirankari Colony,Nirankari Colony,Match
18,Radio Colony,Radio Colony,Match
19,Bhai Parmanand Colony,Bhai Parmanand Colony,Match
20,Mukharji Nagar Tank,Mukherji Nagar Tank,Match
21,Mukharji Nagar Xing,Mukharji Nagar Xing,Match
22,Indra Vihar,Indira Vihar,Match
23,BBM Cluster Depot,BBM II Depot,Slightly match
24,Sewa Kutir,Sewa Kutir,Match
25,GTB Nagar / Haqiqat Nagar,Hakikat Nagar,Slightly match
26,GTB Nagar / Haqiqat Nagar,GTB Nagar,Slightly match
27,INS Hostel,INS Hostel,Match
28,Vishwa Vidyalaya Metro Station,VishwaVidhalaya Metro Station,Match
29,Mall Road,Mall Road,Match
30,Khyber Pass,Kheber pass,Match
31,Vidhan Sabha Metro Station,Vidhan Sabha Metro Station,Match
32,Old Secretariat (Postal Account Office),Old Sectariate,Slightly match
33,IP College,I P College,Match
34,Exchange Store / Civil Lines Metro Station,Civil Line Metro Station,Slightly match
35,Ludlow Castle,Ludlow Castle School,Slightly match
36,ISBT Kashmere Gate (Lothian Road),ISBT K.Gate,Slightly match
37,Guru Govind Singh University (Kashmere Gate),GGS IP University,Slightly match
38,G P O Kasmiri Gate,GPO Kashmere Gate,Not matched
39,Red Fort,Red Fort,Match
40,Jama Masjid,Jama Masjid,Match
41,Darya Ganj,Darya Ganj,Match
42,GOLCHA CINEMA,Golcha Cinema,Match
43,Delhi Gate (JLN Marg),Delhi Gate,Slightly match
44,LNJP Hospital,LNJP Hospital,Match
45,Zakir Husain College,Zakir Hussain College,Match
46,Vivekanand Marg / Minto Road,Vivekanad Marg,Slightly match
47,Shivaji Park,Shivaji Park,Match
48,Super Bazar,Super Bazar,Match
49,Regal,Regal,Match
50,P S Parliament / Jantar Mantar,P.S. Parliament,Slightly match
51,Patel Chowk (Ashoka Road),Patel Chowk,Slightly match
52,Gurudwara Bangla Sahib,Gurudwara Bangla Sahib,Match
53,NDPO,NDPO,Match
54,Kendriya Terminal (Pt. Pant Marg),Kendriya Terminal,Slightly match
55,Gurudwara Rakab Ganj,Gurudwara Rakab Ganj,Match
56,Kendriya Terminal (Church Road),Kendriya Terminal (Church Road),Match
