,OLD_STOPS,NEW_STOPS,OUTPUT
1,Kendriya Terminal (Church Road),Kendriya Terminal (Church Road),Match
2,Gurudwara Rakab Ganj,Gurudwara Rakab Ganj,Match
3,Kendriya Terminal (Church Road),Kendriya Terminal,Slightly match
4,NDPO,NDPO,Match
5,Gurudwara Bangla Sahib,Gurudwara Bangla Sahib,Match
6,Palika Kender,Palika Kendra,Match
7,Regal,Regal,Match
8,Shivaji Park,Shivaji Park,Match
9,Vivekanand Marg / Minto Road,Vivekanad Marg,Slightly match
10,JLN Marg,Jwahar Lal Nehru Marg,Not matched
11,Zakir Husain College,Zakir Hussain College,Match
12,Turkman Gate / G B Pant Hosipatal,Turakman Gat,Slightly match
13,Delite Cinema,Delite Cinema,Match
14,Delhi Gate,Delhi Gate,Match
15,Golcha Cinema,Golcha Cinema,Match
16,Darya Ganj,Darya Ganj,Match
17,Subhash Park,Subhash Park,Match
18,Jama Masjid,Jama Masjid,Match
19,Red Fort,Red Fort,Match
20,GPO,GPO Kashmere Gate,Not matched
21,Guru Govind Singh University (Kashmere Gate),GGS IP University,Slightly match
22,ISBT Kashmere Gate,ISBT K.Gate,Slightly match
23,ISBT Nityanand Marg,ISBT Nityanand Marg,Match
24,Ludlow Castle,Ludlow Castle School,Slightly match
25,Exchange Store / Civil Lines Metro Station,Civil Line Metro Station,Slightly match
26,IP College (GT Road),I P College,Slightly match
27,Old Secretariat (Postal Account Office),Old Sectariate,Slightly match
28,Vidhan Sabha Metro Station,Vidhan Sabha Metro Station,Match
29,Khyber Pass,Kheber pass,Match
30,Mall Road,Mall Road,Match
31,Vishwa Vidyalaya Metro Station,VishwaVidhalaya Metro Station,Match
32,INS Hostel,INS Hostel,Match
33,GTB Nagar / Haqiqat Nagar,GTB Nagar,Slightly match
34,GTB Nagar / Haqiqat Nagar,Hakikat Nagar,Slightly match
35,Sewa Kutir,Sewa Kutir,Match
36,BBM Cluster Depot,BBM II Depot,Slightly match
37,Indra Vihar,Indira Vihar,Match
38,Mukharji Nagar Xing,Mukharji Nagar Xing,Match
39,Mukharji Nagar Tank,Mukherji Nagar Tank,Match
40,Bhai Parmanand Colony,Bhai Parmanand Colony,Match
41,Radio Colony,Radio Colony,Match
42,Nirankari Colony,Nirankari Colony,Match
43,CV Raman ITI,CV Raman ITI,Match
44,sant sarover,Sant Sarover,Match
45,Jharoda Dairy Crossing,Jharoda Crossing,Match
46,Burari Transport Authourity,Burari Authority,Slightly match
47,Jharoda Dairy Xing,Jharoda Dairy,Match
48,Sant Nagar A-1,Sant Nagar ,Match
49,Balti Factory,Balti Factory,Match
50,Sarvodhya Vidhyalay Burari,Burari School,Slightly match
51,Burari Garhi,Burari,Slightly match
52,Ekta Garden- Harijan Basti,Ekta Garden-Harijan Basti,Match
53,Burari Garhi,Burari Garhi,Match
54,Laxmi Vihar,Laxmi Vihar,Match
55,Koushik Enclave,Kaushik Enclave,Match
56,APS Colony,Amrit Vihar Colony,Slightly match
57,Natthupura Terminal,Natthu Pura Crossing,Not matched
58,nathu pura,Nathu Pura,Match
