,OLD_STOPS,NEW_STOPS,OUTPUT
1,Kendriya Terminal (Church Road),Kendriya Terminal,Slightly match
2,NDPO,NDPO,Match
3,Gurudwara Bangla Sahib,Gurudwara Bangla Sahib,Match
4,Patel Chowk,Patel Chowk,Match
5,Windsor Place,Windsor Place,Match
6,Firoz Shah Road,Firoz Shah Road,Match
7,K.G. Marg Xing,K.G. Marg Xing,Match
8,Mandi House,Mandi House,Match
9,Tilak Bridge,Tilak Bridge,Match
10,ITO (Agarwal Chowk),I.T.O.,Not matched
11,Express Building,Express Building,Match
12,Delhi Gate,Delhi Gate,Match
13,Raj Ghat,Dr.Ambedkar Terminal,Match at 14 in new_data list
14,Shanti Vana,Raj Ghat,Not matched
15,Vijay Ghat,Santi Van,Match at 17 in new_data list
16,GGS Indraprastha University Kashmere Gate,Geeta Colony Flyover/Vjay Ghat,Not matched
17,ISBT Ring Road,Vijay Ghat,Match at 20 in new_data list
18,Raksha Vigyan Kendra,Hanuman Mandir,Not matched
19,Majnu Ka Tila,Yamuna Bazar,Not matched
20,Nehru Vihar Crossing,I.S.B.T. Ring Road,Not matched
21,Wazirabad Crossing GT Road,ISBT Nityanand Marg,Not matched
22,Gopal Pur Xing,Ludlow Castle,Not matched
23,Jagat Pur Xing,Civil Line Metro Station,Not matched
24,Gandhi Vihar,I P College,Not matched
25,CV Raman ITI,Old Secretriate,Not matched
26,Burari X-Ing,Vidhan sabha metro station,Not matched
27,Mukand Pur More,Khyber Pass,Not matched
28,Jahangir Puri Outer Ring Road,Mall Road Ring Road,Not matched
29,Jag Jivan Ram Hospital,Vishva vidyalaya metro station,Not matched
30,Bhalaswa X ing,INS Hostel,Not matched
31,G.T.K BY PASS,G.T.B Nagar,Match at 43 in new_data list
32,Badli Crossing,New Police Line,Match at 44 in new_data list
33,Badli Railway Staion,Alpana Cinema,Not matched
34,Rohini Sec 23 Pkt 1 (Green Hill Aptt.),Model Town-II,Not matched
35,Rohini Sec-16 Pocket-I,Model Town-III,Not matched
36,Rohini Sec 16 (Maharaja Aggarsen Dharam Sthal),Azadpur ,Not matched
37,Rohini Sector-16 Xing,Azad Pur Nai Subzi Mandi,Match at 49 in new_data list
38,Telephone Exchange,Adarsh Nagar,Match at 50 in new_data list
39,Shahbad Bank,Sarai Peepal Thala,Match at 51 in new_data list
40,Engineering College,Jahangir Puri Metro Station,Not matched
41,Shahbad Daulatpur Gaon,Jahangir Puri Crossing,Not matched
42,St Xavier School,GTK Depot,Not matched
43,Shahbad Dairy Block A,GTK By Pass,Match at 55 in new_data list
44,Shahbad Dairy,Badli Crossing,Match at 56 in new_data list
45,Prehlad Pur Mandir,Jail Road,Match at 57 in new_data list
46,Prehladpur School,Rohini Sec-18 Police Chowki,Match at 59 in new_data list
47,Prehladpur Village,Badli School,Not matched
48,Barwala Village,Rohini Sector-18,Not matched
49,Barwala Village,Rohini Sector-16 Xing,Not matched
50,DHARAMSHALA POOTH KHURD,Telephone Exchange,Match at 64 in new_data list
51,Pooth Khurd village,Shahbad Bank,Match at 63 in new_data list
52,Mahrishi Balmiki Hospital,Delhi College of Engineering Shahbad,Match at 65 in new_data list
53,DSIDC Office Bawana,Sahabad Daulatpur ,Match at 68 in new_data list
54,DSIDC Bawana/ Dhakewala,St Xavier School Daulatpur,Not matched
55,DSIDC Office Bawana,Shahbad Dairy Block A,Match at 68 in new_data list
56,Bawana Depot,Shahbad Dairy,Match at 72 in new_data list
57,Bawana Depot,Prehlad Pur Mandir,Match at 72 in new_data list
58,PS Bawana,Prehlad Pur ,Match at 73 in new_data list
59,Dariyapur Kalan School Bawana,Prehlad Pur School,Slightly match
60,Dariyapur Kalan School,Jain Colony,Not matched
61,Harewali Xing,Barwala Pathshala,Match at 76 in new_data list
62,Auchandi Village,Barwala ,Match at 77 in new_data list
63,Auchandi Border,Pooth Khurd village,Match at 78 in new_data list
64,Mangesh Pur,Dharamshala Pooth Khurd,Not matched
65,Jawahar Navodya School,Mahrishi Balmiki Hospital,Not matched
66,Katevara Xing,Dhakewala,Match at 81 in new_data list
67,Qutab Garh,DSIDC Sec-1(Bawana),Match at 82 in new_data list
68,,DSIDC Office Bawana,
69,,Bawana School,
70,,DSIDC Sec-1,
71,,Bawana,
72,,Bawana Depot,
73,,PS Bawana,
74,,Darya Pur School,
75,,Darya Pur Village,
76,,Harewali Xing,
77,,Auchandi Village,
78,,Auchandi Border,
79,,Mungesh Pur,
80,,Jawahar Navodaya School,
81,,Katevara Xing,
82,,Qutab Garh ,
