,OLD_STOPS,NEW_STOPS,OUTPUT
1,Keshav Nagar Mukti Ashram,Keshav Nagar ,Slightly match
2,Ibrahim Pur More,Ibrahim Pur Xing,Not matched
3,Natthupura Terminal,Nathu Pura Crossing,Not matched
4,Amrit Vihar Colony,Amrit Vihar Colony,Match
5,Koushik Enclave,Kaushik Enclave,Match
6,Laxmi Vihar,Laxmi Vihar,Match
7,Burari Village,Burari Garhi,Match at 9 in new_data list
8,Ekta Garden- Harijan Basti,Ekta Garden-Harijan Basti,Match
9,Burari Village,Burari Village,Match
10,Sarvodaya Vidyalaya Bankner,Burari School,Not matched
11,sarvodya school,Sarvodya School,Match
12,Balti Factory,Balti Factory,Match
13,Sant Nagar A-1,Sant Nagar ,Match
14,Jharoda Dairy Crossing,Jharoda Dairy Xing / Bengali Colony,Slightly match
15,Burari Transport Authority,Burari Authority,Slightly match
16,Hardev Nagar / Jharoda Crossing (Burari),Jharoda Crossing,Slightly match
17,Nirankari Sarover- Burari Xing,Sant Sarover,Not matched
18,CV Raman ITI,CV Raman ITI,Match
19,Nirankari Colony,Nirankari Colony,Match
20,Radio Colony,Radio Colony,Match
21,Dhaka Village,Dhaka,Slightly match
22,Balmiki Gandhi Ashram,Gandhi Ashram,Slightly match
23,TB Hospital,ID Hospital,Slightly match
24,GTB Nagar,GTB Nagar,Match
25,INS Hostel,INS Hostel,Match
26,Vishwa Vidyalaya Metro Station,VishwaVidhalaya Metro Station,Match
27,Mall Road,Mall Road,Match
28,Khyber Pass,Kheber pass,Match
29,Vidhan Sabha Metro Station,Vidhan Sabha Metro Station,Match
30,Old Secretariat (Postal Account Office),Old Sectariate,Slightly match
31,IP College,I P College,Match
32,Exchange Store / Civil Lines Metro Station,Civil Line Metro Station,Slightly match
33,Ludlow Castle,Ludlow Castle School,Slightly match
34,ISBT Nityanand Marg,ISBT Nityanand Marg,Match
