,OLD_STOPS,NEW_STOPS,OUTPUT
1,ISBT Nityanand Marg,ISBT Nityanand Marg,Match
2,Ludlow Castle,Ludlow Castle School,Slightly match
3,Exchange Store / Civil Lines Metro Station,Civil Line Metro Station,Slightly match
4,IP College (GT Road),I P College,Slightly match
5,Old Secretariat (Postal Account Office),Old Sectariate,Slightly match
6,Vidhan Sabha Metro Station,Vidhan Sabha Metro Station,Match
7,Khyber Pass,Kheber pass,Match
8,Mall Road,Mall Road,Match
9,Vishwa Vidyalaya Metro Station,VishwaVidhalaya Metro Station,Match
10,INS Hostel,INS Hostel,Match
11,GTB Nagar,GTB Nagar,Match
12,TB Hospital,ID Hospital,Slightly match
13,Balmiki Gandhi Ashram,Gandhi Ashram,Slightly match
14,Dhaka Village,Dhaka,Slightly match
15,Radio Colony,Radio Colony,Match
16,Nirankari Colony,Nirankari Colony,Match
17,CV Raman ITI,CV Raman ITI,Match
18,sant sarover,Sant Sarover,Match
19,Jharoda Dairy Crossing,Jharoda Crossing,Match
20,Burari Transport Authourity,Burari Authority,Slightly match
21,Jharoda Dairy Xing,Jharoda Dairy Xing / Bengali Colony,Slightly match
22,Sant Nagar A-1,Sant Nagar ,Match
23,Balti Factory,Balti Factory,Match
24,Sarvodhya Vidhyalay Burari,Sarvodya School,Not matched
25,Sarvodhya Vidhyalay Burari,Burari School,Slightly match
26,Burari Village,Burari Village,Match
27,Ekta Garden- Harijan Basti,Ekta Garden-Harijan Basti,Match
28,Burari Garhi,Burari Garhi,Match
29,Laxmi Vihar,Laxmi Vihar,Match
30,Koushik Enclave,Kaushik Enclave,Match
31,APS Colony,Amrit Vihar Colony,Slightly match
32,Natthupura Crossing,Natthu Pura Crossing,Match
33,Ibrahim Pur More,Ibrahim Pur Xing,Not matched
34,Keshav Nagar Mukti Ashram,Keshav Nagar,Slightly match
