,OLD_STOPS,NEW_STOPS,OUTPUT
1,Narela Terminal,Narela Terminal,Match
2,P.S. NARELA,Thana Narela,Not matched
3,RAM DEV CHOWK,Ram Dev Chowk,Match
4,Sec A 5 and 8 Narela Desu Colony,A 5/6 Narela Xing,Not matched
5,Singhu Border GT Road,Singhu Border,Slightly match
6,Singhu Village Crossing,Singhu Village Crossing,Match
7,Singhola Crossing,Singhola,Slightly match
8,Tikri Khurd Crossing / AMPC,Tikri Khurd Xing,Slightly match
9,Khampur Village,Khampur,Slightly match
10,Jail Road Rohini Sec 18,Bakoli,Not matched
11,Bakauli Crossing,Bakauli crossing,Match
12,Pwd Office,CPWD Office Ali Pur,Slightly match
13,Alipur Village GT Road,Ali Pur GT Road,Not matched
14,Bdo Office,Alipur Block BDO Office,Slightly match
15,Budhpur GT Road,Budhpur,Slightly match
16,Jain Mandir,Jain Mandir,Match
17,Nangli Puna,Nangli Punam,Match
18,Gurudwara Siraspur GT Road,Gurudwara,Slightly match
19,Swaroop Nagar GT Road,Swaroop Nagar,Slightly match
20,Libas Pur GT Road,Libas Pur GT Road,Match
21,Sanjay Gandhi Transport Nagar,Sanjay Gandhi Transport Nagar,Match
22,GTK Bypass / Mukraba Chowk,GTK By Pass,Not matched
23,GTK Depot,G.T.K Depot,Match
24,Jahangir Puri Outer Ring Road,Jahangir Puri Crossing,Not matched
25,Jahangir Puri Metro Station,Jahangir Puri Metro Station,Match
26,Sarai Pipal Thala,Sarai Peepal Thala,Match
27,Adarsh Nagar Metro Station,Adarsh Nagar,Slightly match
28,New Sabzi Mandi,Azad Pur New Subzi Mandi,Slightly match
29,Azadpur Terminal,Azadpur Terminal,Match
30,Model Town-III,Model Town 3,Slightly match
31,Model Town II,Model Town 2,Slightly match
32,Alpana Cinema (Model Town Mtr Stn),Alpana Cinema,Slightly match
33,New Police Line,New police line,Match
34,GTB Nagar,GTB Nagar,Match
35,INS Hostel,INS Hostel,Match
36,Vishwa Vidyalaya Metro Station,Vishwa vidyalaya metro station,Match
37,Mall Road,Mall Road Ring Road,Slightly match
38,Khyber Pass,Kheber pass,Match
39,Vidhan Sabha Metro Station,Vidhan Sabha Metro Station,Match
40,Old Secretariat (Postal Account Office),Old Sectariate,Slightly match
41,IP College,I P College,Match
42,Exchange Store / Civil Lines Metro Station,Civil Line Metro Station,Slightly match
43,Ludlow Castle,Ludlow Castle School,Slightly match
44,ISBT Nityanand Marg,ISBT Nityanand Marg,Match
45,Mori Gate Terminal,Mori Gate Terminal,Match
