,OLD_STOPS,NEW_STOPS,OUTPUT
1,Bakuli Temple,Bakuli Temple,Match
2,Bakauli Crossing,Bakauli crossing,Match
3,Pwd Office,CPWD Office Ali Pur,Slightly match
4,Alipur Village GT Road,Ali Pur GT Road,Not matched
5,Bdo Office,Alipur Block-BDO Office,Slightly match
6,Budhpur GT Road,Budhpur,Slightly match
7,Jain Mandir,Jain Mandir,Match
8,Nangli Puna,Nangli Punam,Match
9,Gurudwara Siraspur GT Road,Gurudwara,Slightly match
10,Swaroop Nagar GT Road,Swaroop Nagar,Slightly match
11,Libas Pur GT Road,Libas Pur GT Road,Match
12,Sanjay Gandhi Transport Nagar,Sanjay Gandhi Transport Nagar,Match
13,GTK Bypass / Mukraba Chowk,G.T.K By Pass,Not matched
14,GTK Depot,G.T.K Depot,Match
15,Jahangir Puri Metro Station,Jahangir Puri Crossing,Match at 16 in new_data list
16,Jahangir Puri Metro Station,Jahangir Puri Metro Station,Match
17,Prem Nagar,Sarai Peepal Thala,Not matched
18,Adarsh Nagar / Bharola Village,Adarsh Nagar,Slightly match
19,Sabji Mandi Azadpur,Azad Pur New Subzi Mandi,Not matched
20,Azadpur,Azadpur Terminal,Slightly match
21,Bara Bagh,Bara Bagh,Match
22,Gujranwala Town,Gujranwala Town,Match
23,Telephone Exchange,Telephone Exchange,Match
24,Harmilap Mission,Harmilap Mission,Match
25,State Bank Colony,SBI Colony,Slightly match
26,Gurudwara Nanak Pyau,Gurudwara Nanak Pyau,Match
27,Rana Pratap Bagh,Rana Partap Bagh,Match
28,Gur Mandi,Gur Mandi,Match
29,Roop Nagar / Shakti Nagar (GT Road),Rup Nagar,Not matched
30,Shakti Nagar Nangia Park,Shakti Nagar,Slightly match
31,Birla Mills,Birla Mill,Match
32,Clock Tower,Clock Tower,Match
33,Roshnara Bagh,Roshnara Bagh,Match
34,Roshnara Road,Roshnara Road,Match
35,Ice Factory (Roshanara Road),Ice Factory,Slightly match
36,St Stephen Hospital,St Stephen Hospital,Match
37,Tees Hazari Court,Tis Hazari Court,Match
38,ISBT Nityanand Marg,ISBT Nitya nand Marg,Match
39,ISBT Kashmiri Gate,ISBT Kasmiri Gate,Match
40,GGS Kasmiri Gate,GGS Kasmiri Gate,Match
41,G P O Kasmiri Gate,G P O Kasmiri Gate,Match
42,KODIYA PUL BUS STAND,KODIYA PUL BUS STAND,Match
43,Old Delhi Railway Station,OLD DELHI RAILWAY STATION,Match
