,OLD_STOPS,NEW_STOPS,OUTPUT
1,Old Delhi Railway Station,Old Delhi Railway Station,Match
2,Tees Hazari Court,Tees Hazari Animal Hospital,Slightly match
3,Ice Factory (Roshanara Road),Ice Factory,Slightly match
4,Roshnara Road,Roshnara Road,Match
5,Roshnara Bagh,Roshnara Bagh,Match
6,Clock Tower,Clock Tower,Match
7,BIRLA MILL,Birla Mill,Match
8,Shakti Nagar Nangia Park,Shakti Nagar,Slightly match
9,Roop Nagar (GT Road),Rup Nagar,Slightly match
10,Gur Mandi,Gur Mandi,Match
11,Rana Pratap Bagh,Rana Partap Bagh,Match
12,Gurudwara Nanak Pyau,Gurudwara Nanak Pyau,Match
13,State Bank Colony,SBI Colony,Slightly match
14,Harmilap Mission,Harmilap Mission,Match
15,Telephone Exchange,Telephone Exchange,Match
16,Gujranwala Town,Gujranwala Town,Match
17,Bara Bagh,Bara Bagh,Match
18,Azadpur Terminal,Azadpur Terminal,Match
19,Sabji Mandi Azadpur,Azad Pur New Subzi Mandi,Not matched
20,Adarsh Nagar / Bharola Village,Adarsh Nagar,Slightly match
21,Prem Nagar,Sarai Peepal Thala,Not matched
22,Jahangir Puri Metro Station,Jahangir Puri Metro Station,Match
23,Jahangir Puri Metro Station,Jahangir Puri Crossing,Match at 22 in new_data list
24,GTK Depot,G.T.K Depot,Match
25,GTK Bypass / Mukraba Chowk,G.T.K By Pass,Not matched
26,Sanjay Gandhi Transport Nagar,Sanjay Gandhi Transport Nagar,Match
27,Libas Pur GT Road,Libas Pur GT Road,Match
28,Swaroop Nagar GT Road,Swaroop Nagar,Slightly match
29,Gurudwara Siraspur GT Road,Gurudwara,Slightly match
30,Nangli Puna,Nangli Punam,Match
31,Jain Mandir,Jain Mandir,Match
32,Budhpur GT Road,Budhpur,Slightly match
33,Bdo Office,Alipur Block-BDO Office,Slightly match
34,Alipur Village GT Road,Ali Pur GT Road,Not matched
35,Alipur Cpwd Office,CPWD Office Ali Pur,Match
36,Bakauli crossing,Bakauli crossing,Match
37,Bakuli Temple,Bakuli Temple,Match
