,OLD_STOPS,NEW_STOPS,OUTPUT
1,Badli Railway Staion,Badli Railway Station,Match
2,Samay Pur,Samay Pur,Match
3,Yadav Nagar,Yadav Nagar,Match
4,Libas Pur GT Road,Libas Pur GT Road,Match
5,Sanjay Gandhi Transport Nagar,Sanjay Gandhi Transport Nagar,Match
6,GTK Bypass / Mukraba Chowk,G.T.K By Pass,Not matched
7,GTK Depot,G.T.K Depot,Match
8,Jahangir Puri Outer Ring Road,Jahangir Puri Crossing,Not matched
9,Jahangir Puri Metro Station,Jahangir Puri Metro Station,Match
10,Sarai Pipal Thala,Sarai Peepal Thala,Match
11,Adarsh Nagar Metro Station,Adarsh Nagar,Slightly match
12,New Sabzi Mandi,Azad Pur Nai Subzi Mandi,Slightly match
13,Azadpur,Azadpur Terminal,Slightly match
14,Bara Bagh,Bara Bagh,Match
15,Gujranwala Town,Gujranwala Town,Match
16,Telephone Exchange,Telephone Exchange,Match
17,Harmilap Mission,Harmilap Mission,Match
18,State Bank Colony,SBI Colony,Slightly match
19,Gurudwara Nanak Pyau,Gurudwara Nanak Pyau,Match
20,Rana Pratap Bagh,R.P. Bagh,Slightly match
21,Gur Mandi,Gur Mandi,Match
22,Roop Nagar / Shakti Nagar (GT Road),Rup Nagar,Not matched
23,Shakti Nagar Nangia Park,Shakti Nagar ,Slightly match
24,Birla Mills,Birla Mill,Match
25,Clock Tower,Clock Tower,Match
26,Roshnara Bagh,Roshnara Bagh,Match
27,Roshnara Road,Roshnara Road,Match
28,Ice Factory (Roshanara Road),Ice Factory,Slightly match
29,Tees Hazari Court,Tis Hazari Court,Match
30,ISBT Nityanand Marg,ISBT Nityanand Marg,Match
31,ISBT Kashmere Gate (Lothian Road),ISBT K.Gate,Slightly match
32,Guru Govind Singh University (Kashmere Gate),GGS IP University,Slightly match
33,GPO,GPO K.Gate,Not matched
34,Old Delhi Railway Station (Fatehpuri),Old Delhi Railway Station,Match
