,OLD_STOPS,NEW_STOPS,OUTPUT
1,E Block Jahangir Puri Terminal,E Block Jahangir Puri,Match
2,Jahangirpuri B Block,C Block Jahangir Puri,Slightly match
3,Jahangirpuri K Block,K Block Jahangir Puri,Match
4,Jahangirpuri A-Block,A Block Jahangir Puri,Match
5,Jahangir Puri Metro Station,Jahangir Puri Xing,Slightly match
6,Jahangir Puri Metro Station,Jahangir Puri Metro Station,Match
7,Sarai Pipal Thala,Sarai Peepal Thala,Match
8,Adarsh Nagar Metro Station,Adarsh Nagar,Slightly match
9,New Sabzi Mandi,Azad Pur New Subzi Mandi,Slightly match
10,Ali Pur Gt Road,Azadpur Terminal,Not matched
11,Bara Bagh,Bara Bagh,Match
12,Gujranwala Town,Gujranwala Town,Match
13,Telephone Exchange,Telephone Exchange,Match
14,Harmilap Mission,Harmilap Mission,Match
15,State Bank Colony,SBI Colony,Slightly match
16,Gurudwara Nanak Pyau,Gurudwara Nanak Pyau,Match
17,Rana Pratap Bagh,Rana Pratap Bagh,Match
18,Gur Mandi,Gur Mandi ,Match
19,Kamla Nagar/ Roop Nagar,Roop Nagar,Slightly match
20,Shakti Nagar,Shakti Nagar,Match
21,Clock Tower,Clock Tower,Match
22,Roshnara Bagh,Roshanara Bagh,Match
23,Roshnara Road,Roshanara Road,Match
24,Ice Factory,Ice Factory,Match
25,Azad Market,Azad Market,Match
26,Bara Hindu Rao,Bara Hindu Rao,Match
27,Filmistan C,Filmistan Cinema,Slightly match
28,Model Basti,Model Basti,Match
29,Id Ghah,Id Ghah,Match
30,Ps Sadar Bazar,P S Sadar Bazar,Match
31,Motia Khan,Motiya Khan,Match
32,Paharganj Police Station,P.S. Pahar Gunj,Not matched
33,Dispensary Paharganj,Paharganj Dispensary,Match
34,Ajmeri Gate / Kamla Market,New Delhi Railway Station Gate,Not matched
35,Marina,Marina Hotel,Slightly match
36,Super Bazar,Super Bazar,Match
37,Regal,Regal,Match
38,Palika Kendra,Palika Kendra,Match
