,OLD_STOPS,NEW_STOPS,OUTPUT
1,Palika Kender,Palika Kendra,Match
2,Regal,Regal,Match
3,Marina,Marina Hotel,Slightly match
4,New Delhi Railway Station Gate 1,New Delhi Railway Station Gate-1,Match
5,PAHARGANJ DISPENSARY,Paharganj Dispensary,Match
6,Dispensary Pahar Gunj,P.S. Pahar Gunj,Not matched
7,motiya khan,Motiya Khan,Match
8,P S Sadar Bazar,P S Sadar Bazar,Match
9,Id Ghah,Id Ghah,Match
10,MODEL BASTI-DC2845,Model Basti,Slightly match
11,Filmistan,Filmistan Cinema,Slightly match
12,Bara Hindu Rao,Bara Hindu Rao,Match
13,Azad Market,Azad Market,Match
14,Ice Factory,Ice Factory,Match
15,Roshnara Road,Roshanara Road,Match
16,Roshnara Bagh,Roshanara Bagh,Match
17,Clock Tower,Clock Tower,Match
18,Shakti Nagar,Shakti Nagar,Match
19,Roop Nagar (GT Road),Roop Nagar,Slightly match
20,Gur Mandi,Gur Mandi ,Match
21,Rana Pratap Bagh,Rana Pratap Bagh,Match
22,Gurudwara Nanak Pyau,Gurudwara Nanak Pyau,Match
23,Sbi Colony,SBI Colony,Match
24,Harmilap Ashram,Harmilap Mission,Not matched
25,Telephone Exchange,Telephone Exchange,Match
26,Gujranwala Town,Gujranwala Town,Match
27,Bara Bagh,Bara Bagh,Match
28,Azadpur Terminal,Azadpur Terminal,Match
29,Sabji Mandi Azadpur,Azad Pur New Subzi Mandi,Not matched
30,Adarsh Nagar / Bharola Village,Adarsh Nagar,Slightly match
31,Sarai Peepal Thala,Sarai Peepal Thala,Match
32,Jahangirpuri GT Road,Jahangir Puri Metro Station,Not matched
33,Jahangir Puri Metro Station,Jahangir Puri Xing,Slightly match
34,Jahangirpuri A-Block,A Block Jahangir Puri,Match
35,Jahangirpuri K Block,K Block Jahangir Puri,Match
36,Jahangirpuri B Block,C Block Jahangir Puri,Slightly match
37,Jahangirpuri A-Block,E Block Jahangir Puri,Slightly match
