,OLD_STOPS,NEW_STOPS,OUTPUT
1,E Block Jahangir Puri Terminal,E Block Jahangir Puri,Match
2,Jahangirpuri K Block,C Block Jahangir Puri,Slightly match
3,Jahangirpuri A-Block,K Block Jahangir Puri,Slightly match
4,IIT Gate (Aurobindo Marg),A Block Jahangir Puri,Not matched
5,Surajkund Crossing,Jahangir Puri X-ing,Not matched
6,Jahangir Puri Metro Station,Jahangir Puri Metro Station,Match
7,Prem Nagar,Sarai Peepal Thala,Not matched
8,Adarsh Nagar / Bharola Village,Adarsh Nagar,Slightly match
9,Sabji Mandi Azadpur,Azad Pur New Subzi Mandi,Not matched
10,Azadpur,Ajadpur Terminal,Not matched
11,Bara Bagh,Bara Bagh,Match
12,Gujranwala Town,Gujranwala Town,Match
13,Telephone Exchange,Telephone Exchange,Match
14,Harmilap Mission,Harmilap Mission,Match
15,State Bank Colony,SBI Colony,Slightly match
16,Gurudwara Nanak Pyau,Gurudwara Nanak Pyau,Match
17,Rana Pratap Bagh,Rana Pratap Bagh,Match
18,Gur Mandi,Gur Mandi,Match
19,Shakti Nagar,Shakti Nagar,Match
20,Karol Bagh Metro Station,Roop nagar,Not matched
21,Banglow Road / Police Station Roop Nagar,Banglow Road,Not matched
22,Hansraj College,Hansraj College,Match
23,Malka Ganj Terminal,Malka Ganj,Slightly match
24,Gali Daak Khana,Gali Dak Khana Wali,Slightly match
25,Ps Old Sabzi M,PS Old Subzi Mandi,Slightly match
26,Ice Factory,Ice Factory,Match
27,Azad Market,Azad Market,Match
28,Bara Hindu Rao,Bara Hindu Rao,Match
29,Filmistan C,Filmistan Cinema,Slightly match
30,Model Basti,Model Basti,Match
31,Id Ghah,Id Ghah,Match
32,Ps Sadar Bazar,PS Sadar Bazar,Match
33,Motia Khan,Motia Khan,Match
34,Paharganj Police Station,PS Paharganj,Slightly match
35,Dispensary Paharganj,Dispensary Pahar Gunj,Match
36,New Delhi Railway Station Gate 1,N.D.Railway Station Gate No 1,Slightly match
37,Marina,Marina Hotel,Slightly match
38,Super Bazar,Super Bazar,Match
39,Regal,Regal,Match
40,PS Parliament / Jantar Mantar,P S Parliament,Slightly match
41,Aakashwani Bhawan,Akashwani Bhawan,Match
42,Madhuban Chowk Outer Ring Road,Krishi Bhawan,Not matched
43,T B Hospital,Udyog Bhawan,Not matched
44,Nirman Bhawan,Nirman Bhawan,Match
45,Claridges Hotel,Claridges Hotel,Match
46,Prithviraj Road Crossing,Prithvi Raj Road ,Slightly match
47,Max Mueller Marg,Max Muller Marg,Match
48,Lodhi Colony,Lodhi Road Crossing,Slightly match
49,Dayal Singh College,Dayal Singh College,Match
50,JLN Stadium (Sunehripulla Depot),JLN Stadium/Sunehari Pulla Parking,Not matched
51,Ishpat Bhawan,Ishpat Bhawan,Match
52,Police Station Nizamuddin (Dargah),Police Station Nizamuddin,Match
53,Nizamuddin Extension,Hazrat Nizamuddin,Not matched
54,Bhogal (Jungpura),Bhogal,Slightly match
55,Kali Mata Mandir,Rajdoot Hotel,Not matched
56,Nizamuddin Railway Station,Nizamuddin Railway Station,Match
