,OLD_STOPS,NEW_STOPS,OUTPUT
1,Harsh Vihar,Harsh Vihar,Match
2,Gagan Cinema (Wazirabad Road),Gagan Cinema Xing,Slightly match
3,Bank Colony,Bank Colony,Match
4,Nand Nagari Depot,Nand Nagri Depot,Match
5,Ashok Nagar / Meet Nagar,Ashok Nagar,Slightly match
6,MIG Flates Loni Road,MIG Flats Loni Road,Match
7,B R Ambedkar College (Loni Road Xing),Dr. B.R. Ambedkar College,Slightly match
8,C 4 Yamuna Vihar,C-4 Yamuna Vihar,Match
9,Yamuna Vihar Brijpuri,C-Block Yamuna Vihar,Not matched
10,B-Block Yamuna Vihar,B-Block Yamuna Vihar,Match
11,Bhajanpura,Bhajan Pura,Match
12,Khajuri,Khajoori Khas,Not matched
13,Garhi Maidu,Garhi Mandoo,Not matched
14,Gamri Extn Pusta No.5,Gamri Ext Pusta No. 5,Match
15,Kartar Nagar,Kartar Nagar,Match
16,Tisra Pushta,Tisra Pusta,Match
17,Jagjit Nagar,Jagjit Nagar,Match
18,New Usmanpur pusta no-1,New Usman Pur Pusta No.1,Match
19,Kaithwara,Kaithwara,Match
20,Shastri Park,Shashtri Park,Match
21,Shyam Giri Mandir,Shyam Giri Mandir,Match
22,Shastri Park,Shashtri Park Metro Depot,Slightly match
23,ISBT Nityanand Marg,ISBT Nityanand Marg,Match
24,ISBT Kashmere Gate (Lothian Road),ISBT K.Gate,Slightly match
25,Guru Govind Singh University (Kashmere Gate),GGS IP University,Slightly match
26,G P O Kasmiri Gate,GPO Kashmere Gate,Not matched
27,Red Fort,Red Fort,Match
28,Jama Masjid,Jama Masjid,Match
29,Darya Ganj,Darya Ganj,Match
30,GOLCHA CINEMA,Golcha Cinema,Match
31,Delhi Gate (JLN Marg),Delhi Gate,Slightly match
32,LNJP Hospital,LNJP Hospiutal,Match
33,Zakir Husain College,Zakir Hussain College,Match
34,Vivekanand Marg / Minto Road,Vivekanad Marg,Slightly match
35,Shivaji Park,Shivaji Park,Match
36,Super Bazar,Super Bazar,Match
37,Regal,Regal,Match
38,P S Parliament / Jantar Mantar,P.S. Parliament,Slightly match
39,Patel Chowk (Ashoka Road),Patel Chowk,Slightly match
40,Gurudwara Bangla Sahib,Gurudwara Bangla Sahib,Match
41,NDPO,NDPO,Match
42,Kendriya Terminal (Pt. Pant Marg),Kendriya Terminal,Slightly match
