,OLD_STOPS,NEW_STOPS,OUTPUT
1,Kendriya Terminal (Church Road),Kendriya Terminal,Slightly match
2,NDPO,NDPO,Match
3,Gurudwara Bangla Sahib,Gurudwara Bangla Sahib,Match
4,Palika Kender,Palika Kendra,Match
5,Regal,Regal,Match
6,Bakhtawar Pur School,Shivaji Park,Not matched
7,Ajmeri Gate / Kamla Market,Vivekanad Marg,Not matched
8,JLN Marg,Jawahar Lal Nehru Marg,Not matched
9,Zakir Husain College,Zakir Hussain College,Match
10,Turkman Gate / G B Pant Hosipatal,Turkman Gate,Slightly match
11,Delite Cinema,Delight Cinema,Slightly match
12,Delhi Gate,Delhi Gate,Match
13,Golcha Cinema,Golcha Cinema,Match
14,Darya Ganj,Darya Ganj,Match
15,Subhash Park,Subhash Park,Match
16,Jama Masjid,Jama Masjid,Match
17,Red Fort,Red Fort,Match
18,GPO,GPO Kashmere Gate,Not matched
19,Guru Govind Singh University (Kashmere Gate),GGS IP University,Slightly match
20,ISBT Kashmere Gate,ISBT K.Gate,Slightly match
21,ISBT Nityanand Marg,ISBT Nityanand Marg,Match
22,Shastri Park,Shashtri Park Metro Depot,Slightly match
23,Shyam Giri Mandir,Shyam Giri Mandir,Match
24,Shastri Park,Shashtri Park,Match
25,Kaithwara,Kaithwara,Match
26,New Usman Pur Pusta No-1,New Usman Pur Pusta No-1,Match
27,Jagjit Nagar,Jagjit Nagar,Match
28,Tisra Pusta,Tisra Pusta,Match
29,Kartar Nagar,Kartar Nagar,Match
30,Gamri Ext / Pusta 5,Gamri Ext Pusta No. 5,Match
31,Garhi Maidu,Garhi Mandoo,Not matched
32,Khajuri,Khajoori Khas,Not matched
33,Bhajanpura,Bhajan Pura,Match
34,B-Block Yamuna Vihar,B-Block Yamuna Vihar,Match
35,Yamuna Vihar Brij Puri,C-Block Yamuna Vihar (Brij Puri),Match
36,C 4 Yamuna Vihar,C-4 Yamuna Vihar,Match
37,B R Ambedkar College (Loni Road Xing),Dr. B.R. Ambedkar College,Slightly match
38,MIG Flates Loni Road,MIG Flats Loni Road,Match
39,Ashok Nagar / Meet Nagar,Ashok Nagar,Slightly match
40,Nand Nagari Depot,Nand Nagri Depot,Match
41,Bank Colony,Bank Colony,Match
42,Gagan Cinema Wazirabad Road,Gagan Cinema Xing,Slightly match
43,Harsh Vihar,Harsh Vihar,Match
