,OLD_STOPS,NEW_STOPS,OUTPUT
1,ISBT Kashmere Gate Terminal,Mori Gate Terminal,Slightly match
2,ISBT Nityanand Marg,I.S.B.T Nityanand marg,Match
3,ISBT Bridge,ISBT Bridge,Match
4,Metro Train Depot,Shashtri Park Metro Depot,Not matched
5,Shyam Giri Mandir,Shyam Giri Mandir,Match
6,Shastri Park,Shastri Park,Match
7,Dharampura,Dharam Pura,Match
8,Seelampur Metro Station,seelam pur,Not matched
9,Seelam Pur Petrol Pump,Seelam Pur Petrol Pump,Match
10,Welcome Metro Station,Welcome Metro Station,Match
11,Kanti Nagar Extension,Kanti Nagar Extn. / Bihari Colony,Slightly match
12,Jharkhandi,East Azad Nagar,Match at 13 in new_data list
13,Jharkhandi,Jhar Khandi,Match
14,Swaran Cinema,Swaran Takies,Not matched
15,Krishna Nagar A Block,Krishna Nagar A Block,Match
16,Hans Apartment,Hans Apartment,Match
17,Arjun Nagar,Arjun Nagar,Match
18,Radheypuri,Radhey Puri,Match
19,JagatpuriA Block,Jagat Puri A Block,Match
20,Jagatpuri A Block,Jagat Puri F Block,Match
21,Gazipur Depot,Hassan Pur Depot,Not matched
22,Hasanpur Village,Hassan Pur Village,Match
23,Hassanpur Village,Gazi Pur Village,Match at 22 in new_data list
24,SFS Quarter Gazipur,Gazi Pur SFS Flat,Not matched
25,National Highway 24 Crossing,NHW 24 Crossing,Slightly match
26,gazi pur phool mandi more,Gazi Pur Phool Mandi More,Match
27,gole chakkar,Gole Chakkar ,Match
28,murga mandi,Murga Mandi,Match
29,gazi pur police station,Gazi Pur Police Station,Match
30,Sapera Basti Crossing,Sapera Basti More,Not matched
31,Mayur Vihar Ph III Paper Market,Mayur Vihar Ph III Paper Market,Match
