,OLD_STOPS,NEW_STOPS,OUTPUT
1,Mayur Vihar Phase III Terminal / Paper Market,Mayur Vihar Ph III Paper Market,Slightly match
2,Sapera Basti Crossing,Sapera Basti More,Not matched
3,gazi pur police station,Gazi Pur Police Station,Match
4,murga mandi,Murga Mandi,Match
5,gole chakkar,Gole Chakkar,Match
6,gazi pur phool mandi more,Gazi Pur Phool Mandi More,Match
7,National Highway 24 Crossing,NHW24 Crossing,Slightly match
8,Gazi Pur DDA Flats,Gazi Pur SFS Flat,Not matched
9,Gazipur Village,Gazi Pur Village,Match
10,Hasanpur Village,Hassan Pur Village,Match
11,Hasanpur Depot,Hassan Pur Depot,Match
12,Jagatpuri F-Block,Jagat Puri F Block,Match
13,Jagatpuri A Block,Jagat Puri A Block,Match
14,Radheypuri,Radhey Puri,Match
15,Arjun Nagar,Arjun Nagar,Match
16,Hans Apartment,Hans Apartment,Match
17,Krishna Nagar A Block,Krishna Nagar A Block,Match
18,Swaran Cinema,Swaran Takies,Not matched
19,Jharkhandi,Jhar Khandi,Match
20,East Azad Nagar,East Azad Nagar,Match
21,Kanti Nagar Extn. / Bihari Colony,Kanti Nagar Extn. / Bihari Colony,Match
22,Welcome Metro Station,Welcome Metro Station,Match
23,Seelampur Market,Seelam Pur Petrol Pump,Not matched
24,Seelampur Metro Station,seelam pur,Not matched
25,Dharam Pura,Dharam Pura,Match
26,Shastri Park,Shastri Park,Match
27,Shyam Giri Mandir,Shyam Giri Mandir,Match
28,Shastri Park Metro Depot,Shashtri Park Metro Depot,Match
29,ISBT Bridge,ISBT Bridge,Match
30,ISBT Nityanand Marg,I.S.B.T Nityanand marg,Match
31,Mori Gate Terminal,Mori Gate Terminal,Match
