,OLD_STOPS,NEW_STOPS,OUTPUT
1,New Delhi Railway Station Gate 2,N.D. Rly. Station Gate No. 2,Not matched
2,Ajmeri Gate / Kamla Market,Vivekanad Marg,Not matched
3,JLN Marg,Jwahar Lal Nehru Marg,Not matched
4,Zakir Husain College,Jakhir Hussain College,Slightly match
5,Turkman Gate / G B Pant Hosipatal,Turakman Gate,Slightly match
6,Delite Cinema,Delite Cinema,Match
7,Delhi Gate,Delhi Gate,Match
8,Golcha Cinema,Golcha Cinema,Match
9,Darya Ganj,Dariya Ganj,Match
10,Subhash Park,Subhash Park,Match
11,Jama Masjid,Jama Masjid,Match
12,Red Fort,Red Fort,Match
13,GPO,G P O Kasmiri Gate,Not matched
14,Guru Govind Singh University (Kashmere Gate),GGS IP University,Slightly match
15,ISBT Kashmere Gate,ISBT Kashmere Gate,Match
16,ISBT Nityanand Marg,I.S.B.T Nityanand marg,Match
17,Shastri Park,Shashtri Park Metro Depot,Slightly match
18,Shyam Giri Mandir,Shyam Giri Mandir,Match
19,Shastri Park,Shastri Park,Match
20,Dharampura,Dharam Pura,Match
21,Seelampur Gt Road,Seelampur GT Road,Match
22,Seelam Pur Metro Mall,Seelam Pur,Slightly match
23,Zafrabad School,Zafrabad,Slightly match
24,Zafrabad School,Zafrabad School,Match
25,Mauj Pur,Mojpur,Not matched
26,Babar Pur Ext,Babar Pur Extention,Slightly match
