,OLD_STOPS,NEW_STOPS,OUTPUT
1,Harsh Vihar,Harsh Vihar,Match
2,Gagan Cinema,Gagan Cinema xing,Match
3,Gagan Cinema,Bank Colony,Not matched
4,Nand Nagari E-Block,Nand Nagari Depot,Not matched
5,Nand Nagari Terminal,Ashok Nager,Not matched
6,GTB Hospital Xing,L.R. Xing,Not matched
7,Hardev Puri,Jyoti Colony,Not matched
8,Jyoti Colony,Chajju Pur ,Match at 7 in new_data list
9,Chhajjupur,Shiv Mandir,Not matched
10,Shiv Mandir,Babar Pur Extn,Match at 9 in new_data list
11,Babar Pur Ext,Maujpur,Not matched
12,Babarpur Ext / Maujpur Crossing,Zafrabad School,Not matched
13,Zafrabad School,Zafrabad,Slightly match
14,Zafrabad,Seelampur,Match at 13 in new_data list
15,Seelampur (Jafrabad Road),Seelam Pur GT Road,Not matched
16,Seelampur Metro Station,Dharam Pura,Not matched
17,Dharam Pura,Shashtri Park,Match at 16 in new_data list
18,Shastri Park,Shyam Giri Mandir,Not matched
19,Shyam Giri Mandir,Shashtri Park Metro Depot,Match at 18 in new_data list
20,Shastri Park DMRC Depot,ISBT Nityanand Marg,Not matched
21,ISBT Nityanand Marg,ISBT K.Gate,Not matched
22,ISBT Kashmere Gate (Lothian Road),GGS IP University,Not matched
23,Guru Govind Singh University (Kashmere Gate),GPO Kashmere Gate,Slightly match
24,G P O Kasmiri Gate,Red Fort,Not matched
25,Red Fort,Jama Masjid,Match at 24 in new_data list
26,Jama Masjid,Darya Ganj,Match at 25 in new_data list
27,Darya Ganj,Golcha Cinema,Match at 26 in new_data list
28,GOLCHA CINEMA,Delhi Gate,Match at 27 in new_data list
29,Delhi Gate (JLN Marg),LNJP Hospital,Not matched
30,LNJP Hospital,Zakir Hussain College,Match at 29 in new_data list
31,Zakir Husain College,Vivekanad Marg,Not matched
32,Vivekanand Marg / Minto Road,Shivaji Park,Not matched
33,Shivaji Park,Super Bazar,Match at 32 in new_data list
34,Super Bazar,Regal,Match at 33 in new_data list
35,Regal,P.S. Parliament,Match at 34 in new_data list
36,P S Parliament / Jantar Mantar,Patel Chowk,Not matched
37,Patel Chowk (Ashoka Road),Gurudwara Bangla Sahib,Not matched
38,Gurudwara Bangla Sahib,NDPO,Match at 37 in new_data list
39,NDPO,Kendriya Terminal,Match at 38 in new_data list
40,Kendriya Terminal (Pt. Pant Marg),,Not matched
