,OLD_STOPS,NEW_STOPS,OUTPUT
1,Kendriya Terminal (Church Road),Kendriya Terminal,Slightly match
2,NDPO,NDPO,Match
3,Gurudwara Bangla Sahib,Gurudwara Bangla Sahib,Match
4,Palika Kender,Palika Kendra,Match
5,Regal,Regal,Match
6,Bakhtawar Pur School,Shivaji Park,Not matched
7,Vivekanand Marg / Minto Road,Vivekanad Marg,Slightly match
8,JLN Marg,Jawahar Lal Nehru Marg,Not matched
9,Zakir Husain College,Zakir Hussain College,Match
10,Turkman Gate / G B Pant Hosipatal,Turkman Gate,Slightly match
11,Delite Cinema,Delight Cinema,Slightly match
12,Delhi Gate,Delhi Gate,Match
13,Golcha Cinema,Golcha Cinema,Match
14,Darya Ganj,Darya Ganj,Match
15,Subhash Park,Subhash Park,Match
16,Jama Masjid,Jama Masjid,Match
17,Red Fort,Red Fort,Match
18,GPO,GPO Kashmere Gate,Not matched
19,Guru Govind Singh University (Kashmere Gate),GGS IP University,Slightly match
20,ISBT Kashmere Gate,ISBT K.Gate,Slightly match
21,ISBT Nityanand Marg,ISBT Nityanand Marg,Match
22,Shastri Park,Shashtri Park Metro Depot,Slightly match
23,Shyam Giri Mandir,Shyam Giri Mandir,Match
24,Shastri Park,Shashtri Park,Match
25,Dharampura,Dharam Pura,Match
26,Seelampur Metro Station,Seelam Pur GT Road,Not matched
27,Seelampur Metro Station,Seelampur,Slightly match
28,Zafrabad School,Zafrabad,Slightly match
29,Zafrabad School,Zafrabad School,Match
30,Mauj Pur,Maujpur,Match
31,Babar Pur Ext,Babar Pur Extn,Match
32,Shiv Mandir,Shiv Mandir,Match
33,Chhajjupur,Chajju Pur ,Slightly match
34,Jyoti Colony,Jyoti Colony,Match
35,Hardev Puri,L.R. Xing,Not matched
36,GTB Hospital Xing,Aashok Nagar,Not matched
37,Nand Nagari Terminal,Nand Nagari Depot,Not matched
38,Nand Nagari E-Block,Bank Colony,Not matched
39,Gagan Cinema,Gagan Cinema xing,Match
40,Gagan Cinema Wazirabad Road,Harsh Vihar,Not matched
41,Harsh Vihar,,Match at 40 in new_data list
