,OLD_STOPS,NEW_STOPS,OUTPUT
1,Dichau Kalan Depot,Kamla Market,Not matched
2,JLN Marg,Jawahar Lal Nehru Marg,Not matched
3,Zakir Husain College,Zakir Hussain College,Match
4,Turkman Gate / G B Pant Hosipatal,Turkman Gate,Slightly match
5,Delite Cinema,Delight Cinema,Slightly match
6,Delhi Gate,Delhi Gate,Match
7,Golcha Cinema,Golcha Cinema,Match
8,Darya Ganj,Darya Ganj,Match
9,Subhash Park,Subhash Park,Match
10,Jama Masjid,Jama Masjid,Match
11,Red Fort,Red Fort,Match
12,G P O Kasmiri Gate,G P O Kasmiri Gate,Match
13,Guru Govind Singh University (Kashmere Gate),GGS University,Not matched
14,ISBT Kashmere Gate,ISBT Kashmere Gate,Match
15,ISBT Nityanand Marg,ISBT Nityanand Marg,Match
16,Shastri Park,Shashtri Park Metro Depot,Slightly match
17,Shyam Giri Mandir,Shyam Giri Mandir,Match
18,Shastri Park,Shashtri Park,Match
19,Dharampura,Dharam Pura,Match
20,Seelampur Metro Station,Seelampur,Slightly match
21,Welcome Colony,Welcome,Slightly match
22,Shahdara (Shyam Lal College),Shyam Lal College Shahdara,Match
23,Mansarovar Park Metro Station,Mansarover Park Metro Station,Match
24,Telephone Exchange,Telephone Exchange,Match
25,Jhilmil Crossing / Dilshad Garden GT Road,Dilshad Garden GT Road,Slightly match
26,Jhilmil Xing,Jhilmil Xing,Match
27,Shahdra Border,Shahdara Border,Match
28,JandK Pocket Dilshad Garden,J&K Pocket Dilshad Garden,Match
29,Old Seema Puri,Seema Puri,Match
30,New Seema Puri,New Seema Puri,Match
