,OLD_STOPS,NEW_STOPS,OUTPUT
1,Old Delhi Railway Station,Old Delhi Railway Station,Match
2,GPO,GPO K.Gate,Not matched
3,Guru Govind Singh University (Kashmere Gate),GGS IP University,Slightly match
4,ISBT Kashmere Gate,ISBT K.Gate,Slightly match
5,ISBT Nityanand Marg,ISBT Nityanand Marg,Match
6,Shastri Park,Shashtri Park Metro Depot,Slightly match
7,Shyam Giri Mandir,Shyam Giri Mandir,Match
8,Shastri Park,Shashtri Park,Match
9,Kaithwara,Kaithwara,Match
10,New Usman Pur Pusta No-1,New Usman Pur Pusta No 1,Match
11,Jagjit Nagar,Jagjit Nagar,Match
12,Tisra Pusta,Tisra Pusta,Match
13,Kartar Nagar,Kartar Nagar,Match
14,Gamri Ext / Pusta 5,Gamri Ext Pusta no 5,Match
15,Garhi Maidu,Garhi Mandoo,Not matched
16,Khajuri Pusta,Khajoori Khas,Not matched
17,CRPF Camp,CRPF Camp,Match
18,Delhi Police Training School,Delhi Police Training School,Match
19,SBS Colony Karawal Nagar Pusta Road Gali 4,Karawal nagar,Not matched
20,SBS Colony Karawal Nagar Pusta Road Gali 4,SBS Colony Karawal Nagar Pusta Road Gali 4,Match
