,OLD_STOPS,NEW_STOPS,OUTPUT
1,Tilak Nagar Jail Road,Tilak Nagar,Slightly match
2,Sant Pura Tilak Nagar,Sant Pura,Slightly match
3,Meenakshi Garden,Meenakshi Garden,Match
4,Subhash Nagar Crossing / Mukherji Park,Mukherjee Park,Not matched
5,Tagore Garden,Titar Pur,Match at 6 in new_data list
6,Tagore Garden Metro Station / Tatarpur,Tagore Garden,Slightly match
7,Rajouri Garden,Rajouri Garden,Match
8,Raja Garden,Raja Garden,Match
9,Bali Nagar,Bali Nagar,Match
10,Basai Darapur / Ramesh Nagar,Ramesh Nagar,Slightly match
11,Kirti Nagar,Kirti Nagar,Match
12,Moti Nagar Market,Moti Nagar Market,Match
13,Moti Nagar,Moti Nagar,Match
14,ESI Dispensary/CGHS Dispensary,ESI Dispensary Karampura,Slightly match
15,Campa Cola,Campa Cola,Match
16,Swatantra Bharat Mills,SB Mills,Not matched
17,DCM Chemical,DCM Chemical (Prem Nagar),Slightly match
18,DCM Chemical,DCM Chemical,Match
19,Zakhira,Zakhira,Match
20,Inderlok,Inder Lok,Match
21,Shastri Nagar Shiv Mandir,Shastri Nagar Shiv Mandir,Match
22,Shastri Nagar E Block,Shastri Nagar E Block,Match
23,Shastri Nagar Metro Station,Shastri Ngr Metro Station,Match
24,Subhadra Colony,Subhadra Clny,Match
25,Shastri Nagar A Block,Shastri Nagar A Block,Match
26,Gulabi Bagh,Gulabi Bagh,Match
27,Chowki No 2 / Gulabi Bagh Crossing,Chowki No 2,Slightly match
28,Shakti Nagar Nangia Park,Nagia Park Shakti nagar,Match
29,Roop Nagar / Kamla Nagar,Kamla Nagar,Slightly match
30,Maurice Nagar II,Maurice Nagar,Match
31,Doulat Ram College,Daulat Ram College,Match
32,Shri Ram College,Sri Ram College,Match
33,Patel Chest,Patel Chest,Match
34,Khalsa College,Khalsa College,Match
35,INS Hostel,INS Hostel,Match
36,Vishwa Vidyalaya Metro Station,VishwaVidhalaya Metro Station,Match
37,DDA Flats Lucknow Road,DDA Flat Lucknow Road,Match
38,INMAS,Inmas Hospital,Slightly match
39,CGHC Dispensary,CGHS Dispensary,Match
40,Education Office (Lucknow Rd),Education Office (Lucknow Rd),Match
41,Timar Pur Qrts,Timar Pur Qrts,Match
42,Balak Ram Hospital,Balak Ram Hospital,Match
43,Police Station Timarpur,Police Station Timar Pur,Match
44,Nehru Vihar Xing,Nehru Vihar Xing,Match
45,Wazirabad Crossing GT Road,Wazirabad Crossing,Match
46,Gurudwara NanakSar,Nanak Sar,Slightly match
47,Rajeev Nagar (Wazirabad Road),Rajiv Nagar,Slightly match
48,Khajuri,Khazoori,Not matched
49,Bhajanpura,Bhajan Pura,Match
50,B-Block Yamuna Vihar,B Block Yamuna Vihar,Match
51,Yamuna Vihar Brij Puri,C Block Yamuna Vihar (Brij Puri),Match
52,C 4 Yamuna Vihar,C 4 Yamuna Vihar,Match
53,B R Ambedkar College (Loni Road Xing),Dr. B.R. Ambedkar College,Slightly match
54,MIG Flates Loni Road,MIG Flats Loni Road,Match
55,Ashok Nagar / Meet Nagar,Ashok Nagar,Slightly match
56,Nand Nagari Depot,Nand Nagri Depot,Match
57,Bank Colony,Bank Colony,Match
58,Gagan Cinema Wazirabad Road,Gagan Cinema X ing,Slightly match
59,Harsh Vihar,Harsh Vihar,Match
