,OLD_STOPS,NEW_STOPS,OUTPUT
1,Harsh Vihar,Harsh Vihar,Match
2,Gagan Cinema (Wazirabad Road),Gagan Cinema Xing,Slightly match
3,Bank Colony,Bank Colony,Match
4,Nand Nagari Depot,Nand Nagri Depot,Match
5,Ashok Nagar / Meet Nagar,Ashok Nagar,Slightly match
6,MIG Flates Loni Road,MIG Flats Loni Road,Match
7,B R Ambedkar College (Loni Road Xing),Dr. B.R. Ambedkar College,Slightly match
8,C 4 Yamuna Vihar,C -4 Yamuna Vihar ,Match
9,Yamuna Vihar Brijpuri,C Block Yamuna Vihar,Not matched
10,B-Block Yamuna Vihar,B Block Yamuna Vihar,Match
11,Bhajanpura,Bhajan Pura,Match
12,Khajuri,Khazoori,Not matched
13,Rajeev Nagar (Signature Bridge),Rajiv Nagar,Not matched
14,Gurudwara Nanak Sar,Nanak Sar,Slightly match
15,Wazirabad Crossing,Wazirabad Crossing,Match
16,Nehru Vihar Xing,Nehru Vihar Xing,Match
17,Police Station Timarpur,Police Station Timar Pur,Match
18,Balak Ram Hospital,Balak Ram Hospital,Match
19,Timarpur,Timar Pur ,Match
20,Banarsi Daas Estate Timarpur,Banarsi Dass Estate,Slightly match
21,Mall Road,Mall Road,Match
22,Vishwa Vidyalaya Metro Station,VishwaVidhalaya Metro Station,Match
23,INS Hostel,INS Hostel,Match
24,Khalsa College,Khalsa College,Match
25,Patel Chest,Patel Chest,Match
26,Shri Ram College,Sri Ram College,Match
27,Daulat Ram College,Daulat Ram College,Match
28,Maurice Nagar II,Maurice Nagar,Match
29,Roop Nagar / Kamla Nagar,Kamla Nagar,Slightly match
30,Shakti Nagar Nangia Park,Nagia Park Shakti nagar,Match
31,Chowki No 2 / Gulabi Bagh Crossing,Chowki No. 2,Slightly match
32,Gulabi Bagh,Gulabi Bagh,Match
33,Shastri Nagar A Block,Shastri Nagar A Block,Match
34,Subhadra Colony,Subhadra Clny,Match
35,Shastri Nagar Metro Station,Shastri Ngr Metro Station,Match
36,Shastri Nagar E Block,Shastri Nagar E Block,Match
37,Shastri Nagar Shiv Mandir,Shastri Nagar Shiv Mandir,Match
38,Inderlok Metro Station,Inder Lok Metro Station,Match
39,Inderlok,Inder Lok,Match
40,Zakhira,Zakhira,Match
41,DCM Chemical,DCM Chemical,Match
42,DCM Chemical,DCM Chemical (Prem Nagar),Slightly match
43,Swatantra Bharat Mills,SB Mills,Not matched
44,Campa Cola,Campa Cola,Match
45,ESI Dispensary,ESI Dispensary Karampura,Slightly match
46,Karampura Terminal,Karampura Terminal,Match
