,OLD_STOPS,NEW_STOPS,OUTPUT
1,Karampura Terminal,Karampura Terminal,Match
2,ESI Dispensary/CGHS Dispensary,ESI Dispensary Karampura,Slightly match
3,Campa Cola,Campa Cola,Match
4,Swatantra Bharat Mills,SB Mills,Not matched
5,DCM Chemical,DCM Chemical (Prem Nagar),Slightly match
6,DCM Chemical,DCM Chemical,Match
7,Zakhira,Zakhira,Match
8,Inderlok Metro Station,Inder Lok,Match at 9 in new_data list
9,Inderlok,Inder Lok Metro Station,Match at 8 in new_data list
10,Shastri Nagar Shiv Mandir,Shastri Nagar Shiv Mandir,Match
11,Shastri Nagar E Block,Shastri Nagar E Block,Match
12,Shastri Nagar Metro Station,Shastri Ngr Metro Station,Match
13,Subhadra Colony,Subhadra Clny,Match
14,Shastri Nagar A Block,Shastri Nagar A Block,Match
15,Gulabi Bagh,Gulabi Bagh,Match
16,Chowki No 2 / Gulabi Bagh Crossing,Chowki No.2,Slightly match
17,Shakti Nagar Nangia Park,Nagia Park Shakti nagar,Match
18,Roop Nagar / Kamla Nagar,Kamla Nagar,Slightly match
19,Maurice Nagar II,Maurice Nagar,Match
20,Doulat Ram College,Daulat Ram College,Match
21,Shri Ram College,Sri Ram College,Match
22,Patel Chest,Patel Chest,Match
23,Khalsa College,Khalsa College,Match
24,INS Hostel,INS Hostel,Match
25,Vishwa Vidyalaya Metro Station,VishwaVidhalaya Metro Station,Match
26,INMAS Hospital,Inmas Hospital,Match
27,DDA Flat Lucknow Road,DDA Flat Lucknow Road,Match
28,CGHS Dispensary,CGHS Dispensary,Match
29,Education Office (Lucknow Rd),Education Office (Lucknow Rd),Match
30,Timar Pur Qrts,Timar Pur Qrts,Match
31,Balak Ram Hospital,Balak Ram Hospital,Match
32,Police Station Timarpur,Police Station Timar Pur,Match
33,Nehru Vihar Xing,Nehru Vihar Xing,Match
34,Wazirabad Crossing GT Road,Wazirabad Crossing,Match
35,Gurudwara NanakSar,Nanak Sar,Slightly match
36,Rajeev Nagar (Wazirabad Road),Rajiv Nagar,Slightly match
37,Khajuri,Khazoori,Not matched
38,Bhajanpura,Bhajan Pura,Match
39,B-Block Yamuna Vihar,B Block Yamuna Vihar,Match
40,Yamuna Vihar Brij Puri,C Block Yamuna Vihar,Not matched
41,C 4 Yamuna Vihar,C -4 Yamuna Vihar ,Match
42,B R Ambedkar College (Loni Road Xing),Dr. B.R. Ambedkar College,Slightly match
43,MIG Flates Loni Road,MIG Flats Loni Road,Match
44,Ashok Nagar / Meet Nagar,Ashok Nagar,Slightly match
45,Nand Nagari Depot,Nand Nagri Depot,Match
46,Bank Colony,Bank Colony,Match
47,Gagan Cinema Wazirabad Road,Gagan Cinema Xing,Slightly match
48,Harsh Vihar,Harsh Vihar,Match
