,OLD_STOPS,NEW_STOPS,OUTPUT
1,Nand Nagari Terminal,Nand Nagari Terminal,Match
2,GTB Hospital Xing,Gagan Caname Xing,Not matched
3,Hardev Puri,Bank Colony,Not matched
4,Jyoti Colony,NND,Match at 7 in new_data list
5,Chhajjupur,Ashok Nager,Not matched
6,Shiv Mandir,L.R. Xing,Match at 9 in new_data list
7,Babar Pur Ext,Jyoti Colony,Not matched
8,Krishna Marg,Chajju Pur ,Match at 11 in new_data list
9,Vijay Park,Shiv Mandir,Match at 12 in new_data list
10,C-4 Yamuna V X,Babar Pur Extn,Not matched
11,Yamuna Vihar Brij Puri,Krishna Marg,Not matched
12,Yamuna Vihar Brijpuri,Vijay Park,Not matched
13,B-Block Yamuna Vihar,C-4 Yamuna Vihar Xing,Match at 16 in new_data list
14,Bhajanpura,C-4 Yamuna Vihar,Match at 17 in new_data list
15,Khajuri,C-Block Yamuna Vihar,Not matched
16,Rajeev Nagar (Signature Bridge),B Block Yamuna Vihar,Not matched
17,Gurudwara Nanak Sar,Bhajan Pura,Not matched
18,Wazirabad Crossing,Khazoori,Match at 21 in new_data list
19,Nehru Vihar Xing,Rajiv Nagar,Match at 22 in new_data list
20,Police Station Timarpur,Nanak Sar,Match at 23 in new_data list
21,Balak Ram Hospital,Wazirabad Crossing,Match at 24 in new_data list
22,Timarpur,Nehru Vihar Xing,Match at 25 in new_data list
23,Banarsi Daas Estate Timarpur,Police Station Timar Pur,Not matched
24,Mall Road,Balak Ram Hospital,Match at 27 in new_data list
25,Vishwa Vidyalaya Metro Station,Timar Pur,Not matched
26,INS Hostel,Banarasi  Dass Estate,Match at 29 in new_data list
27,GTB Nagar,Mall Road ,Match at 30 in new_data list
28,New Police Lines,Vishva vidyalaya metro station,Not matched
29,Model Town II,INS Hostel,Match at 33 in new_data list
30,Model Town II,GTB Nagar,Match at 33 in new_data list
31,Model Town III,New Police Line,Match at 34 in new_data list
32,Azadpur Metro station,Alpana Cinema,Not matched
33,Shalimar Bagh (Ring Road),Model Town-II,Not matched
34,Wazir Pur Industrial Area/ Ashok Vihar Crossing,Model Town-III,Not matched
35,Wazir Pur Industrial Area/ Ashok Vihar Crossing,Azadpur ,Not matched
36,Ashok Vihar B Block,Shalimar Bagh Xing,Not matched
37,Deep Market Ashok Vihar,Ashok Vihar Crossing,Not matched
38,JA Block Ashok Vihar,Inst. Area W.Pur,Not matched
39,Ashok Vihar Water Tank,Ashok Vihar BA-Blk.,Match at 42 in new_data list
40,Ashok Vihar I Block,Deep MarketU01789,Not matched
41,Wazir Pur JJ Colony,Ashok Vihar A Block,Match at 45 in new_data list
42,Wazirpur JJ Colony,Ashok Vihar Water Tank,Match at 45 in new_data list
43,,Ashok Vihar J Block,
44,,Wazir Pur JJ Colony Crossing,
45,,Wazir Pur J J Colony,
