,OLD_STOPS,NEW_STOPS,OUTPUT
1,Shivaji Stadium Terminal,Shivaji Stadium,Slightly match
2,Bakhtawar Pur School,Shivaji Park,Not matched
3,Ajmeri Gate / Kamla Market,Vivekanad Marg,Not matched
4,JLN Marg,Jwahar Lal Nehru Marg,Not matched
5,Zakir Husain College,Zakhir Hussain College,Match
6,Turkman Gate / G B Pant Hosipatal,Turakman Gate,Slightly match
7,Delite Cinema,Delite Cinema,Match
8,Delhi Gate,Delhi Gate,Match
9,Golcha Cinema,Golcha Cinema,Match
10,Darya Ganj,Dariya Ganj,Match
11,Subhash Park,Subhash Park,Match
12,Jama Masjid,Jama Masjid,Match
13,Red Fort,Red Fort,Match
14,GPO,G P O Kasmiri Gate,Not matched
15,Guru Govind Singh University (Kashmere Gate),GGS IP University,Slightly match
16,ISBT Bridge,ISBT Kashmere Gate,Not matched
17,ISBT Nityanand Marg,ISBT Nityanand Marg,Match
18,Shastri Park,Shashtri Park Metro Depot,Slightly match
19,Shyam Giri Mandir,Shyam Giri Mandir,Match
20,Shastri Park,Shastri Park,Match
21,Dharampura,Dharam Pura,Match
22,Seelam Pur Metro Mall,Seelam Pur,Slightly match
23,Welcome Colony,Welcome,Slightly match
24,Bdo Office,Shyam Lal College,Not matched
25,Mansarovar Park Metro Station,Maansarowar Park Metro Station,Match
26,Telephone Exchange,Telephone Exchange,Match
27,Jhilmil Crossing / Dilshad Garden GT Road,Dilshad Garden GT Road,Slightly match
28,Jhilmil Xing,Jhilmil X-ing,Match
29,Shahdra Border,Shahdra Border,Match
30,JandK Pocket Dilshad Garden,J&K Pocket Dilshad Garden,Match
31,New Seema Puri,Old seemapuri,Not matched
32,,Seema Puri,
