,OLD_STOPS,NEW_STOPS,OUTPUT
1,SDM Court Kanjhawala,Kanjhawala,Slightly match
2,Rss Kanjhawala,RSS (Kanjhawla),Match
3,Shiv vihar/Bheem chowk,Shiv Vihar ,Slightly match
4,Desu Office Karala,Desu Office,Slightly match
5,Karala Crossing,Karala Crossing ,Match
6,Karala Village,Karala,Slightly match
7,Karala School,Karala School,Match
8,Rama Vihar,Rama Vihar,Match
9,Jain Hospital,Jain Hospital,Match
10,Rajeev Nagar (Wazirabad Road),Rajeev Nagar,Slightly match
11,Rohini S 22 T,Rohini Sec-22 Terminal / Begam Pur,Slightly match
12,Lakkhi Ram Park X,Lakhi Ram Park Xing,Slightly match
13,Rohini Sec 20/21 More,Rohini Sec -20/21,Match
14,Pooth Kalan,Pooth Kalan,Match
15,Brahm shakti hospital,Braham Shakti Hospital,Match
16,Krishna Vihar,Krishna Vihar,Match
17,Buddh vihar,Budh Vihar,Match
18,Mangol Puri Y Block,Y-Blk. Mangol Puri,Slightly match
19,Mangol Pur Khurd,Mangolpur khurd,Match
20,Avantika Xing,Avantika Xing,Match
21,Mangolpur Kalan Village,Mangol Pur Kalan,Not matched
22,Mangol Pur School (Kanjhawla Road),Mangol Pur School,Slightly match
23,Mangolpur School,Mangol Puri Police Line,Match at 22 in new_data list
24,Rohini Depot III,Rohini Depot-3,Slightly match
25,Puspanjali Enclave,Pushpanjali Enclave,Match
26,Kali Mata Mandir,Kali Mata Mandir,Match
27,Saraswati Vihar C Block,Saraswati Vihar C-Block,Match
28,Madhuban Chowk Outer Ring Road,Madhuvan Chowk,Slightly match
29,JD Block Pitam Pura,JD Blk Pitam Pura,Match
30,Vaishali Enclave / Kapil Vihar,Vashali Enclave,Slightly match
31,Kohat Enclave Metro Station,Kohat Enclave,Slightly match
32,Pitampura ND Block,Pitam Pura ND-Block,Match
33,Netaji Subhash Palace (Wazirpur Depot) Road No 41,Wazirpur Depot,Not matched
34,Punjab Kesari,Subhash Place Depot Punjab Kesri,Slightly match
35,Prem Bari Pull,Prem Bari Pull,Match
36,Shalimar Bagh Richi Rich,Richi Rich Shalimar Bagh,Match
37,Ashok Vihar Xing,Ashok Vihar Crossing,Slightly match
38,Shalimar Bagh Richi Rich,Shalimar Bagh Xing,Not matched
39,Azadpur,Azadpur ,Match
40,Bara Bagh,Bara Bagh,Match
41,Gujranwala Town,Gujranwala Town,Match
42,Telephone Exchange,Telephone Exchange,Match
43,Harmilap Mission,Harmilap Mission,Match
44,State Bank Colony,SBI Colony,Slightly match
45,Gurudwara Nanak Pyau,Gurudwara Nanak Pyau,Match
46,Rana Pratap Bagh,R.P. Bagh,Slightly match
47,Gur Mandi,Gur Mandi,Match
48,Roop Nagar / Shakti Nagar (GT Road),Rup Nagar,Not matched
49,Shakti Nagar Nangia Park,Shakti Nagar ,Slightly match
50,Birla Mills,Birla Mill,Match
51,Clock Tower,Clock Tower,Match
52,Roshnara Bagh,Roshnara Bagh,Match
53,Roshnara Road,Roshnara Road,Match
54,Ice Factory (Roshanara Road),Ice Factory,Slightly match
55,St Stephen Hospital,St.Stephen's Hosp.,Slightly match
56,Tees Hazari Court,Tis Hazari Court,Match
57,ISBT Nityanand Marg,ISBT Nitya Nand Marg,Match
58,ISBT Kashmere Gate,ISBT K.Gate,Slightly match
