,OLD_STOPS,NEW_STOPS,OUTPUT
1,C 4 Yamuna Vihar,C-4 Yamuna vihar,Match
2,Yamuna Vihar Brijpuri,C-Block Yamuna Vihar,Not matched
3,B-Block Yamuna Vihar,B-Blk. Yamuna Vihar,Match
4,Bhajanpura,Bhajan Pura,Match
5,Khajuri,Khajoori Khas,Not matched
6,Garhi Maidu,Garhi Mandoo,Not matched
7,Gamri Extn Pusta No.5,Gamri Ext Pusta no-5,Match
8,Kartar Nagar,Kartar Nagar,Match
9,Tisra Pushta,Tisra Pusta,Match
10,Jagjit Nagar,Jagjit Nagar,Match
11,New Usman Pur Pusta No-1,New Usman Pur Pusta No-1,Match
12,Kaithwara,Kaithwara,Match
13,Shastri Park,Shashtri Park,Match
14,Shyam Giri Mandir,Shyam Giri Mandir,Match
15,Shastri Park,Shashtri Park Metro Depot,Slightly match
16,ISBT Nityanand Marg,ISBT Nityanand Marg,Match
17,Mori Gate Terminal,Mori Gate Terminal,Match
