,OLD_STOPS,NEW_STOPS,OUTPUT
1,ISBT Kashmere Gate Terminal,Mori Gate Terminal,Slightly match
2,ISBT Nityanand Marg,ISBT Nityanand Marg,Match
3,Shastri Park,Shashtri Park Metro Depot,Slightly match
4,Shyam Giri Mandir,Shyam Giri Mandir,Match
5,Shastri Park,Shashtri Park,Match
6,Kaithwara,Kaithwara,Match
7,New Usman Pur Pusta No-1,New Usman Pur Pusta No-1,Match
8,Jagjit Nagar,Jagjit Nagar,Match
9,Tisra Pusta,Tisra Pusta,Match
10,Kartar Nagar,Kartar Nagar,Match
11,Gamri Ext / Pusta 5,Gamri Ext Pusta no. 5,Match
12,Garhi Maidu,Garhi Mandoo,Not matched
13,Khajuri,Khajoori Khas,Not matched
14,Bhajanpura,Bhajan Pura,Match
15,B-Block Yamuna Vihar,B-Block Yamuna vihar,Match
16,Yamuna Vihar Brij Puri,C-Block Yamuna Vihar (Brij Puri),Match
17,C 4 Yamuna Vihar,C-4 Yamuna vihar,Match
