,OLD_STOPS,NEW_STOPS,OUTPUT
1,Nangloi Metro Station,Quamruddin Nagar,Not matched
2,Lokesh Cinema Nangloi,Lokesh Cinema,Slightly match
3,Nangloi Metro Station,Nangloi,Not matched
4,Sultan Puri Crossing,Sultan Puri Crossing,Match
5,Nagloi Jj Colony 3,Nangloi JJ Colony 3,Match
6,Jwala Puri / Nangloi Depot,Jawala Puri,Slightly match
7,Inder Enclave,Inder Enclave,Match
8,Udyog Nagar,Udyog Nagar,Match
9,Peera Garhi Metro Station,Peera Garhi Metro Station,Match
10,Peera Garhi Chowk,Peera Garhi ,Slightly match
11,Mangol Puri B Block / Vidya Vihar,B-Block Mangol Puri Ring Road,Not matched
12,West Enclave,West Enclave,Match
13,Mangolpur School,Mangol Pur School,Match
14,Mangolpur Kalan Village,Mangol Puri Police Line,Not matched
15,Rohini Depot III,Rohini Depot-3,Slightly match
16,Puspanjali Enclave,Pushpanjali Enclave,Match
17,Kali Mata Mandir,Kali Mata Mandir,Match
18,Saraswati Vihar C Block,Saraswati Vihar C-Block,Match
19,Madhuvan Chowk,Madhuvan Chowk,Match
20,Power House Pitam Pura,Power House Pittam Pura,Match
21,Pitampura RU Block,RU Block Pitam Pura,Match
22,Uttri Pitam Pura,Uttri Pitam Pura,Match
23,Prashant Vihar F-Block,Prashant Vihar,Slightly match
24,Haidarpur Water Works,Haider Pur Water Works,Match
25,Badli Crossing,Badli Crossing,Match
26,GTK Bypass / Mukraba Chowk,GTK By Pass,Not matched
27,Outer Ring Road Makbara Chowk,Outer Ring Road Makbara Chowk,Match
28,Bhalaswa Crossing,Bhalaswa Xing,Not matched
29,Jag Jivan Ram Hospital,Jag Jivan Ram Hospital,Match
30,Jahangir Puri Outer Ring Road,Jahangir Puri Outer Ring Road,Match
31,Mukund Pur Chowk,Mukand Pur Xing,Not matched
32,Burari Crossing,Burari Xing,Not matched
33,CV Raman ITI,CV Raman ITI,Match
34,Gandhi Vihar,Gandhi Vihar,Match
35,Gopal Pur Xing,Jagat Pur Xing,Match at 36 in new_data list
36,Gopal Pur Xing,Gopal Pur Xing,Match
37,Wazirabad Crossing,Wazirabad Crossing,Match
38,Gurudwara NanakSar,Nanak Sar,Slightly match
39,Rajeev Nagar (Wazirabad Road),Rajiv Nagar,Slightly match
40,Khajuri,Khajoori,Not matched
41,Bhajanpura,Bhajan Pura,Match
42,Yamuna Vihar B Block,B Block Yamuna Vihar,Match
43,C 4 Yamuna Vihar,C Block Yamuna Vihar,Slightly match
44,C 4 Yamuna Vihar,C Block Yamuna Vihar,Slightly match
45,Gokul Puri,Gokul Puri,Match
46,c block gokul puri,C Block Gokul Puri ,Match
47,Vijay Park,Vijay Park,Match
48,Krishna Gali Yamuna Vihar C-12,Krishna Marg,Not matched
49,Babar Pur Ext,Babar Pur Extn.,Match
