,OLD_STOPS,NEW_STOPS,OUTPUT
1,ISBT Kashmere Gate Terminal,Mori Gate Terminal,Slightly match
2,ISBT Nityanand Marg,I.S.B.T Nityanand marg,Match
3,Ludlow Castle,Ludlow Castle School,Slightly match
4,Exchange Store / Civil Lines Metro Station,Civil Line Metro Station,Slightly match
5,IP College (GT Road),I P College,Slightly match
6,Old Secretariat (Postal Account Office),Old Sectariate,Slightly match
7,Vidhan Sabha Metro Station,Vidhan Sabha Metro Station,Match
8,Khyber Pass,Kheber pass,Match
9,Mall Road,Mall Road,Match
10,Banarsi Daas Estate Timarpur,Banarasi Dass Estate,Not matched
11,Timarpur,Timarpur,Match
12,Balak Ram Hospital,Balak Ram Hospital,Match
13,Police Station Timarpur,PS Timarpur,Slightly match
14,Nehru Vihar Xing,Nehru Vihar Crossing,Slightly match
15,Wazirabad Crossing GT Road,Wajirabad Crossing,Not matched
16,Gurudwara NanakSar,Nanaksar,Slightly match
17,Gurudwara Nanak Sar,Nanak Sar More,Not matched
18,Pusta No 3 Sonia Vihar,Pusta No-1,Slightly match
19,Pusta No 2 Sonia Vihar,Pusta No-2,Slightly match
20,Pusta No 2 Sonia Vihar,Pusta No -3,Slightly match
21,Pusta No 3 Sonia Vihar,Pusta No-4 Gatta factory,Not matched
22,Sonia Vihar,Sonia Vihar E-Block,Slightly match
23,Pusta No 5 Sonia Vihar,Anpurna Mandir Sonia Vihar,Not matched
24,Check Post,Check Post Sonia Vihar,Slightly match
25,Chauhan Patti,Chauhan Patti,Match
26,Tronika City Gate No 2,Tronika City Gate No-1,Match
27,Tronika City Gate No 1,Tronika City Gate No-2,Match
28,badarpur khadar shank no-27,Badarpur Khadar Shank No-27,Match
