,OLD_STOPS,NEW_STOPS,OUTPUT
1,E Block Jahangir Puri Terminal,E Block Jahangir Puri,Match
2,Jahangirpuri K Block,C Block Jahangir Puri,Slightly match
3,Jahangirpuri A-Block,K Block Jahangir Puri,Slightly match
4,IIT Gate (Aurobindo Marg),A Block Jahangir Puri,Not matched
5,Surajkund Crossing,Jahangir Puri Xing,Not matched
6,Jahangir Puri Metro Station,Jahangir Puri Metro Station,Match
7,Prem Nagar,Sarai Pipal Thala,Not matched
8,Adarsh Nagar / Bharola Village,Adarsh Nagar,Slightly match
9,Sabji Mandi Azadpur,Azad Pur New Subzi Mandi,Not matched
10,Azadpur Terminal,Azadpur ,Slightly match
11,Model Town-III,Model Town-III,Match
12,Model Town II,Model Town-II,Match
13,Alpana Cinema (Model Town Mtr Stn),Alpana Cinema,Slightly match
14,New Police Line,New Police Line,Match
15,GTB Nagar,G.T.B Nagar,Match
16,INS Hostel,INS Hostel,Match
17,Vishwa Vidyalaya Metro Station,Vishva vidyalaya metro station,Match
18,Mall Road,Mall Road ,Match
19,Banarsi Daas Estate Timarpur,Banarasi  Dass Estate,Not matched
20,Timarpur,Timar Pur,Match
21,Balak Ram Hospital,Balak Ram Hospital,Match
22,Police Station Timarpur,Police Station Timar Pur,Match
23,Nehru Vihar Xing,Nehru Vihar Xing,Match
24,Wazirabad Crossing GT Road,Wazirabad Crossing,Match
25,Gurudwara NanakSar,Nanak Sar,Slightly match
26,Rajeev Nagar (Wazirabad Road),Rajiv Nagar,Slightly match
27,Khajuri,Khazoori,Not matched
28,Bhajanpura,Bhajan Pura,Match
29,B-Block Yamuna Vihar,B Block Yamuna Vihar,Match
30,Yamuna Vihar Brij Puri,C- Block Yamuna Vihar,Not matched
31,C 4 Yamuna Vihar,C- 4 Yamuna Vihar,Match
32,B R Ambedkar College (Loni Road Xing),Dr. B.R. Ambedkar College,Slightly match
33,MIG Flates Loni Road,MIG Flats Loni Road,Match
34,Ashok Nagar / Meet Nagar,Ashok Nagar,Slightly match
35,Nand Nagari Depot,Nand Nagri Depot,Match
36,Bank Colony,Bank Colony,Match
37,Gagan Cinema Wazirabad Road,Gagan Cinema Xing,Slightly match
38,Harsh Vihar,Harsh Vihar,Match
