,OLD_STOPS,NEW_STOPS,OUTPUT
1,Sewa Nagar Flyover,SEWA NAGAR RLY XING                                                         ,Not matched
2,J L Nehru Stadium,JAWAHAR LAL N S XING                                                         ,Not matched
3,Central School Lodhi Colony,LODHI COLONY                                                         ,Slightly match
4,Lodhi Colony Market,LODHI COLONY 18-BLOCK                                                         ,Not matched
5,Lodhi Colony,LODHI GARDEN XING                                                         ,Not matched
6,Dayal Singh College,DAYAL S COLLGE                                                         ,Slightly match
7,Bharti Nagar,BHARTI NAGAR                                                         ,Match
8,Sujan Singh Park,SUJAN SINGH P                                                         ,Slightly match
9,Humayun Road Khan Mkt Metro Stn,HUMAYUN ROAD                                                         ,Slightly match
10,Kota House,KOTAH HOUSE                                                         ,Match
11,Shahajahan Road,SHAJHAN ROAD                                                         ,Slightly match
12,Baroda House,NATIONAL ART GAILERY                                                         ,Not matched
13,Patiala House,NATIONAL STADIUM                                                         ,Not matched
14,Supreme Court,PATIYALA HOUSE                                                         ,Not matched
15,Tilak Bridge,SUPREME COURT                                                         ,Not matched
16,ITO (Agarwal Chowk),TILAK BRIDGE                                                         ,Not matched
17,Express Building,ITO BSZ MARG                                                         ,Not matched
18,Delhi Gate,EXPRESS BUILDING                                                         ,Not matched
19,Darya Ganj,DELHI GATE                                                         ,Not matched
20,GOLCHA CINEMA,DARYA GANJ                                                         ,Not matched
21,Subhash Park,GOLCHA CINEMA                                                         ,Not matched
22,Jama Masjid,SUBHASH PARK                                                         ,Not matched
23,Red Fort,RED FORT                                                         ,Match
24,GPO,GPO KASMIRI GATE                                                         ,Not matched
25,Guru Govind Singh University (Kashmere Gate),GGS IP UNIVERSITY                                                         ,Slightly match
26,ISBT Kashmere Gate,ISBT KASHMERE GATE                                                         ,Match
27,ISBT Nityanand Marg,ISBT NITYANAND MARG                                                         ,Match
28,Ludlow Castle,LUDLOW CASTLE SCHOOL                                                         ,Slightly match
29,Exchange Store / Civil Lines Metro Station,CIVIL LINE METRO STATION                                                         ,Slightly match
30,IP College (GT Road),IP COLLEGE                                                         ,Slightly match
31,Old Secretariat (Postal Account Office),OLD SECRETRIATE                                                         ,Slightly match
32,Vidhan Sabha Metro Station,VIDHAN SABHA METRO STATION                                                         ,Match
33,Khyber Pass,KHYBER PASS                                                         ,Match
34,Mall Road,MALL ROAD RING ROAD                                                         ,Slightly match
35,Vishwa Vidyalaya Metro Station,VISHVA VIDYALAYA METRO STATION                                                         ,Match
36,INS Hostel,INS HOSTEL                                                         ,Match
37,GTB Nagar / Haqiqat Nagar,GTB NAGAR                                                         ,Slightly match
38,Sewa Kutir,SEWA KUTIR                                                         ,Match
39,BBM Cluster Depot,BBM 11 DEPOT                                                         ,Slightly match
40,Indra Vihar,INDRA VIHAR                                                         ,Match
41,Mukharji Nagar Xing,MUKHARJI N X                                                         ,Slightly match
42,Mukharji Nagar Tank,MUKHERJI NAGAR BANDH                                                         ,Slightly match
