,OLD_STOPS,NEW_STOPS,OUTPUT
1,wazirabad hanuman chowk,Wazirabad Hanuman Chowk,Match
2,gali no. 6,Gali No. 6 Wazirabad,Slightly match
3,gurjar chowk,Gurjar Chowk,Match
4,gali no. 5 wazira bad jagatpur xing,Gali No. 5 Wazira Bad Jagatpur xing,Match
5,Gopal Pur / Jagat Pur Crossing,Gopal Pur,Not matched
6,Wazirabad Crossing GT Road,Wajirabad Crossing,Not matched
7,Nehru Vihar Xing,Nehru Vihar Crossing,Slightly match
8,Police Station Timarpur,PS Timarpur,Slightly match
9,Balak Ram Hospital,Balak Ram Hospital,Match
10,Timarpur,Timarpur,Match
11,Banarsi Daas Estate Timarpur,Banarasi Dass Estate,Not matched
12,Mall Road,Mall Road,Match
13,Khyber Pass,Kheber pass,Match
14,Vidhan Sabha Metro Station,Vidhan Sabha Metro Station,Match
15,Old Secretariat (Postal Account Office),Old Sectariate,Slightly match
16,IP College,I P College,Match
17,Exchange Store / Civil Lines Metro Station,Civil Line Metro Station,Slightly match
18,Ludlow Castle,Ludlow Castle School,Slightly match
19,ISBT Kashmere Gate (Lothian Road),ISBT Kashmere Gate,Slightly match
20,Guru Govind Singh University (Kashmere Gate),GGS IP University,Slightly match
21,G P O Kasmiri Gate,G P O Kasmiri Gate,Match
22,Red Fort,Red Fort,Match
23,Jama Masjid,Jama Masjid,Match
24,Darya Ganj,Dariya Ganj,Match
25,Delhi Gate (JLN Marg),Delhi Gate,Slightly match
26,LNJP Hospital,LNJP Hospital,Match
27,Zakir Husain College,Zakir Husain College,Match
28,JLN Marg,J.L. Nerhu Marg,Slightly match
29,Vivekanand Marg / Minto Road,Vivekanand Marg ,Slightly match
30,Shivaji Park,Shivaji Park,Match
31,Super Bazar,Super Bazar,Match
32,Palika Kendra,Palika Kend.,Match
33,P S Parliament / Jantar Mantar,P.S. Parilyament,Slightly match
34,Patel Chowk (Ashoka Road),Patel Chowk,Slightly match
35,Gurudwara Bangla Sahib,Gurudwara Bangla Sahib,Match
36,NDPO,NDPO,Match
37,Kendriya Terminal (Pt. Pant Marg),Pt. Pant Marg,Slightly match
38,Gurudwara Rakab Ganj,Gurudwara Rakabganj,Match
39,Kendriya Terminal (Church Road),Kendriya Terminal (Charch Road),Match
