,OLD_STOPS,NEW_STOPS,OUTPUT
1,Shivaji Stadium Terminal,Shivaji Stadium,Slightly match
2,Shivaji Park,Shivaji Park,Match
3,Vivekanand Marg / Minto Road,Vivekanad Marg,Slightly match
4,JLN Marg,J.L.N. Marg,Match
5,Zakir Husain College,Zakir Hussain College,Match
6,Turkman Gate / G B Pant Hosipatal,Turakman Gate,Slightly match
7,Delite Cinema,Delite Cinema,Match
8,Delhi Gate,Delhi Gate,Match
9,Golcha Cinema,Golcha Cinema,Match
10,Darya Ganj,Darya Ganj,Match
11,Subhash Park,subhash park xing,Match
12,Shanti Vana,Shanti Van,Match
13,Geeta Colony Road Crossing,Seelam Garh & Geeta Cly. Road Crossing,Not matched
14,SDM Office,SDM Office,Match
15,Geeta Colony,Geeta Colony,Match
16,Shamshan Ghat,Shamshan Ghat,Match
17,Gandhi Nagar Pusta,Gandhi Nagar Pusta,Match
18,Kailash Nagar Pusta,Kailash Nagar Pusta,Match
19,Yamuna Bridge East,Yamuna Bridge East,Match
20,Dharampura,Dharam Pura,Match
21,Seelam Pur Petrol Pump,Seelam pur,Slightly match
22,Welcome Metro Station,Welcome,Not matched
23,Shahdara (Shyam Lal College),Shyam Lal College,Slightly match
24,Shahdara Terminal,Shahdara,Slightly match
25,kabul nagar,Kabul Nagar ,Match
26,Bali Nagar,Balbir Nagar,Match
27,bhagwanpur khera,Bhagwanpur Khera,Match
28,Jyoti Colony,Jyoti Colony,Match
29,durga puri chowk,Durga puri Chowk,Match
30,MIG Flates Loni Road,MIG Flats Loni Road,Match
31,B R Ambedkar College (Loni Road Xing),Loni Road X-ing (Loni Gole Chakkar),Not matched
