,OLD_STOPS,NEW_STOPS,OUTPUT
1,Kalyan Puri Terminal,Kalyan Puri,Slightly match
2,Super Bazar,Super Bazar,Match
3,Chand Cinema,Chand Cinema,Match
4,Trilokpuri 13-Block,Trilok Puri 13-Block,Match
5,Kotla Village,Kotla Village,Match
6,ITI Khichiripur,ITI Khichiri Pur,Match
7,Shashi Garden Xing,Shashi Garden More,Not matched
8,P S Pandav Nagar,Pandav Nagar Police Station,Slightly match
9,Patpar Ganj Xing,Patpar Ganj ,Match
10,Samas Pur Jagir Village,Samas Pur Village,Match
11,Samas Pur Jagir,Samas Pur Jagir ,Match
12,Pusta Crossing / Akhardham Temple,Pusta Crossing,Slightly match
13,CWG Village / PWD Office,CPWD Office,Slightly match
14,Nizamuddin Road Bridge,Road Bridge East,Not matched
15,ISBT Sarai Kale Khan,Sarai Kale Khan ISBT,Match
16,Bala Sahib Gurudwara,Bala Sahib Gurudwara,Match
17,Maharani Bagh / Ashram,Maharani Bagh,Slightly match
18,Ashram Chowk,Ashram,Slightly match
19,Mata Mandir New Friends Colony,Friends Colony,Slightly match
20,Ishwar Nagar,Ishwar Nagar,Match
21,NSIC,NSIC,Match
22,Laghu Udyog Sansthan(ModiMill),Modi Mills,Not matched
23,Kalkaji Mandir (MaaAnandmayeeMarg),Kalkaji Mandir,Slightly match
24,Nehru Place,Nehru Place Terminal,Slightly match
