,OLD_STOPS,NEW_STOPS,OUTPUT
1,Nehru Place Terminal,Nehru Place Terminal,Match
2,Kalkaji Mandir,Kalkaji Mandir,Match
3,Modi Floor Mills,Modi Mills,Slightly match
4,NSIC,NSIC,Match
5,Ishwar Nagar,Ishwar Nagar,Match
6,New Friends Colony,Friends Colony,Match
7,Ashram Chowk,Ashram,Slightly match
8,Maharani Bagh / Ashram,Maharani Bagh,Slightly match
9,Bala Sahib Gurudwara,Bala Sahib Gurudwara,Match
10,Sarai Kale Khan ISBT,Sarai Kale Khan ISBT,Match
11,Nizamuddin Road Bridge / CPWD Office,Road Bridge East,Slightly match
12,Cpwd Office,CPWD Office,Match
13,Pusta Crossing,Pusta Crossing,Match
14,Samas Pur Jagir,Samas Pur Jagir ,Match
15,Samas Pur Village,Samas Pur Village,Match
16,patpar ganj,Patpar Ganj ,Match
17,P S Pandav Nagar,Pandav Nagar Police Station,Slightly match
18,Shashi Garden Xing,Shashi Garden More,Not matched
19,ITI Khichiripur,ITI Khichiri Pur,Match
20,Kotla Village,Kotla Village,Match
21,Trilokpuri 13 Block,Trilok Puri 13-Block,Match
22,Chand Cinema,Chand Cinema,Match
23,Super Bazar,Super Bazar,Match
24,Kalyan Puri Terminal,Kalyan Puri,Slightly match
