,OLD_STOPS,NEW_STOPS,OUTPUT
1,Ashok Vihar Phase II,Mayur Vihar Phase II,Not matched
2,Radha Swami Satsang,Radha Swami Satsang,Match
3,Kalyan Vas,Kalyan Vas,Match
4,Lal Bahadur Shashtri Hospital,Lal Bahadur Shashtri Hospital,Match
5,Khichdipur,Khichri Pur Village Corner,Not matched
6,Kalyan Puri Terminal,Kalyan Puri Terminal,Match
7,Kalyan Puri Terminal,Kalyan Puri More,Not matched
8,Super Bazar,Super Bazar,Match
9,Chand Cinema,Chand Cinema ,Match
10,Trilokpuri 13-Block,Trilok Puri 13-Block,Match
11,Kotla Village,Kotla Village,Match
12,ITI Khichiripur,ITI Khichiri Pur,Match
13,Shashi Garden Xing,Shashi Garden More,Not matched
14,P S Pandav Nagar,Pandav Nagar Police Station,Slightly match
15,Samas Pur Jagir Village,Samas Pur Village,Match
16,Mother Dairy,Mother Dairy,Match
17,Ganesh Nagar,Ganesh Nagar,Match
18,Shakar Pur School Block,Shakkar pur School Block,Match
19,Laxmi Nagar / Shakarpur Crossing,Laxmi Nagar Xing,Slightly match
20,Rainy Well,Rainy Well,Match
21,Delhi Secretariat,Delhi Secretariat,Match
22,ITO Ring Road,ITO Ring Road,Match
23,IG Stadium,IGI Stadium,Match
24,Ambedkar Stadium Terminal,Ambedkar Stadium,Slightly match
25,Delhi Gate (JLN Marg),Delhi Gate,Slightly match
26,LNJP Hospital,LNJP Hospital,Match
27,Zakir Husain College,Zakir Hussain College,Match
28,PS Kamla Market,Kamla Market,Match
29,New Delhi Railway Station Gate 2,N.D. Rly. Station Gate-2,Not matched
