,OLD_STOPS,NEW_STOPS,OUTPUT
1,Badli Railway Staion,New Delhi Railway Station Gate No.2,Slightly match
2,Vivekanand Marg / Minto Road,Vivekanand Marg Crossing,Not matched
3,JLN Marg,Jawahar Lal Nehru Marg,Not matched
4,Zakir Husain College,Zakir Hussain College,Match
5,Turkman Gate / G B Pant Hosipatal,Turkman Gate,Slightly match
6,Delite Cinema,Delight Cinema,Slightly match
7,Delhi Gate (JLN Marg),Delhi Gate,Slightly match
8,Delhi Gate / Ambedkar Stadium Terminal,Ambedkar Stadium,Slightly match
9,Indira Gandhi Stadium,IGI Stadium,Slightly match
10,ITO Ring Road,ITO Ring Road,Match
11,Delhi Secretariat,Delhi Secretariat,Match
12,Rainy Well,Rainy Well,Match
13,Laxmi Nagar Metro Station,Laxmi Nagar Xing,Slightly match
14,Shakkar Pur,Shakkar pur School Block,Slightly match
15,Ganesh Nagar,Ganesh Nagar,Match
16,Mother Dairy,Mother Dairy,Match
17,Samaspur Jagir Village,Samas Pur Village,Slightly match
18,P S Pandav Nagar,Pandav Nagar Police Station,Slightly match
19,Shashi Garden Xing,Shashi Garden More,Not matched
20,ITI Khichiripur,ITI Khichiri Pur,Match
21,Kotla Village,Kotla Village,Match
22,Trilokpuri 13 Block,Trilok Puri 13-Block,Match
23,Chand Cinema,Chand Cinema ,Match
24,Super Bazar,Super Bazar,Match
25,Kalyan Puri Terminal,Kalyan Puri More,Not matched
26,Kalyan Puri Terminal,Kalyan Puri Terminal,Match
27,khivhri pur village corner,Khivhri Pur Village Corner,Match
28,Lal Bahadur Shashtri Hospital,Lal Bahadur Shashtri Hospital,Match
29,Kalyan Vas,Kalyan Vas,Match
30,Radha Swami Satsang,Radha Swami Satsang,Match
31,Mayur Vihar Phase 2 (T),Mayur Vihar Phase II,Slightly match
