,OLD_STOPS,NEW_STOPS,OUTPUT
1,Trilok Pur 27 Block/31 Block,Trilok Pur 27 Block/31 Block,Match
2,Trilok Puri Blk-20/23,Trilok Puri Blk-20/23,Match
3,New Rajdhani Enclave,Trilok Puri 13-Block,Not matched
4,Kotla Village,Kotla Village,Match
5,ITI Khichiripur,ITI Khichiri Pur,Match
6,Shashi Garden Xing,Shashi Garden More,Not matched
7,P S Pandav Nagar,Pandav Nagar Police Station,Slightly match
8,Patpar Ganj Xing,Samas Pur Village,Not matched
9,Mother Dairy,Mother Dairy,Match
10,Ganesh Nagar,Ganesh Nagar,Match
11,Laxmi Nagar Metro Station,Shakkar pur School Block,Not matched
12,Defence Colony,Laxmi Nagar Xing,Not matched
13,Delhi Secretariat,Rainy Well,Match at 14 in new_data list
14,ITO Ring Road,Delhi Secretariat,Match at 15 in new_data list
15,IG Stadium,ITO Ring Road,Not matched
16,Rajghat Gandhi Darshan,IGI Stadium,Not matched
17,Ambedkar Stadium Terminal,Rajghat / Power house,Not matched
18,Delhi Gate,Rajghat/Gandhi Darshan,Match at 20 in new_data list
19,LNJP Hospital,Ambedkar Stadium,Match at 21 in new_data list
20,Zakir Husain College,Delhi Gate,Not matched
21,PS Kamla Market,LNJP Hospital,Match at 23 in new_data list
22,Dichau Kalan Depot,Zakir Hussain College,Not matched
23,,P.S.Kamla Market,
24,,Kamla Market,
