,OLD_STOPS,NEW_STOPS,OUTPUT
1,Kalyan Puri Terminal,Kalyan Puri,Slightly match
2,Super Bazar,Super Bazar,Match
3,Chand Cinema,Chand Cinema,Match
4,Trilokpuri 13-Block,Trilok Puri 13-Block,Match
5,Kotla Village,Kotla Village,Match
6,ITI Khichiripur,ITI Khichiri Pur,Match
7,Shashi Garden Xing,Shashi Garden More,Not matched
8,P S Pandav Nagar,Pandav Nagar Police Station,Slightly match
9,Samas Pur Jagir Village,Samas Pur Village,Match
10,Mother Dairy,Mother Dairy,Match
11,Ganesh Nagar,Ganesh Nagar,Match
12,Shakar Pur School Block,Shakkar pur School Block,Match
13,Laxmi Nagar / Shakarpur Crossing,Laxmi Nagar Xing,Slightly match
14,Rainy Well,Rainy Well,Match
15,Delhi Secretariat,Delhi Secretariat,Match
16,ITO,ITO AGCR,Slightly match
17,ITO,DDU Marg,Not matched
18,Bal Bhawan DDU Marg,Bal Bhawan,Slightly match
19,Express Building,Express Building,Match
20,Delhi Gate,Delhi Gate,Match
21,LNJP Hospital,LNJP Hospital,Match
22,Zakir Husain College,Zakir Hussain College,Match
23,PS Kamla Market,Kamla Market,Match
24,Kamla Market / Ajmeri Gate,Ajmeri Gate,Slightly match
25,Dispensary Paharganj,Paharganj Dispensary,Match
26,P.S. Pahar Gunj,P.S. Pahar Gunj,Match
27,Jhandewalan,Jhandewalan,Match
28,Karol Bagh Terminal,Karol Bagh Terminal,Match
29,Faiz Road,Faiz Road,Match
30,DB Gupta Market,DB Gupta Market,Match
31,Thana DB Gupta Road,P.S. D.B. Gupta Road,Not matched
32,Prahlad Market,Prehlad Market,Match
33,Khalsa College,Dev Nagar Khalsa College,Slightly match
34,Anand Parvat Terminal,Anand Parvat,Slightly match
