,OLD_STOPS,NEW_STOPS,OUTPUT
1,Anand Parvat Terminal,Anand Parvat,Slightly match
2,Dev Nagar / Khalsa College,Dev Nagar Khalsa College,Match
3,Prahlad Market,Prehlad Market,Match
4,Thana DB Gupta Road,P.S. D.B. Gupta Road,Not matched
5,DB Gupta Market,DB Gupta Market,Match
6,Faiz Road,Faiz Road,Match
7,Karol Bagh Terminal,Karol Bagh Terminal,Match
8,Jhandewalan,Jhandewalan,Match
9,Paharganj Police Station,P.S. Pahar Gunj,Not matched
10,Dispensary Paharganj,Paharganj Dispensary,Match
11,Ajmeri Gate / Kamla Market,Ajmeri Gate,Slightly match
12,JLN Marg,P.S. Kamla Market,Not matched
13,Zakir Husain College,Jawahar Lal Nehru Marg,Not matched
14,Turkman Gate / G B Pant Hosipatal,Zakir Hussain College,Not matched
15,Delite Cinema,Turkman Gate,Not matched
16,Delhi Gate,Delight Cinema,Match at 17 in new_data list
17,Express Building-DC2809,Delhi Gate,Not matched
18,ITO,Ambedkar Stadium,Not matched
19,Delhi Secretariat,I.G.Stadium,Match at 21 in new_data list
20,Rainy Well,ITO Ring Road,Match at 22 in new_data list
21,Laxmi Nagar Metro Station,Delhi Secretariat,Not matched
22,Shakkar Pur,Rainy Well,Not matched
23,Ganesh Nagar,Laxmi Nagar Xing,Match at 25 in new_data list
24,Mother Dairy,Shakkar pur School Block,Match at 26 in new_data list
25,Samaspur Jagir Village,Ganesh Nagar,Not matched
26,P S Pandav Nagar,Mother Dairy,Not matched
27,Shashi Garden Xing,Samas Pur Village,Not matched
28,ITI Khichiripur,Pandav Nagar Police Station,Match at 30 in new_data list
29,Kotla Village,Shashi Garden More,Match at 31 in new_data list
30,Trilokpuri 13 Block,ITI Khichiri Pur,Match at 32 in new_data list
31,Chand Cinema,Kotla Village,Match at 33 in new_data list
32,Super Bazar,Trilok Puri 13-Block,Match at 34 in new_data list
33,Kalyan Puri Terminal,Chand Cinema,Not matched
34,,Super Bazar,
35,,Kalyan Puri,
