,OLD_STOPS,NEW_STOPS,OUTPUT
1,Jheel Terminal,Jheel,Slightly match
2,Geeta Colony,Geeta Colony 2-Block,Slightly match
3,Geeta Colony Block 5,Geeta Colony Block-5,Match
4,St. Lawrence School,ST Lawrence School,Match
5,Geeta Colony Road Crossing,Geeta Colony Taj Enclave,Not matched
6,SDM Office,SDM Office,Match
7,Kishan Kunj,Kishan Kunj,Match
8,Ramesh Park,Ramesh Park,Match
9,Lalita Park,Lalita Park,Match
10,Rainy Well,Rainy Well,Match
11,Delhi Secretariat,Delhi Secretariat,Match
12,ITO,ITO AGCR,Slightly match
13,Tilak Bridge,Tilak Bridge,Match
14,Mandi House,Mandi House,Match
15,K.G.Marg Xing,KG Marg Crossing,Not matched
16,Firozshah Road,Firoz Shah Road,Match
17,Windsor Place,Windsor Place,Match
18,Krishi Bhawan,Krishi Bhawan,Match
19,Red Cross Road,Red Cross Road,Match
20,Aakashwani Bhawan,Akashwani Bhawan,Match
21,Kendriya Terminal / Gurudwara Rakab Gunj,Kendriya Terminal,Slightly match
22,Talkatora Road,Talkatora Road,Match
23,RML Hospital,RML Hospital,Match
24,Talkatora Stadium Garden,Talkatora Stadium,Match
25,Kali Bari Marg Crossing,Kali Bari Marg Crossing,Match
26,Laxmi Narayan Temple,Laxmi Narayan Mandir,Not matched
27,PS Mandir Marg,Mandir Marg,Match
28,Balmiki Mandir,Balmiki Mandir Mandir Marg,Slightly match
29,Panchkuian Road Banwai Lal Hospital,Panchkuian Road Banwari Lal Hospital,Match
30,Meghdoot Bhawan,Meghdoot Bhawan,Match
31,Sadhu Vasvani Marg,Sadhu Vaswani Marg,Match
32,Karol Bagh Metro Station,Karol Bagh Metro Station,Match
33,Telephone Exchange Karol Bagh,Telephone Exchange,Slightly match
34,RAJENDER PLACE METRO STATION,Rajender Place Metro Station,Match
35,East Patel Nagar,East Patel Nagar,Match
36,NPL Colony,N.P.L Colony,Match
37,R-Block Rajendra Nagar,R Block Rajendra Nagar,Match
38,Janak Vihar,Janak Vihar,Match
39,pusa qtr.(idbl),Pusha Quarters,Not matched
40,isar,ISAR,Match
41,dashghera,Dasghara,Slightly match
42,toda pur,Toda Pur,Match
43,air pusa,A I R Pusa,Match
44,Inder Puri JJ Colony,Inder Puri A - Block,Not matched
45,Inderpuri,Inderpuri,Match
