,OLD_STOPS,NEW_STOPS,OUTPUT
1,Inder Puri JJ Colony,Inder Puri,Slightly match
2,Inder Puri (Krishi Kunj),Krishi Kunj,Slightly match
3,Loha Mandi,Loha Mandi,Match
4,Bentax,Bentax,Match
5,Naraina Depot,Naraina Depot,Match
6,Pandav Nagar,Pandav Nagar,Match
7,Shadipur Colony,DTC Colony Shadi Pur,Not matched
8,Shadipur Metro Station,Shadi Pur Metro Station,Match
9,West Patel Nagar,West Patel Nagar,Match
10,South Patel Nagar (Metro Station),South Patel Nagar,Slightly match
11,East Patel Nagar,East Patel Nagar,Match
12,Rajendra Place,Rajindera Place Metro Station,Slightly match
13,Telephone Exchange Karol Bagh,Telephone Exchange,Slightly match
14,Karol Bagh Metro Station,Karol Bagh Metro Station,Match
15,Pusa Road Petrol Pump Sadhu Vaswani Marg,Sadhu Vasvani Marg ,Slightly match
16,Meghdoot Bhawan,Meghdoot Bhawan,Match
17,Banwari Lal Hosp,Punchkuain Road / Banwari Lal Hosp.,Slightly match
18,Panchkuian Road,Panchkuian Road,Match
19,Kalawati Hospital,Kalawati Saran Hospital,Match
20,Sucheta Kriplani Hospital,Sucheta Kriplani Hospital,Match
21,Super Bazar,Super Bazar,Match
22,Statesman House,Statsman House,Match
23,Barakhamba Metro Station,Barakhamba Road Metro Station,Match
24,Modern School,Modern School ,Match
25,Mandi House,Mandi House,Match
26,Tilak Bridge,Tilak Bridge,Match
27,ITO,ITO AGCR,Slightly match
28,Delhi Secretariat,Delhi Sect.,Slightly match
29,Rainy Well,Rainy Well,Match
30,Shakarpur Crossing,Laxmi Nagar,Not matched
31,Laxmi Nagar / Shakarpur Crossing,Shakarpur,Not matched
32,Shakarpur Crossing,Shakarpur X ing,Not matched
33,Nirman Vihar Metro Station,Nirman Vihar,Slightly match
34,Sawarthya Vihar,Swashthya Vihar,Slightly match
35,New Rajdhani Enclave,New Rajdhani Enclave,Match
36,KarKarDooma Crossing,Karkardooma Crossing,Match
37,Hargovind Enclave,Hargovind Singh Enclave,Match
38,Amar Joyti Hospital,Amar Joyti Hospital,Match
39,Shanti Vihar,Shanti Vihar,Match
40,AGCR Enclave,AGCR Enclave,Match
41,DDA Flats Kakarduma,DDA Flats Kakarduma,Match
42,Saini Enclave,Saini Enclave,Match
43,Jagriti Enclave,Jagriti Enclave,Match
44,Ram Vihar,Ram Vihar,Match
45,Anand Vihar,Anand Vihar,Match
46,Yamuna Sports Complex,Yamuna Sports Complex,Match
47,Yojana Vihar/ Yamuna Sports Complex,Yojna Vihar,Not matched
48,Mausam Vihar,Mausam Vihar,Match
49,Ram Prastha Crossing,Ram Prastha X ing,Slightly match
50,Ram Prastha Temple,Ram Prastha,Slightly match
51,Surya Nagar,Surya Nagar,Match
52,Vivek Vihar Ram Mandir,Ram Mandir ,Slightly match
53,Vivek Vihar Girls School,ITI Vivek Vihar,Slightly match
54,Vivek Vihar Terminal,Vivek Vihar,Slightly match
