,OLD_STOPS,NEW_STOPS,OUTPUT
1,Vivek Vihar Terminal,Vivek Vihar,Slightly match
2,Vivek Vihar ITI,ITI Vivek Vihar,Match
3,Baba Ramdev Mandir,Ram Mandir ,Slightly match
4,Surya Nagar,Surya Nagar,Match
5,Ram Prastha Temple,Ram Prastha,Slightly match
6,Ram Prastha Temple,Ram Prastha X ing,Not matched
7,Mausam Vihar,Mausam Vihar,Match
8,Anand Vihar,Yojna Vihar,Match at 10 in new_data list
9,Yamuna Sports Complex,Yamuna Sports Complex,Match
10,Yojana Vihar/ Yamuna Sports Complex,Anand Vihar,Not matched
11,Ram Mandir Paschim Vihar,Ram Vihar,Slightly match
12,Jagriti Enclave,Jagriti Enclave,Match
13,Saini Enclave,Saini Enclave,Match
14,DDA Flats Kakarduma,DDA Flats Kakarduma,Match
15,AGCR Enclave,AGCR Enclave,Match
16,Shanti Vihar,Shanti Vihar,Match
17,Amar Joyti Hospital,Amar Joyti Hospital,Match
18,Hargovind Enclave,Hargovind Singh Enclave,Match
19,Dda Flats Karkardooma,Karkardooma Crossing,Not matched
20,New Rajdhani Enclave,New Rajdhani Enclave,Match
21,Preet Vihar,Swashthya Vihar,Not matched
22,Nirman Vihar,Nirman Vihar,Match
23,Shakarpur Crossing,Shakarpur X ing,Not matched
24,Shakarpur,Shakarpur,Match
25,Laxmi Nagar / Shakarpur Crossing,Laxmi Nagar,Slightly match
26,Rainy Well,Rainy Well,Match
27,Delhi Secretariat,Delhi Sect.,Slightly match
28,ITO,ITO AGCR,Slightly match
29,Tilak Bridge,Tilak Bridge,Match
30,Mandi House,Mandi House,Match
31,Modern School,Modern School ,Match
32,Barakhamba Metro Station,Barakhamba Road Metro Station,Match
33,Statesman House,Statsman House,Match
34,Shivaji Stadium Terminal,Shivaji Stadium,Slightly match
35,Shaheed Bhagat Singh Marg,S. Bhagat Singh Marg,Slightly match
36,Gole Market,Gole Market,Match
37,Rama Krishna Ashram Marg,R.K. Ashram Marg,Slightly match
38,Panchkuian Road,Panchkuian Road,Match
39,Punchkuain Road / Banwari Lal Hosp.,Banwari Lal Hosp.,Slightly match
40,Meghdoot Bhawan,Meghdoot Bhawan,Match
41,Sadhu Vasvani Marg,Sadhu Vasvani Marg ,Match
42,Karol Bagh Metro Station,Karol Bagh Metro Station,Match
43,Telephone Exchange Karol Bagh,Telephone Exchange,Slightly match
44,RAJENDER PLACE METRO STATION,Rajindera Place Metro Station,Match
45,West Patel Nagar,East Patel Nagar,Slightly match
46,South Patel Nagar (Metro Station),South Patel Nagar,Slightly match
47,West Patel Nagar,West Patel Nagar,Match
48,Shadipur Colony,Shadi Pur Metro Station,Not matched
49,Shadipur Colony,DTC Colony Shadi Pur,Not matched
50,Pandav Nagar,Pandav Nagar,Match
51,Naraina Depot,Naraina Depot,Match
52,Bentex,Bentax,Slightly match
53,Loha Mandi,Loha Mandi,Match
54,Inder Puri Krishi Kunj,Krishi Kunj,Slightly match
55,Inder Puri JJ Colony,Inder Puri,Slightly match
