,OLD_STOPS,NEW_STOPS,OUTPUT
1,Noida Sec-43 P. C. Sadar Pur,Noida Sec-43 P.C. Sadar Pur,Match
2,Chhalera Village,Chhalera Village,Match
3,Noida Sector 37,Noida Sector-37,Match
4,Botanical Garden Metro Station,Botanikal Garden Metro Station,Match
5,Noida Sector 28/29,Noida Sector 28/29,Match
6,Noida Sec-18 Metro Station,Sec-18 Metro Station,Match
7,Film City More Under Pass,Film City More Under Pass,Match
8,Wave Cinema,Wave Cinema,Match
9,Atta Peer,Atta Peer,Match
10,RajniGandha Chowk,Rajnigandha Chowk,Match
11,Noida Sec-19,Noida Sec-19B,Match
12,Noida Sec-19 B,Telephone Exchange No Sec-19,Not matched
13,Noida Sec 9 Power House,Noida Sec-9 Power House,Match
14,Telephone Exch Noida Sector-19,Noida Sec-10/21,Slightly match
15,Noida Sec 27 Chowk,Noida Stadium Sec-12,Not matched
16,Chora More Sec12,Chora More Sec-12,Match
17,Raghu Nath Pur /Chora Village,Rahunath Pur Chora Village,Match
18,"Noida Sec 12,22 t-Point","Noida Sec-12,22T Point",Match
19,Noida Sect-12 A Block,Noida Sect-56,Slightly match
20,Metro Hospital,Metro Hospital,Match
21,Noida Sect 12 A Block,Noida Sect-12 A-Block,Match
22,Jhund Pura Sec 11,Jhund Pura Sec-8,Match
23,Noida Sector 8,Noida Sec,Slightly match
24,mayur vihar - iii xing brd,Mayur Vihar Phase-3 Xing Border,Not matched
25,Mayur Vihar Phase-3 Xing BRD,Mayur Vihar Phase-3 Xing ,Match
26,Ganpati Mandir,Shankat Hara Ganpati Mandir,Slightly match
27,Fire Station,Dallu Pura Fire Station,Slightly match
28,Dallu Pura,Dallu pura,Match
29,Kondali Old,Kondli Xing,Not matched
30,Kalyanpuri Crossing,Kalyan Puri,Slightly match
31,Khichdipur,Knichdi Pur Village,Not matched
32,East Vinod Nagar Depot,Vinod Nagar,Slightly match
33,Parivar Apartment,Parivar Apartment,Match
34,Vijaya Laxmi Apartment,Vijaya Laxmi Apartment,Match
35,Balco Apartment,Balco Apartment,Match
36,Himalaya Apartment,Himalaya Apartment,Match
37,Neethi Apartment,Nidhi Appartment,Slightly match
38,Prince Apt,Prince Apartment,Slightly match
39,Mandawali Gov Scl,Mandawali Government School,Slightly match
40,Chandar Vihar,Chandar Vihar,Match
41,Ashirwad Apartment,Ashirwad Apartment,Match
42,Hasan Pur Depot,Hasan pur Depot,Match
43,Jagatpuri F-Block,Jagat Puri FBlock,Match
44,Jagatpuri A Block,Jagat Puri A-Block,Match
45,Radheypuri,Radhey Puri,Match
46,Arjun Nagar,Arjun Nagar,Match
47,Hans Apartment,Hans Apartment,Match
48,Krishna Nagar A Block,Krishna Nagar A Block,Match
49,Swaran Cinema,Swaran Cinema,Match
50,East Azad Nagar,East Azad Nagar,Match
51,Jharkhandi,Jharkhandi,Match
52,Kanti Nagar Extension,Kanti Nagar,Slightly match
53,Shahdara (Shyam Lal College),Shyam Lal College,Slightly match
54,Shahdara Terminal,Shahdara Terminal,Match
