,OLD_STOPS,NEW_STOPS,OUTPUT
1,Shahdara Terminal,Shahdara Terminal,Match
2,Shahdara (Shyam Lal College),Shyam Lal College,Slightly match
3,Jharkhandi,Kanti Nagar,Match at 4 in new_data list
4,Jharkhandi,Jharkhandi,Match
5,East Azad Nagar,East Azad Nagar,Match
6,Swaran Cinema,Swaran Cinema,Match
7,Krishna Nagar A Block,Krishna Nagar A Block,Match
8,Hans Apartment,Hans Apartment,Match
9,Arjun Nagar,Arjun Nagar,Match
10,Radheypuri,Radhey Puri,Match
11,JagatpuriA Block,Jagat Puri A Block,Match
12,Jagatpuri A Block,Jagat Puri F Block,Match
13,Gazipur Depot,Hassan Pur Depot,Not matched
14,Gazipur Village,Hassan Pur Village,Match at 15 in new_data list
15,SFS Quarter Gazipur,Gazi Pur Village,Not matched
16,National Highway 24 Crossing,NHW Crossing,Slightly match
17,Gopal Pur Xing,Gazipur Xing,Not matched
18,East Vinod Nagar Depot,East Vinod Nagar,Match
19,Khichdipur,khichri Pur Village,Not matched
20,Kalyan Puri Xing,Kalyanpuri,Slightly match
21,Kondali Old,Kondli Crossing,Not matched
22,Dallu Pura Village,Dallu pura,Slightly match
23,Vasundhra Enclave Sports Complex,Vasundhra Enclave,Slightly match
24,Mayur Vihar Phase III Crossing,Mayur Vihar - III Xing,Slightly match
25,Mayur Vihar Phase 3 Crossing,Mayur Vihar -III Xing BRD,Not matched
26,jhundpura vill,JhundPura Vill,Match
27,Noida Sector-27 Market,Noida Sector 8,Slightly match
28,Jhund Pura Sec 11,Noida Sect- 12,Not matched
29,Noida Sect-12 A Block,Noida Sect-12 A-Block,Match
30,Metro Hospital,Metro Hospital,Match
31,Noida Sector 56,Noida Sector 56,Match
32,Noida Sec-35-51,"Noida Sec -12, 22 T Point",Slightly match
33,Noida Sec 12/ 22 T Point,Noida Sector -11,Slightly match
34,Raghu Nath Pur /Chora Village,Raghu Nath Pur /Chora Village,Match
35,Chora More Sec-12,Chora More Sec - 12,Match
36,Noida Stadium,Noida Stadium,Match
37,Noida Sec 10 / 21,Noida Sec - 21,Match
38,Noida Sec 9 Power House,Noida Sec 20(Police Station),Not matched
39,Telephone Exch Noida Sector-19,Telephone Exch Noida Sec.-19,Match
40,Noida Sec-19 B,Noida Sec - 19B,Match
41,Noida Sec 27 Chowk,Noida Sec-27 Chowk,Match
42,Noida Sector-27 Market,Noida Sec-27 Market,Match
43,Noida Sec 28,Noida Sec-28,Match
44,Atta Chowk,Vishwa Bharti School,Match at 45 in new_data list
45,Noida Sector-28/29,Atta Chowk,Match at 46 in new_data list
46,Botanical Garden Metro Station,Noida Sector - 28/29,Match at 47 in new_data list
47,Noida Sector 37,Botanical Garden Metro Station,Match at 48 in new_data list
48,Chhalera village,Noida Sector 37,Match at 49 in new_data list
49,noida sec -43 p.c. sadar pur,Chhalera Village,Match at 50 in new_data list
50,,Noida Sec -43 P.C. Sadar Pur,
