,OLD_STOPS,NEW_STOPS,OUTPUT
1,Noida Sec 62 (Eletronic City),Noida Sec-62 (Eletronic City),Match
2,Neelkanth Apptt Sec-62,Neelkanth Apptt Sec-62,Match
3,Fortige Hospital,Fortige Hospital,Match
4,RO App Sec-62/64,RO App Sec-62/64,Match
5,Mamura Village West Corner,Mamura Village West Corner,Match
6,Sector-60 Noida,Sector-60 Noida,Match
7,Noida Sec-60-71 Sai Mandir,Noida Sec-60-71 Sai Mandir,Match
8,Sector-71 Noida,Sector-71 Noida,Match
9,Sarfabad Xing Sec-52,Sarfabad Xing,Slightly match
10,Noida Sec-71,Sector-72 Noida,Not matched
11,Noida Sec-35-51,Noida Sec-35-51,Match
12,Telephone Exch Noida Sector-19,Noida Sector-51,Slightly match
13,Noida City Center Metro Station Sec-32,Noida City Center Metro Station Sec-32,Match
14,Noida Degree College,Noida Degree College,Match
15,Noida Sector 36,Noida Sec-36,Slightly match
16,Shashi Chowk,Shashi Chowk Sec-36,Slightly match
17,Noida Sec-43 P. C. Sadar Pur,Noida Sec-43 P. C. Sadar Pur,Match
18,Chhalera Village,Chhalera Village,Match
19,Noida Sector 37,Noida Sector-37,Match
20,Botanical Garden Metro Station,Botanikal Garden Metro Station,Match
21,Noida Sector 28/29,Noida Sector 28/ 29,Match
22,Noida Sec-18 Metro Station,Noida Sec-18 Metro Station,Match
23,Film City More Under Pass,Film City More Under Pass,Match
24,Wave Cinema,Wave Cinema,Match
25,Atta Peer,Atta Peer,Match
26,Rajni Gandha Chowk,Rajni Gandha Chowk,Match
27,Noida Depot,Noida Depot,Match
28,BHEL Power Station,BHEL Power Station ,Match
29,DND Border Toll Bridge Plaza,DND Border Toll Bridge Plaza,Match
30,Yamuna Bridge West,Yamuna Bridge West,Match
31,Tol Bridge Corner,Tol Bridge Corner,Match
32,Maharani Bagh (Ashram),Maharani Bagh,Slightly match
33,Nehru Nagar,Nehru Nagar,Match
34,Sri Niwas Puri,Sri Niwas Puri,Match
35,Vanasthali Public School,Lajpat Nagar,Not matched
36,Nizampur Village,Gupta Market,Not matched
37,Andrews Ganj,Andrews Ganj,Match
38,South Extension,South Extension 2,Match
39,South Extn Kotla Petrol Pump,South Ext Kotla Petrol Pump,Match
40,AIIMS Ring Road,AIIMS,Not matched
41,SJ Hospital,SJ Hospital,Match
42,Nauroji Nagar,Nauroji Nagar,Match
43,R K Puram M,RK Puram More,Slightly match
44,R K Puram Sec 12,R K Puram Sec 12,Match
45,ARADHNA ENCLAVE,Ardhana Enclave,Match
46,Moti Bagh Gurudawara Nanakpura,Moti Bagh,Not matched
47,Moti Bagh Gurudawara Nanakpura,Gurudawara Nanak Pura,Not matched
48,Satya Niketan,Satya Niketan,Match
49,ARSD College (Dhaula Kuan),ARSD College,Slightly match
50,Dhaula Kuan,Dhaula kuan,Match
