,OLD_STOPS,NEW_STOPS,OUTPUT
1,Anand Vihar ISBT Terminal,ISBT Anand Vihar,Slightly match
2,Ram Prastha Crossing,Ramprashta Crossing,Match
3,Ram Prastha Temple,Ram Prastha,Slightly match
4,Surya Nagar,Surya Nagar,Match
5,Shahdra Border,Shahdra Border,Match
6,Jhilmil Xing,Jhilmil Xing,Match
7,Police Post Dilshad Garden,Dilshad Garden Terminal,Not matched
8,Govt School Dilshad Garden,Dilshad Garden School,Match
9,GTB Hospital,GTB Hospital,Match
10,GTB Hospital Xing,GTB Hospital XIng,Match
11,Hardev Puri,Hardev Puri,Match
12,Jyoti Colony,Jyoti Colony,Match
13,Chhajjupur,Chajju Pur ,Slightly match
14,Shiv Mandir,Shiv Mandir,Match
15,Babar Pur Ext,Babar Pur Extn.,Match
16,Krishna Marg,Krishna Marg,Match
17,Vijay Park / Kabir Nagar,Vijay Park,Slightly match
18,C-4 Yamuna V X,C 4 Yamuna Vihar Xing,Slightly match
19,C 4 Yamuna Vihar,C 4 Yamuna Vihar ,Match
20,Yamuna Vihar Brijpuri,C Block Yamuna Vihar ,Not matched
21,B-Block Yamuna Vihar,B Block Yamuna Vihar,Match
22,Bhajanpura,Bhajan Pura,Match
23,Khajuri,Khajoori,Not matched
24,Rajeev Nagar (Signature Bridge),Rajiv Nagar,Not matched
25,Gurudwara Nanak Sar,Nanak Sar,Slightly match
26,Wazirabad Crossing,Wazirabad Crossing,Match
27,Majnu Ka Tila,Majnu Ka Tila ,Match
28,Purana Chandrawal,Chandrawal,Slightly match
29,Khyber Pass,Khyber Pass,Match
30,Mall Road,Mall Road,Match
31,Vishwa Vidyalaya Metro Station,VishwaVidhalaya Metro Station,Match
32,INS Hostel,INS Hostel,Match
33,GTB Nagar / Haqiqat Nagar,GTB Nagar,Slightly match
34,GTB Nagar / Haqiqat Nagar,Hakikat Nagar,Slightly match
35,Sewa Kutir,Sewa Kutir,Match
36,BBM Cluster Depot,BBM II Depot,Slightly match
37,Indra Vihar,Indira Vihar,Match
38,Mukharji Nagar Xing,Mukharji Nagar Xing,Match
39,Mukharji Nagar Tank,Mukherji Nagar Tank,Match
40,Bhai Parmanand Colony,Bhai Parmanand Colony,Match
41,Dhaka Village,Dhaka Village,Match
42,Tagore Park,Tagore Park,Match
43,Malik Pur Vill,Malik Pur Village,Slightly match
44,Alpana Cinema (Model Town Mtr Stn),Alpana Cinema,Slightly match
45,Model Town II,Model Town II,Match
46,Model Town III,Model Town III,Match
47,Azadpur Terminal,Azadpur ,Slightly match
48,Sabji Mandi Azadpur,Azad Pur New Subzi Mandi,Not matched
49,Adarsh Nagar / Bharola Village,Adarsh Nagar,Slightly match
50,Prem Nagar,Sarai Pipal Thala,Not matched
51,Jahangir Puri Metro Station,Jahangir Puri Metro Station,Match
52,Surajkund Crossing,Jahangir Puri X-ing,Not matched
53,IIT Gate (Aurobindo Marg),A Block Jahangir Puri,Not matched
54,Jahangirpuri K Block,K Block Jahangir Puri,Match
55,Jahangirpuri B Block,C Block Jahangir Puri,Slightly match
56,Jahangirpuri A-Block,E Block Jahangir Puri,Slightly match
