,OLD_STOPS,NEW_STOPS,OUTPUT
1,Hauz Khas,Hauz Khas Terminal,Slightly match
2,Padhmini Enclave,Padmini Enclave,Match
3,Hauz Khas,Hauz Khas ,Match
4,Green Park,Green Park,Match
5,Yusuf Sarai,Yusuf Sarai,Match
6,SJ Hospital,S.J. Hospital,Match
7,Kidwai Nagar,Kidwai Nagar,Match
8,Kidwai Nagar (INA Colony),INA Cly,Not matched
9,SJ Airport,S.J. Air Port,Match
10,S J Madrasa,S.J. Madarsa,Slightly match
11,Prithvi Raj Road,Prithvi Raj Road,Match
12,Prithvi Raj Road Crossing,Prithvi Raj Road Crossing,Match
13,Kotah House,Kotah House,Match
14,Shahajahan Road,Shahjahan Road,Match
15,Baroda House,Baroda House,Match
16,Patiala House,Patiala House,Match
17,Supreme Court,Supreme Court,Match
18,Tilak Bridge,Tilak Bridge,Match
19,ITO,ITO AGCR,Slightly match
20,Delhi Secretariat,Delhi Sect.,Slightly match
21,Delhi Secretariat,Rainy Well,Not matched
22,Laxmi Nagar / Shakarpur Crossing,Laxmi Nagar,Slightly match
23,Shakarpur,Shakarpur,Match
24,Shakarpur Crossing,Shakarpur X ing,Not matched
25,Nirman Vihar Metro Station,Nirman Vihar,Slightly match
26,Bhor Garh,Swashthya Vihar,Not matched
27,New Rajdhani Enclave,New Rajdhani Enclave,Match
28,KarKarDooma Crossing,Karkardooma Crossing,Match
29,JagatpuriA Block,Jagat Puri F Block,Slightly match
30,Jagatpuri A Block,Jagat Puri A Block,Match
31,Radheypuri,Radhey Puri,Match
32,Arjun Nagar,Arjun Nagar,Match
33,Hans Apartment,Hans Apartment,Match
34,Krishna Nagar A Block,Krishna Nagar A Block,Match
35,Swaran Cinema,Swaran Cinema,Match
36,East Azad Nagar,Jhar Khandi,Match at 37 in new_data list
37,Jharkhandi,East Azad Nagar,Match at 36 in new_data list
38,Bihari Colony/Kanti Nagar,Bihari Colony/Kanti Nagar,Match
39,Kanti Nagar Extension,Kanti Nagar,Slightly match
40,Welcome Colony Metro Station,Welcome Metro Station,Match
41,Welcome Colony,Welcome,Slightly match
42,Seelam Pur Metro Mall,Seelam Pur,Slightly match
43,Zafrabad School,Zafrabad,Slightly match
44,Zafrabad School,Zafrabad School,Match
45,Babar Pur Terminal,Babar Pur Terminal,Match
46,Babar Pur Ext,Babar Pur ,Match
47,Shiv Mandir,Shiv Mandir(Chajju Pur),Slightly match
48,Chhajjupur,Chajju Pur,Slightly match
49,Jyoti Colony,Jyoti Colony,Match
50,Hardev Puri,L.R. Xing,Not matched
51,GTB Hospital Xing,Nand Nagri Depot,Not matched
52,Nand Nagari Terminal,Nand Nagari Terminal,Match
