,OLD_STOPS,NEW_STOPS,OUTPUT
1,Noida Sec 62 (Eletronic City),Noida Sec 43 Police Chowki,Not matched
2,Chhalera Village,Chhalera village,Match
3,Noida Sector 37,Noida Sector 37,Match
4,Botanical Garden Metro Station,Botanical Garden Metro Station,Match
5,Noida Sector 28/29,Noida Sector 28 29,Match
6,Noida Sec-18 Metro Station,Noida Sec 18 Metro Station,Match
7,Film City More Under Pass,Film City More Under Pass,Match
8,Wave Cinema,Wave Cinema,Match
9,RajniGandha Chowk,Rajni Gandha Chowk,Match
10,Noida Sec-19,Noida Sec 19B,Match
11,Telephone Exch Noida Sector-19,Telephone Exch Noida Sec. 19,Match
12,Noida Sec-19 B,Noida Sec 9 Power House,Slightly match
13,Noida Sec-10-21,Noida Sec 10 / 21,Match
14,Noida Stadium,Noida Stadium,Match
15,Chora More Sec12,Chora More Sec 12,Match
16,Raghu Nath Pur /Chora Village,Raghu Nath Pur /Chora Village,Match
17,"Noida Sec 12,22 t-Point",Noida Sec 12/ 22 T Point,Match
18,Noida Sector 56,Noida Sector 56,Match
19,Metro Hospital,Metro Hospital,Match
20,Noida Sect 12 A Block,Noida Sect 12 A Block,Match
21,Jhund Pura Sec 11,Jhund Pura Sec 11,Match
22,Noida Sector 8,Noida Sector 8,Match
23,Mayur Vihar Phase 3 X-ing BDR.,Mayur Vihar Phase 3 Xing BRD,Match
24,Mayur Vihar Phase-3 Xing BRD,Mayur Vihar Phase 3 Xing,Match
25,Ganpati Mandir,Shankat Hara Ganpati Mandir,Slightly match
26,Fire Station,Dallu Pura Fire Station,Slightly match
27,Dallu Pura,Dallu pura,Match
28,Kondali Xing,Kondli Crossing,Not matched
29,Kalyan Puri Terminal,Kalyan Puri,Slightly match
30,Gazi Pur Dairy Farm,Gazi Pur Dairy DDA Flat,Slightly match
31,Gazi Pur DDA Flats,Gazipur D D A Flate,Slightly match
32,National Highway 24 Crossing,NHW Crossing,Slightly match
33,Gazi Pur DDA Flats,SFS Quarter Gazi Pur,Not matched
34,Gazipur Village,Gazi Pur Village,Match
35,Gazipur Depot,Gazipur Depot,Match
36,Mahrajpur Check Post,Mahrajpur Check Post,Match
37,ISBT Anand Vihar,ISBT Anand Vihar,Match
38,Ram Prastha Crossing,Ram Prastha Xing,Slightly match
39,Ramprashta Mandir,Ramprashta Mandir,Match
40,Surya Nagar,Surya Nagar,Match
41,Shahdara Border,Shahdara Border,Match
42,JandK Pocket Dilshad Garden,J&K Pocket Dilshad Garden,Match
43,Seemapuri Old,Seemapuri,Match
44,Sayeed Nagar More,Sayeed Nagar More,Match
45,DDA Flats New Seema Puri,New Seema Puri,Slightly match
46,DLF More,DLF More,Match
47,New Seema Puri,DDA Flats New Seema Puri,Slightly match
48,Anand Gram Kusht Ashram,Anand Gram,Slightly match
49,Sunder Nagri,Sunder Nagari,Match
50,Gagan Cinema,Gagan Cinema,Match
51,Gagan Cinema (Wazirabad Road),Gagan Cinema Xing,Slightly match
52,Bank Colony,Bank Colony,Match
53,Nand Nagari Depot,Nand Nagri Depot,Match
54,Ashok Nagar / Meet Nagar,Ashok Nagar/Meet Nagar,Match
55,MIG Flates Loni Road,MIG Flats Loni Road,Match
56,B R Ambedkar College (Loni Road Xing),Dr. B.R. Ambedkar College,Slightly match
57,C 4 Yamuna Vihar,C 4 Yamuna Vihar Xing,Match
58,Yamuna Vihar Brij Puri,C 4 Yamuna Vihar,Slightly match
59,Yamuna Vihar Brij Puri,Brijpuri Yamuna Vihar,Match
60,Yamuna Vihar Brijpuri,B Block Yamuna Vihar,Not matched
61,B-Block Yamuna Vihar,Yamuna Vihar Block C 1,Slightly match
62,Bhajanpura,Bhajan Pura,Match
63,Khajuri,Khajuri Khas,Slightly match
64,Rajeev Nagar (Signature Bridge),Rajeev Nagar,Slightly match
65,Gurudwara Nanak Sar Crossing (Signature Bridge),Nanaksar,Not matched
66,Pusta No 1 Sonia Vihar,Pusta No 1,Slightly match
67,Sonia Vihar,Sonia Vihar F Block,Slightly match
68,Anpurna Mandir Sonia Vihar,Anpurna Mandir Sonia Vihar,Match
69,Chauhan Patti,Chauhan Patti,Match
70,Tronika City Gate No 2,Tronika City Gate No 1,Match
71,Tronika City Gate No 1,Tronika City Gate No 2,Match
72,badarpur khadar shank no-27,Badarpur Khadar Shank No 27,Match
