,OLD_STOPS,NEW_STOPS,OUTPUT
1,Anand Vihar ISBT Terminal,Anand Vihar ISBT,Slightly match
2,Gazipur Depot,Gazi Pur Depot,Match
3,Hasanpur Village,Hasan Pur Village,Match
4,Hasanpur Depot,Hasan Pur Depot,Match
5,Jagatpuri F-Block,Jagat Puri F-Blk.,Match
6,Jagatpuri F-Block,Jagat Puri A=Blk.,Slightly match
7,KarKarDooma Court,Karkardomm Court,Match
8,Surajmal Vihar,Surajmal Vihar Authrity,Slightly match
9,Surajmal Vihar Authrity,Surajmal Vihar,Slightly match
10,DDA Flats Jhilmil Colony,DDA Flats Jhilmil Colony,Match
11,S. Sukhdev Singh College of Business Studies,S. Sukhdev Singh College of Business Studies,Match
12,Swami Dayanand Hospital,Swami Dayanand Hospital,Match
13,INMAS Hospital,INMAS Hospital,Match
14,GTB Hospital,GTB Hospital,Match
15,GTB Crossing,GTB Crossing,Match
16,Hardev Puri,Hardev Puri,Match
17,Jyoti Colony,Jyoti Colony,Match
18,MIG Flats DDA L.R. Xing,MIG Flats DDA L.R. Xing,Match
19,B R Ambedkar College (Loni Road Xing),B.R. Ambedkar College,Slightly match
20,C 4 Yamuna Vihar,C-4 Yamuna Vihar,Match
21,Yamuna Vihar Brijpuri,Brijpuri Yamuna Vihar,Match
22,Yamuna Vihar B Block,B Block Yamuna Vihar,Match
23,B-Block Yamuna Vihar,Yamuna Vihar Block C-1,Slightly match
24,Bhajanpura,Bhajan Pura,Match
25,Khajuri,Khajuri Khas,Slightly match
26,Rajeev Nagar (Wazirabad Road),Rajeev Nagar,Slightly match
27,Gurudwara Nanak Sar,Nanaksar,Not matched
28,Pusta No 1 Sonia Vihar,Pusta No-1,Slightly match
29,Sonia Vihar,Sonia Vihar E-Block,Slightly match
30,Anpurna Mandir Sonia Vihar,Anpurna Mandir Sonia Vihar,Match
31,Chauhan Patti,Chauhan Patti,Match
