,OLD_STOPS,NEW_STOPS
1,,Bhajan Pura
2,,B Block Yamuna Vihar
3,,Brijpuri Yamuna Vihar
4,,C-4 Yamuna Vihar
5,,C-4 Yamuna Vihar Xing
6,,Krishna Gali Yamuna Vihar
7,,Vijay Park
8,,Babar Pur Extn
9,,Shiv Mandir(Chajju Pur)
10,,Chajju Pur
11,,Durga Puri
12,,Durga Puri Chowk
13,,MIG Flats Loni Road
14,,Loni Gol Chakkar
15,,Ashok Nagar (Meet Nagar)
16,,Nand Nagari Depot
17,,Bank Enclave
18,,Gagan Cinema Xing
19,,Gagan Cinema
20,,Sunder Nagari
21,,Tahir Pur Village
22,,Anand Gram
23,,New Seema Puri
24,,Seema Puri
25,,Shahadara Border Road No-62
26,,Surya Nagar
27,,Ramprashta Mandir
28,,Ram Prastha Xing
29,,ISBT Anand Vihar
30,,Mahrajpur Check Post
31,,Gazipur Depot
32,,Gazi Pur Village
33,,National Highway Xing
34,,Kalyan Puri Xing
35,,Dallu Pura Village
36,,Mayur Vihar Phase-3 Xing
37,,Mayur Vihar Phase-3 Xing Bdr.
38,,JhundPura Village Noida Sector-6 Xing
39,,Noida Sector 8
40,,Noida Sect-12 -A Block
41,,Metro Hospital
42,,Noida Sector 56
43,,Chora Village Sector 12 Block
44,,Raghu Nath Pur /Chora Village
45,,Chora More Noida Sector-12
46,,Noida Sector-10/21
47,,Noida Sector-10/21 Jalvayu Vihar
48,,Noida Sec 20(Police Station)
49,,Telephone Exchange Noida Sector-19
50,,Noida Sector-19B
51,,Noida Sector-27 Chowk
52,,Noida Sector-27 Market
53,,Noida Sector-28
54,,Vishwa Bharti School 
55,,Atta Chowk
56,,Noida Sector-28/29 
57,,Botanical Garden Metro Station
58,,Noida Sector 37 
59,,Chhalera Village
60,,Noida Sector-43 Police Chowki
61,,Police Choki Sadarpur
62,,Sadarpur More
63,,Noida Sec-40
64,,Aagha Pur Village
65,,Baroula Village 
66,,HINDON VIHAR MORE
67,,Sarin Farm
68,,Mehrishi Ashram
69,,Salarpur Village
70,,Bhangel Village
71,,Noida SECT-82 More
72,,NEPZ Gate No-2
73,,Hosiery Complex petrol Pump
74,,Nangla Charan Dass Village
75,,NOIDA PH-2
76,,Noida Phase 2 Phool Mandi
