,OLD_STOPS,NEW_STOPS,OUTPUT
1,Bhajanpura,Bhajan Pura,Match
2,B-Block Yamuna Vihar,B Block Yamuna Vihar,Match
3,Yamuna Vihar Brij Puri,Brijpuri Yamuna Vihar,Match
4,B-Block Yamuna Vihar,C-4 Yamuna Vihar,Slightly match
5,C 4 Yamuna Vihar,C-4 Yamuna Vihar Xing,Match
6,C 4 Yamuna Vihar,Krishna Gali Yamuna Vihar,Slightly match
7,Vijay Park,Vijay Park,Match
8,Babar Pur Ext,Babar Pur Extn,Match
9,Shiv Mandir,Shiv Mandir(Chajju Pur),Slightly match
10,Chhajjupur,Chajju Pur,Slightly match
11,Jyoti Nagar / Durga Puri,Durga Puri,Slightly match
12,durga puri chowk,Durga Puri Chowk,Match
13,MIG Flates Loni Road,MIG Flats Loni Road,Match
14,B R Ambedkar College (Loni Road Xing),Loni Gol Chakkar,Not matched
15,Ashok Nagar / Meet Nagar,Ashok Nagar (Meet Nagar),Match
16,Nand Nagari Depot,Nand Nagari Depot,Match
17,Bank Colony,Bank Enclave,Not matched
18,Gagan Cinema,Gagan Cinema Xing,Match
19,Gagan Cinema,Gagan Cinema,Match
20,Sunder Nagari,Sunder Nagari,Match
21,Tahir Pur,Tahir Pur Village,Slightly match
22,Anand Gram,Anand Gram,Match
23,Seemapuri Old,New Seema Puri,Not matched
24,New Seema Puri,Seema Puri,Match
25,Shahadara Border Road No 62,Shahadara Border Road No-62,Match
26,Surya Nagar,Surya Nagar,Match
27,Ram Prastha Temple,Ramprashta Mandir,Not matched
28,Ram Prastha Crossing,Ram Prastha Xing,Slightly match
29,Anand Vihar ISBT Main Road,ISBT Anand Vihar,Slightly match
30,Maharaj Pur Check Post,Mahrajpur Check Post,Match
31,Gazipur Depot,Gazipur Depot,Match
32,Gazipur Village,Gazi Pur Village,Match
33,National Highway Xing,National Highway Xing,Match
34,Kalyan Puri Terminal,Kalyan Puri Xing,Not matched
35,Dallu Pura,Dallu Pura Village,Slightly match
36,Mayur vihar Phase-III Crossing,Mayur Vihar Phase-3 Xing,Slightly match
37,Mayur Vihar Phase 3 Crossing,Mayur Vihar Phase-3 Xing Bdr.,Slightly match
38,Noida Sector 8,JhundPura Village Noida Sector-6 Xing,Slightly match
39,Sector-22 Noida H-Blk.,Noida Sector 8,Slightly match
40,Noida Sect-12 A Block,Noida Sect-12 -A Block,Match
41,Metro Hospital,Metro Hospital,Match
42,Noida Sector 56,Noida Sector 56,Match
43,Noida Sec 12/ 22 T Point,Chora Village Sector 12 Block,Not matched
44,Raghu Nath Pur /Chora Village,Raghu Nath Pur /Chora Village,Match
45,Chora More Sec-12,Chora More Noida Sector-12,Slightly match
46,Noida Sector 27 Market,Noida Sector-10/21,Match at 52 in new_data list
47,Noida Sector 34,Noida Sector-10/21 Jalvayu Vihar,Slightly match
48,Noida Sec-35-51,Noida Sec 20(Police Station),Not matched
49,Telephone Exch Noida Sector-19,Telephone Exchange Noida Sector-19,Match
50,Noida Sec-19 B,Noida Sector-19B,Slightly match
51,Noida Sec 27 Chowk,Noida Sector-27 Chowk,Match
52,Noida Sector-27 Market,Noida Sector-27 Market,Match
53,Noida Sector 28,Noida Sector-28,Match
54,Vishwa Bharti School,Vishwa Bharti School ,Match
55,Atta Chowk,Atta Chowk,Match
56,Noida Sector-28/29,Noida Sector-28/29 ,Match
57,Botanical Garden Metro Station,Botanical Garden Metro Station,Match
58,Noida Sector 37,Noida Sector 37 ,Match
59,Chhalera village,Chhalera Village,Match
60,Noida Sec 43 Police Chowki,Noida Sector-43 Police Chowki,Match
