,OLD_STOPS,NEW_STOPS,OUTPUT
1,Nand Nagari Terminal,Nand Nagari Terminal,Match
2,Nand Nagari E-Block,E-Blk Nand Nagri ,Slightly match
3,Sunder Nagari,Sunder Nagari,Match
4,Tahir Pur,Tahir Pur,Match
5,Anand Gram,Anand Gram,Match
6,DLF More,DLF More,Match
7,New Seema Puri,New Seema Puri,Match
8,Seemapuri,Seemapuri,Match
9,JandK Pocket Dilshad Garden,J&K Pocket Dilshad Garden,Match
10,Shahdra Border,Shahdra Border,Match
11,Surya Nagar,Surya Nagar,Match
12,Vivek Vihar Ram Mandir,Ram Mandir,Slightly match
13,Vivek Vihar Terminal,Vivek Vihar,Slightly match
14,Vivekanand Mahila College,Vivekanand Mahila College,Match
15,ESI Hospital,ESI Hospital,Match
16,PS Vivek Vihar,Vivek Vihar Police Station,Slightly match
17,Satyam Enclave / Jhilmil DDA Flats,Jhil Mil DDA Flats,Slightly match
18,Suraj Mal Park,Suraj Mal Park,Match
19,Suraj Mal Vihar,Suraj Mal Vihar Block-A,Slightly match
20,KarKarDooma Court,Karkardooma Court,Match
21,JagatpuriA Block,Jagat Puri A Block,Match
22,Jagatpuri F-Block,Jagat Puri F Block,Match
23,Gagan Vihar,Gagan Vihar,Match
24,Karkardooma Crossing,Karkardooma Crossing,Match
25,New Rajdhani Enclave,New Rajdhani Enclave,Match
26,Preet Vihar,Swasthya Vihar,Not matched
27,Nirman Vihar,Nirman Vihar,Match
28,Shakar Pur xing,Shakar Pur xing,Match
29,Shakarpur,Shakarpur,Match
30,Laxmi Nagar,Laxmi Nagar,Match
31,Delhi Secretariat,Rainy Well,Not matched
32,Delhi Secretariat,Delhi Sect.,Slightly match
33,ITO,ITO AGCR,Slightly match
34,Tilak Bridge,Tilak Bridge,Match
35,Mandi House,Mandi House,Match
36,Modern School,Modern School Bara Khamba Road,Slightly match
37,Jantar Mantar (Tolstoy Marg),Tolstoy Marg,Slightly match
38,Tolstoy Marg,Jantar Mantar,Match at 37 in new_data list
39,PS Parliament Street,PS Parliament Street,Match
40,Patel Chowk (Ashoka Road),Patel Chowk,Slightly match
41,Gurudwara Bangla Sahib,Gurudwara Bangla Sahib,Match
42,NDPO,NDPO,Match
43,Gurudwara Rakab Ganj,Gurudwara Rakab Ganj,Match
44,Kendriya Terminal (Pt. Pant Marg),Kendriya Terminal,Slightly match
