,OLD_STOPS,NEW_STOPS,OUTPUT
1,Kendriya Terminal (Pt. Pant Marg),Kendriya Terminal,Slightly match
2,Gurudwara Rakab Ganj,Gurudwara Rakab Ganj,Match
3,NDPO,NDPO,Match
4,Gurudwara Bangla Sahib,Gurudwara Bangla Sahib,Match
5,YMCA / Palika Kendra,Palika Kender,Slightly match
6,Jantar Mantar (Tolstoy Marg),Jantar Mantar,Slightly match
7,Tolstoy Marg Barakhamba Crossing,Tolestoy Marg,Slightly match
8,Modern School,Modern School,Match
9,Mandi House,Mandi House,Match
10,Tilak Bridge,Tilak Bridge,Match
11,ITO,ITO AGCR,Slightly match
12,IP Power House / ITO Ring Road,Delhi Secretariat,Not matched
13,Delhi Secretariat,Rainy Well,Match at 12 in new_data list
14,Laxmi Nagar / Shakarpur Crossing,Laxmi Nagar,Slightly match
15,Shakarpur,Shakarpur,Match
16,Shakarpur Crossing,Shakarpur Xing,Slightly match
17,Nirman Vihar Metro Station,Nirman Vihar,Slightly match
18,Sawarthya Vihar,Swasthya Vihar,Slightly match
19,New Rajdhani Enclave,New Rajdhani Enclave,Match
20,KarKarDooma Crossing,K K XIng,Not matched
21,Gagan Vihar,Gagan Vihar,Match
22,JagatpuriF-Block,Jagat Puri F Block,Match
23,Jagatpuri F-Block,Jagat Puri A Block,Match
24,KarKarDooma Court,Karkardooma Court,Match
25,Suraj Mal Vihar,Suraj Mal Park,Slightly match
26,Satyam Enclave / Jhilmil DDA Flats,Jhil Mil DDA Flats,Slightly match
27,PS Vivek Vihar,Vivek Vihar Police Station,Slightly match
28,ESI Hospital,ESI Hospital,Match
29,Vivekanand Mahila College,Vivekanand Mahila College,Match
30,Vivek Vihar Terminal,Vivek Vihar ,Slightly match
31,Vivek Vihar Ram Mandir,Ram Mandir,Slightly match
32,Surya Nagar,Surya Nagar,Match
33,Shahdara Border,Shahdara Border,Match
34,JandK Pocket Dilshad Garden,J&K Pocket Dilshad Garden,Match
35,Old Seema Puri,Seema Puri,Match
36,DDA Flats New Seema Puri,New Seema Puri,Slightly match
37,DLF More,DLF More,Match
38,Anand Gram Kusht Ashram,Anand Gram,Slightly match
39,Tahir Pur,Tahir Pur,Match
40,Sunder Nagri,Sunder Nagari,Match
41,Nand Nagari E-Block,E-Blk Nand Nagri ,Slightly match
42,Nand Nagari Terminal,Nand Nagari Terminal,Match
