,OLD_STOPS,NEW_STOPS,OUTPUT
1,Holambi Kalan JJ Colony,Holambi JJ Cly,Slightly match
2,Holambi Kalan Terminal,Holambi Kalan,Slightly match
3,Holambi Khurd Crossing,Holambi Khurd,Slightly match
4,Minda Farm,Minda Farm,Match
5,Alipur Garhi,Alipur Garhi,Match
6,Alipur Village,Alipur Village,Match
7,Alipur Village GT Road,Ali Pur GT Road,Not matched
8,Alipur Block,Alipur Block BDO Office,Slightly match
9,Budhpur GT Road,Budhpur,Slightly match
10,Jain Mandir,Jain Mandir,Match
11,Nangli Puna,Nangli Punam,Match
12,Gurudwara Siraspur GT Road,Gurudwara,Slightly match
13,Swaroop Nagar GT Road,Sawroop Nagar,Slightly match
14,Libas Pur GT Road,Libas Pur GT Road,Match
15,Sanjay Gandhi Transport Nagar,Sanjay Gandhi Transport Nagar,Match
16,GTK Bypass / Mukraba Chowk,GTK By Pass,Not matched
17,GTK Depot,G.T.K Depot,Match
18,Jahangir Puri Metro Station,Jahangir Puri Crossing,Match at 19 in new_data list
19,Jahangir Puri Metro Station,Jahangir Puri Metro Station,Match
20,Prem Nagar,Sarai Peepal Thala,Not matched
21,Adarsh Nagar / Bharola Village,Adarsh Nagar,Slightly match
22,Sabji Mandi Azadpur,Azad Pur New Subzi Mandi,Not matched
23,Azadpur Terminal,Azad Pur,Not matched
24,Model Town-III,Model Town III,Match
25,Model Town II,Model Town II,Match
26,Alpana Cinema (Model Town Mtr Stn),Alpana Cinema,Slightly match
27,New Police Line,New Police Line,Match
28,GTB Nagar,GTB Nagar,Match
29,INS Hostel,INS Hostel,Match
30,Vishwa Vidyalaya Metro Station,VishwaVidhalaya Metro Station,Match
31,Mall Road,Mall Road,Match
32,Banarsi Daas Estate Timarpur,Banarsi Das Estate,Slightly match
33,Timarpur,Timar Pur,Match
34,Balak Ram Hospital,Balak Ram Hospital,Match
35,Police Station Timarpur,Police Station Timar Pur,Match
36,Nehru Vihar Xing,Nehru Vihar Xing,Match
37,Wazirabad Crossing GT Road,Wazirabad Xing,Not matched
38,Gurudwara NanakSar,Nanak Sar,Slightly match
39,Rajeev Nagar (Wazirabad Road),Rajeev Nagar,Slightly match
40,Khajuri,Khazoori,Not matched
41,Bhajanpura,Bhajan Pura,Match
42,B-Block Yamuna Vihar,B Block Yamuna Vihar,Match
43,Yamuna Vihar Brij Puri,Brijpuri Yamuna Vihar,Match
44,Yamuna Vihar Brijpuri,C-4 Yamuna Vihar ,Slightly match
45,Krishna Gali Yamuna Vihar C-12,C-4 Yamuna Vihar Xing,Not matched
46,Babar Pur Ext,Babar Pur Extn,Match
47,Shiv Mandir,Shiv Mandir (Chajju Pur),Slightly match
48,Chhajjupur,Chajju Pur,Slightly match
49,Jyoti Nagar / Durga Puri,Durga Puri,Slightly match
50,Jyoti Colony,Jyoti Colony,Match
51,Hardev Puri,Hardev Puri,Match
52,Nathu Chowk,Nathu Chowk,Match
53,Nand Nagari Terminal,Nand Nagri Community Center,Not matched
54,GTB Hospital Xing,GTB Hospital XIng,Match
55,GTB Hospital,GTB Hospital,Match
56,Dilshad Garden School,Dilshad Garden School,Match
57,Jhilmil Crossing / Dilshad Garden GT Road,Dilshad Garden Terminal,Slightly match
58,Jhilmil Xing,Jhilmil Xing,Match
59,Shahdra Border,Shahdra Border,Match
60,Surya Nagar,Surya Nagar,Match
61,Ram Prastha Temple,Ram Prastha Temple,Match
62,Ram Prastha Crossing,Ram Prastha Crossing,Match
63,Anand Vihar ISBT Main Road, Anand Vihar ISBT Main Road,Match
64,Maharaj Pur Check Post,Maharaj Pur Check Post,Match
65,Gazipur Depot,Gazi Pur Depot,Match
66,Anand Vihar ISBT Terminal,Anand Vihar (ISBT),Match
