,OLD_STOPS,NEW_STOPS,OUTPUT
1,Anand Vihar ISBT Terminal,Anand Vihar ISBT ,Slightly match
2,Ram Prastha Crossing,Ram Prastha Crossing,Match
3,Ram Prastha Temple,Ram Prastha Temple,Match
4,Surya Nagar,Surya Nagar,Match
5,Shahadara Border (Dilshad Garden Mtr Stn),Shahdra Border,Slightly match
6,Jhilmil Xing,Jhilmil Xiing,Match
7,Police Post Dilshad Garden,Dilshad Garden Terminal,Not matched
8,Govt School Dilshad Garden,Dilshad Garden School,Match
9,GTB Hospital,GTB Hospital,Match
10,GTB Hospital Xing,GTB Hospital XIng,Match
11,Nand Nagari Terminal,Nand Nagri Community Center,Not matched
12,Nathu Chowk,Nathu Chowk,Match
13,Hardev Puri,Hardev Puri,Match
14,Jyoti Colony,Jyoti Colony,Match
15,Jyoti Nagar / Durga Puri,Durga Puri,Slightly match
16,Chhajjupur,Chajju Pur,Slightly match
17,Shiv Mandir,Shiv Mandir (Chajju Pur),Slightly match
18,Babar Pur Ext,Babar Pur Extn,Match
19,C 4 Yamuna Vihar,C-4 Yamuna Vihar Xing,Match
20,Yamuna Vihar Brij Puri,C-4 Yamuna Vihar ,Slightly match
21,Yamuna Vihar Brijpuri,Brijpuri Yamuna Vihar,Match
22,B-Block Yamuna Vihar,B Block Yamuna Vihar,Match
23,Bhajanpura,Bhajan Pura,Match
24,Khajuri,Khazoori,Not matched
25,Rajeev Nagar (Signature Bridge),Rajeev Nagar,Slightly match
26,Gurudwara Nanak Sar,Nanak Sar,Slightly match
27,Wazirabad Crossing,Wazirabad Xing,Slightly match
28,Nehru Vihar Xing,Nehru Vihar Xing,Match
29,Police Station Timarpur,Police Station Timar Pur,Match
30,Balak Ram Hospital,Balak Ram Hospital,Match
31,Timarpur,Timar Pur,Match
32,Banarsi Daas Estate Timarpur,Banarsi Das Estate,Slightly match
33,Mall Road,Mall Road,Match
34,Vishwa Vidyalaya Metro Station,VishwaVidhalaya Metro Station,Match
35,INS Hostel,INS Hostel,Match
36,GTB Nagar,GTB Nagar,Match
37,New Police Lines,New Police Line,Match
38,Alpana Cinema (Model Town Mtr Stn),Alpana Cinema,Slightly match
39,Model Town II,Model Town II,Match
40,Model Town III,Model Town III,Match
41,Azadpur Terminal,Azad Pur Terminal,Match
42,Sabji Mandi Azadpur,Azad Pur New Subzi Mandi,Not matched
43,Adarsh Nagar / Bharola Village,Adarsh Nagar,Slightly match
44,Prem Nagar,Sarai Peepal Thala,Not matched
45,Jahangir Puri Metro Station,Jahangir Puri Metro Station,Match
46,Jahangir Puri Metro Station,Jahangir Puri Crossing,Match at 45 in new_data list
47,GTK Depot,G.T.K Depot,Match
48,GTK Bypass / Mukraba Chowk,GTK By Pass,Not matched
49,Sanjay Gandhi Transport Nagar,Sanjay Gandhi Transport Nagar,Match
50,Libas Pur GT Road,Libas Pur GT Road,Match
51,Swaroop Nagar GT Road,Sawroop Nagar,Slightly match
52,Gurudwara Siraspur GT Road,Gurudwara,Slightly match
53,Nangli Puna,Nangli Punam,Match
54,Jain Mandir,Jain Mandir,Match
55,Budhpur GT Road,Budhpur,Slightly match
56,Bdo Office,Alipur Block BDO Office,Slightly match
57,Alipur Village GT Road,Ali Pur GT Road,Not matched
58,Alipur Cpwd Office,Alipur CPWD Office,Match
59,Durga Mandir A,Durga Mandir,Match
60,Ali Pur Garhi,Alipur Garhi,Match
61,Minda Farm,Minda Farm,Match
62,Holambi Khurd DRID College,Holambi Khurd,Slightly match
63,Holambi Kalan Terminal,Holambi Kalan,Slightly match
64,Holambi JJ Cly,Holambi JJ Cly,Match
