,OLD_STOPS,NEW_STOPS,OUTPUT
1,Noida Sec 62 (Eletronic City),Noida Sec 62 (Electronic City),Match
2,Bajitpur Mandir,Bajit Pur Village,Not matched
3,Neelkanth Apptt Sec. 62,Neelkanth Apptt Sec. 62,Match
4,Fortige Hospital,Forist Hospital,Slightly match
5,RO App Sec-62/64,RO App Sec. 62/64 Noida,Match
6,Mamura Village West Corner,Mamura Village West Corner,Match
7,Noida Sec-71,Noida Sec 60/71 Sai Mandir,Slightly match
8,Noida Sec-35-51,Noida Sec,Slightly match
9,Sarfabad Xing Sec-52,Sarfabad Xing Sec. 52,Match
10,Noida Sec-35-51,Noida Sec 35/51,Match
11,Telephone Exch Noida Sector-19,Noida Sector 34,Slightly match
12,Noida City Center Metro Station Sec-32,Noida City Center Metro Station Sec 32,Match
13,Noida Degree College,Noida Degree College,Match
14,Noida Sec 39,Noida Sec 39,Match
15,Shashi Chowk,Shashi Chowk Sec 36,Slightly match
16,Noida Sec-36,Noida Sector 36,Slightly match
17,Noida Sector-37,Noida Sector 37,Match
18,Botanical Garden Metro Station,Botanical Garden Metro Station,Match
19,Noida Sector 28/29,Noida Sector 28/29,Match
20,Noida Sec-18 Metro Station,Noida Sec 18 Metro Station,Match
21,Film City More Under Pass,Film City More Under Pass,Match
22,Wave Cinema,Wave Cinema,Match
23,Atta Peer,Noida Atta Peer,Slightly match
24,Rajni Gandha Chowk,Rajni Gandha Chowk,Match
25,Noida Sec 3,Noida Sec 3,Match
26,Old Secretariat (Postal Account Office),Naya Bans,Not matched
27,Sec 15 Noida Metro Station,Sec 15 Noida Metro Station,Match
28,Sec 14 Noida,Sec 14 Noida,Match
29,Mayur Kunj,Mayur Kunj,Match
30,Hindon Regulator(BRD),Hindon Regulator(BRD),Match
31,Mayur Palace,Mayur Palace,Match
32,Samachar Appartments,Samachar Appartments,Match
33,Mayur Vihar Phase 1 X-ing,Mayur Vihar Phase 1 Xing,Match
34,Delhi Police Appartments,Delhi Police Appartments,Match
35,Pusta xing,Pusta Xing,Match
36,Ganesh Nagar West,Ganesh Nagar West,Match
37,Samas Pur Jagir Village,Samas pur Jagir Gaon,Slightly match
38,Mother Dairy,Mother Dairy,Match
39,Ganesh Nagar,Ganesh Nagar,Match
40,MCKR Hospital,Shakkar pur School Block,Not matched
41,Defence Colony,Laxmi Nagar Xing,Not matched
42,Delhi Secretariat,Rainy Well,Match at 43 in new_data list
43,ITO Ring Road,Delhi Secretariat,Match at 44 in new_data list
44,ITO,ITO Ring Road,Not matched
45,IG Stadium,IG Stadium,Match
46,Delhi Gate,Delhi Gate,Match
47,Golcha Cinema,Golcha Cinema,Match
48,Darya Ganj,Darya Ganj,Match
49,Subhash Park,Subhash Park,Match
50,Jama Masjid,Jama Masjid,Match
51,Red Fort,Red Fort,Match
52,GPO,GPO Kashmere Gate,Not matched
53,G.G.S. I.P. Unversity,G.G.S. I.P. Unversity,Match
54,ISBT Kashmere Gate,ISBT Kashmere Gate,Match
