,OLD_STOPS,NEW_STOPS,OUTPUT
1,ISBT Kashmere Gate Terminal,ISBT Kashmere Gate,Slightly match
2,G.G.S. I.P. Unversity,G.G.S. I.P. Unversity,Match
3,GPO,GPO Kashmere Gate,Not matched
4,Red Fort,Red Fort,Match
5,Jama Masjid,Jama Masjid,Match
6,Darya Ganj,Darya Ganj,Match
7,GOLCHA CINEMA,Golcha Cinema,Match
8,Delhi Gate (JLN Marg),Delhi Gate,Slightly match
9,IG Stadium,IG Stadium,Match
10,ITO,ITO Ring Road,Not matched
11,IP Power House / ITO Ring Road,Delhi Secretariat,Not matched
12,Delhi Secretariat,Rainy Well,Match at 11 in new_data list
13,Defence Colony (Lajpat Nagar Mtr Stn),Laxmi Nagar Xing,Not matched
14,MCKR Hospital,Shakkar pur School Block,Not matched
15,Ganesh Nagar,Ganesh Nagar,Match
16,Mother Dairy,Mother Dairy,Match
17,Samas Pur Jagir,Samas pur Jagir Gaon,Match
18,Pusta Crossing / Akhardham Temple,Pusta Xing,Not matched
19,Delhi Police Appartments,Delhi Police Appartments,Match
20,Mayur Vihar Phase 1 X-ing,Mayur Vihar Phase 1 Xing,Match
21,Samachar Appartments,Samachar Appartments,Match
22,Mayur Palace,Mayur Palace,Match
23,Hindon Regulator(BRD),Hindon Regulator(BRD),Match
24,Mayur Kunj,Mayur Kunj,Match
25,Noida Sec 59/62,Sec 14 Noida,Slightly match
26,Sec 15 Noida Metro Station,Sec 15 Noida Metro Station,Match
27,Old Secretariat (Postal Account Office),Naya Bans,Not matched
28,Noida Sec 3,Noida Sec 3,Match
29,Rajni Gandha Chowk,Rajni Gandha Chowk,Match
30,Noida Sec-19 B,Noida Sec 19B,Match
31,Noida Sec 27 Chowk,Noida Sec 27 Chowk,Match
32,Noida Sec-26 Market,Noida Sec 27 Market,Match
33,Noida Sec 28,Noida Sec 28,Match
34,Atta Chowk,Atta Chowk,Match
35,Noida Sector-28/29,Noida Sector 28/29,Match
36,Botanical Garden Metro Station,Botanical Garden Metro Station,Match
37,Noida Sector 37,Noida Sector 37,Match
38,Noida Sector 36,Noida Sector 36,Match
39,Shashi Chowk,Shashi Chowk Sec 36,Slightly match
40,Noida Sec-36,Noida Sec 39,Match
41,Noida Degree College,Noida Degree College,Match
42,Noida City Center Metro Station Sec-32,Noida City Center Metro Station Sec 32,Match
43,Noida Sector 34,Noida Sector 34,Match
44,Noida Sec-35-51,Noida Sec 35/51,Match
45,Sarfabad Xing Sec-52,Sarfabad Xing Sec. 52,Match
46,Noida Sec-71,Noida Sec 71,Match
47,Noida Sec-60-71 Sai Mandir,Noida Sec 60,Slightly match
48,Mamura Village West Corner,Mamura Village West Corner,Match
49,RO App- Sec-62-64 Noida,RO App Sec. 62/64 Noida,Match
50,Forist Hospital,Forist Hospital,Match
51,Neelkanth Apptt-Sec-62,Neelkanth Apptt Sec. 62,Match
52,Bajitpur Mandir,Bajit Pur Village,Not matched
53,Noida Sec 62 (Electronic City),Noida Sec 62 (Electronic City),Match
