,OLD_STOPS,NEW_STOPS,OUTPUT
1,Mayur Vihar Phase III Terminal / Paper Market,Mayur Vihar Ph 3 Paper Market,Slightly match
2,Sapera Basti Crossing,Sapera Basti More,Not matched
3,CSD Market,CSD Market,Match
4,Mayur Vihar Ph-III,Mayur Vihar Ph-3 Terminal,Slightly match
5,CRPF Camp,CRPF Camp,Match
6,Mayur Vihar Phase III A1 Block,Mayur Vihar Phase 3 A Block,Match
7,Bharti Public School,Bharti Public School,Match
8,New Kondali A1 Crossing,New Kondali,Slightly match
9,Mayur vihar Phase-III Crossing,Mayur Vihar Phase 3 Xing,Slightly match
10,Dallu Pura,Dallu pura,Match
11,Kondali Old,Kondli Xing,Not matched
12,Kalyanpuri Crossing,Kalyan Puri,Slightly match
13,Chand Cinema,Chand Cinema,Match
14,Lal Bahadur Shashtri Hospital,Lal Bahadur Shashtri Hospital,Match
15,Kalyan Vas,Kalyan Vas,Match
16,Mayur Vihar Phase-2 Market,Mayur Vihar Phase II ,Slightly match
17,Radha Swami Satsang,Radha Swami Satsang,Match
18,Vinod Nagar,East Vinod nagar Depot,Slightly match
19,Vinod Nagar,Vinod Nagar,Match
20,Govt Model School / Ambedkar Park,Government Model School,Not matched
21,Dharma Apartment,Dharma Appartments,Match
22,Mother Dairy,Mother Dairy,Match
23,Ganesh Nagar,Ganesh Nagar,Match
24,Shakar Pur School Block,Shakkar pur School Block,Match
25,Laxmi Nagar / Shakarpur Crossing,Laxmi Nagar Xing,Slightly match
26,Rainy Well,Rainy Well,Match
27,Delhi Secretariat,Delhi Sect.,Slightly match
28,ITO Ring Road,ITO Ring Road,Match
29,IG Stadium,IG Stadium,Match
30,Gandhi Darshan,Gandhi Darshan,Match
31,Delhi Gate,Delhi Gate,Match
32,Golcha Cinema,Golcha Cinema,Match
33,Darya Ganj,Dariya Ganj,Match
34,Subhash Park,Subhash Park,Match
35,Jama Masjid,Jama Masjid,Match
36,Red Fort,Red Fort,Match
37,GPO,GPO Kashmere Gate,Not matched
38,G.G.S. I.P. Unversity,G.G.S. I.P. Unversity,Match
39,ISBT Kashmere Gate,ISBT Kashmere Gate,Match
40,ISBT Nityanand Marg,Nityanand Marg ISBT,Match
41,Mori Gate Terminal,Mori Gate Terminal,Match
