,OLD_STOPS,NEW_STOPS,OUTPUT
1,ISBT Kashmere Gate Terminal,Mori Gate Terminal,Slightly match
2,ISBT Nityanand Marg,ISBT Nitya Nand Marg,Match
3,ISBT Kashmiri Gate,ISBT Kashmere Gate,Slightly match
4,G.G.S. I.P. Unversity,G.G.S. I.P. Unversity,Match
5,G P O Kasmiri Gate,GPO Kashmere Gate,Not matched
6,Red Fort,Red Fort,Match
7,Jama Masjid,Jama Masjid,Match
8,Darya Ganj,Darya Ganj,Match
9,GOLCHA CINEMA,Golcha Cinema,Match
10,Delhi Gate (JLN Marg),Delhi Gate,Slightly match
11,IG Stadium,IG Stadium,Match
12,ITO Ring Road,ITO Ring Road,Match
13,Delhi Secretariat,Delhi Secretariat,Match
14,Rainy Well,Rainy Well,Match
15,Laxmi Nagar Metro Station,Laxmi Nagar Xing,Slightly match
16,Shakkar Pur,Shakkar pur School Block,Slightly match
17,Ganesh Nagar,Ganesh Nagar,Match
18,Mother Dairy,Mother Dairy,Match
19,Mother Dairy Crossing,Mother Dairy Xing,Slightly match
20,Dharma Apartment,Dharma Apartment,Match
21,Govt Model School / Ambedkar Park,Govt Model School,Slightly match
22,East Vinod Nagar Depot,Vinod Nagar,Slightly match
23,Vinod Nagar,East Vinod Nagar Depot,Slightly match
24,Mayur Vihar Phase-2 Market,Mayur Vihar Phase 2,Match
25,Radha Swami Satsang,Radha Swami Satsang,Match
26,Kalyan Vas,Kalyan Vas,Match
27,Lal Bahadur Shashtri Hospital,Lal Bahadur Shashtri Hospital,Match
28,Chand Cinema,Chand Cinema,Match
29,Kalyan Puri Xing,Kalyan Puri,Match
30,Kondali Old,Kondli Crossing,Not matched
31,Dallu Pura Village,Dallu pura,Slightly match
32,Mayur Vihar Phase 3  Xing,Mayur vihar Ph-3 X-ing,Slightly match
33,New Kondali A1 Crossing,New Kondali,Slightly match
34,Bharti Public School,Bharti Public School,Match
35,Mayur Vihar Phase III A1 Block,Mayur Vihar Ph-3 Pkt. A-1,Not matched
36,CRPF Camp,CRPF Camp,Match
37,Khora Cly Corner,Khora Colony,Not matched
38,mayur vihar ph 3 paper market,Mayur Vihar Ph 3 Paper Market,Match
