,OLD_STOPS,NEW_STOPS,OUTPUT
1,Shivaji Stadium Terminal,Shivaji Stadium,Slightly match
2,Super Bazar,Super Bazar,Match
3,Statesman House,Statsman House,Match
4,Barakhamba Metro Station,Barakhamba Road M. Station,Slightly match
5,Modern School,Modern School,Match
6,Mandi House,Mandi House,Match
7,Tilak Bridge,Tilak Bridge,Match
8,ITO,ITO AGCR,Slightly match
9,IP Power House / ITO Ring Road,Delhi Secretariat,Not matched
10,Delhi Secretariat,Rainy Well,Match at 9 in new_data list
11,Defence Colony,Laxmi Nagar Xing,Not matched
12,Laxmi Nagar Metro Station,Shakkar pur School Block,Not matched
13,Ganesh Nagar,Ganesh Nagar,Match
14,Mother Dairy,Mother Dairy,Match
15,Mother Dairy Crossing,Mother Dairy Crossing,Match
16,Dharma Apartment,Dharma Apartment,Match
17,Government M S,Government Model School,Slightly match
18,Vinod Nagar,Vinod Nagar,Match
19,Vinod Nagar,EVND,Match at 18 in new_data list
20,Mayur Vihar P 2 P A,Mayur Vihar Phase II Pocket A,Slightly match
21,Mayur Vihar Phase 2 (T),Mayur Vihar Phase II ,Slightly match
