,OLD_STOPS,NEW_STOPS,OUTPUT
1,Mayur Vihar Phase 2 (T),Mayur Vihar Phase II,Slightly match
2,Mayur Vihar Phase-2 Market,Mayur Vihar Phase II Pkt-A,Slightly match
3,East Vinod Nagar Depot,East Vinod nagar Depot,Match
4,Vinod Nagar,Vinod Nagar,Match
5,Saraswati Kunj,Saraswati Kunj,Match
6,Press Apartment,Press Appartments,Match
7,Government M S,Government Model School,Slightly match
8,Dharma Apartment,Dharma Appartments,Match
9,Mother Dairy,Mother Dairy Xing,Match
10,Mother Dairy,Mother Dairy,Match
11,Ganesh Nagar,Ganesh Nagar,Match
12,Laxmi Nagar Metro Station,Shakkar pur School Block,Not matched
13,Defence Colony,Laxmi Nagar Xing,Not matched
14,Delhi Secretariat,Rainy Well,Not matched
15,ITO,Delhi Sect.,Not matched
16,ITO,ITO AGCR,Slightly match
17,Tilak Bridge,Tilak Bridge,Match
18,Mandi House,Mandi House,Match
19,Modern School,Modern School Bara Khamba Road,Slightly match
20,Barakhamba Metro Station,Barakhamba Road M. Station,Slightly match
21,Statesman House,Statsman House,Match
22,Shivaji Stadium Terminal,Shivaji Stadium,Slightly match
