,OLD_STOPS,NEW_STOPS,OUTPUT
1,Lado Sarai Terminal,Lado Sarai Terminal,Match
2,Dhola Peer,Dhola Peer,Match
3,Said ul zeb Village,Said ul zeb village,Match
4,Maidan Garhi Crossing (SDM Court),Maidan Garhi Xing,Slightly match
5,Saket Crossing,Saket X ing,Not matched
6,Jivan park,Asian Market,Not matched
7,C-1 Janak Puri,DIPSAR,Not matched
8,C-1 Janak Puri,Ambedkar Nagar Terminal,Not matched
9,Ambedkar Nagar Depot,Ambedkar Nagar Depot,Match
10,Devoli Road Crossing,Devoli Road Crossing ,Match
11,Dabri Crossing (Pankha Road),Vayusena Bad,Not matched
12,Batra Hospital / Satya Narayan Mandir,Batra Hosp,Not matched
13,Hamdard Nagar / Sangam Vihar,Hamdard Nagar,Slightly match
14,Air Force Station,Air Force Station,Match
15,D Block Janak Puri,Tuglkabad Fort,Not matched
16,Lajwanti Garden,Tuglaka Bad Villlage,Not matched
17,Kaya Maya Hospital,Kaya Maya Hospital,Match
18,MB Road,Okhla More,Not matched
19,Prem Nagar,Prem Nagar,Match
20,Lal Kuan,Lal Kuan,Match
21,Thimiyan Park,Suraj kund Xing,Not matched
22,Prehlad Pur,Prahladpur,Slightly match
23,R R Line,Badar Pur M.B. Road,Not matched
24,Badarpur Village,Badarpur,Slightly match
25,Power House,Power House NTPC,Match
26,Onida Factory,Onida Factory,Match
27,Ali Village,Ali Village,Match
28,Maruti,Maruti Factory,Slightly match
29,Madanpur Khadar Crossing,Madanpur Khadar Xing,Slightly match
30,Sarita Vihar,Sarita Vihar xing,Match
31,Sarita Vihar,K Block Sarita Vihar,Slightly match
32,Jasola Vihar,Jasola Vihar,Match
33,Shaheen Bagh,Sahin Bagh,Slightly match
34,Mall Road,Kalindi Kunj Border,Not matched
35,Prem Nagar Narela,Yamuna Bridge East Check Post,Not matched
36,Timarpur,MahaMaya Flyover West,Not matched
37,Timarpur,Amity  International School,Not matched
38,Sec 37 Chowk,Sec 37 Chowk,Match
39,Noida Sector-28/29,Noida Sector 37,Slightly match
40,Botanical Garden Metro Station,Botanical Garden Metro Station,Match
41,Noida Sector 28/29,Noida Sector 28 29,Match
42,Noida Sec-18 Metro Station,Noida Sec 18 Metro Station,Match
43,Film City More Under Pass,Film City More Under Pass,Match
44,Wave Cinema,Wave Cinema,Match
45,Atta Peer,Atta Peer,Match
46,RajniGandha Chowk,Rajni Gandha Chowk,Match
47,Noida Sec-19,Noida Sec 19B,Match
48,Telephone Exch Noida Sector-19,Telephone Exch Noida Sec-19,Match
49,Noida Sec-19 B,Noida Sec 9Power House,Slightly match
50,Noida Sec-10-21,Noida Sec 10/21,Match
51,Noida Stadium,Noida Stadium,Match
52,Chora More Sec12,Chora More Sec 12,Match
53,Raghu Nath Pur /Chora Village,Raghu Nath Pur /Chora Village,Match
54,"Noida Sec 12,22 t-Point","Noida Sec 12,22 t-Point",Match
55,Noida Sector 56,Noida Sector 56,Match
56,Metro Hospital,Metro Hospital,Match
57,Noida Sect 12 A Block,Noida Sect 12 A Block,Match
58,Jhund Pura Sec 11,Jhund Pura Sec 11,Match
59,Noida Sector 8,Noida Sector 8,Match
60,Mayur Vihar Phase 3 X-ing BDR.,Mayur Vihar Phase 3 X-ing BDR.,Match
61,Mayur Vihar Phase 3 Crossing,Mayur Vihar Phase 3 X-ing ,Slightly match
62,New Kondali A1 Crossing,New Kondali,Slightly match
63,Bharti Public School,Bharti Public School,Match
64,Mayur Vihar Phase III A1 Block,Mayur Vihar Pkt A 1,Slightly match
65,CRPF Camp,CRPF Camp,Match
66,Khora Cly Corner,Khora Cly Corner,Match
67,Mayur Vihar Ph III Paper Market,Mayur Vihar Ph III Paper Market,Match
