,OLD_STOPS,NEW_STOPS,OUTPUT
1,Noida Sector 36,Noida Sector 32,Match
2,Noida Sector 34,Noida Sector 53 Chowk,Slightly match
3,Noida Sec-27 Chowk,Noida Sec 23 Chowk,Match
4,Noida Sec 57 Xing,Noida Sec 57 X-ing,Match
5,Sector 22 H Block,Sector 22 Noida H Block,Match
6,Noida Sec 22 Shiv Mandir,Noida Sec 22 Shiv Mandir,Match
7,Noida Sec 12/ 22 T Point,"Noida Sec 12,22 T Point",Match
8,Raghu Nath Pur /Chora Village,Raghu Nath Pur /Chora Village,Match
9,Chora More Sec-12,Chora More Sec 12,Match
10,Noida Stadium,Noida Stadium,Match
11,Noida Sec 10 / 21,Noida Sec 10/21,Match
12,Noida Sec 9 Power House,Noida Sec 9 Power House,Match
13,Telephone Exch Noida Sector-19,Telephone Exch Noida Sec 19,Match
14,Noida Sec-19 B,Noida Sec,Slightly match
15,Rajni Gandha Chowk,Rajni Gandha Chowk,Match
16,Noida Sec,Noida Sec  3,Match
17,Naya Bans,Naya Bans,Match
18,Sec 15 Noida Metro Station,Sec 15 Noida Metro Station,Match
19,Sec 14 Noida,Sec 14 Noida,Match
20,Mayur Kunj,Mayur Kunj,Match
21,Hindon Regulator(BRD),Hindon Regulator BRD,Match
22,Mayur Palace,Mayur Palace,Match
23,Samachar Appartments,Samachar Appartment,Match
24,Mayur Vihar Phase-1 X-Ing,Mayur Vihar Phase 1 X-ing,Match
25,Pusta Crossing / Akhardham Temple,Pusta Xing,Not matched
26,CWG Village / PWD Office,CPWD Office,Slightly match
27,Baba Bishamber Dass Ashram,Baba Bishamber Dass Ashram,Match
28,Nizamuddin Road Bridge,Road Bridge East,Not matched
29,Nizamuddin Road Bridge,Road Bridge,Slightly match
30,Railway Road Bridge,Railway Bridge Ring Road,Match
31,Pragati Maidan Terminal / Purana Qila,Pragati Maidan,Slightly match
32,National Stadium,National Stadium,Match
33,ITPO Gate No. 3,ITPO,Not matched
34,Pragati Maidan Gate No. 5,Pragati Maidan Gate No. 5 ,Match
35,Supreme Court,Supreme Court,Match
36,Aaga Khan Hall,Agaha Kha Hall,Slightly match
37,Mandi House,Mandi House,Match
38,Modern School,Modern School ,Match
39,Barakhamba Metro Station,Barakhamba Road Metro Station,Match
40,Statesman House,Statsman House,Match
41,Marina,Marina Hotel,Slightly match
42,New Delhi Railway Station Gate 1,New Delhi Railway Station Gate,Match
43,PAHARGANJ DISPENSARY,Paharganj Dispensary,Match
44,P.S. Pahar Gunj,P.S. Pahar Gunj,Match
45,Jhandewalan,Jhandewalan,Match
46,Karol Bagh Terminal,Karol Bagh Terminal,Match
47,Faiz Road,Faiz Road,Match
48,DB Gupta Market,DB Gupta Market,Match
49,Thana DB Gupta Road,P.S. D.B. Gupta Road,Not matched
50,Prahlad Market,Prehlad Market,Match
51,Khalsa College,Dev Nagar Khalsa College,Slightly match
52,Anand Parvat Terminal,Anand Parvat,Slightly match
