,OLD_STOPS,NEW_STOPS,OUTPUT
1,Mayur Vihar Phase III Terminal / Paper Market,Mayur Vihar Ph III Paper Market,Slightly match
2,Sapera Basti Crossing,Sapera Basti More,Not matched
3,CSD Market,CSD Market,Match
4,Mayur Vihar Ph-III,Mayur Vihar Ph III Terminal,Slightly match
5,CRPF Camp,CRPF Camp,Match
6,Mayur Vihar Phase III A1 Block,Mayur Vihar Ph-3 Pkt. A-1,Not matched
7,Bharti Public School,Bharti Public School,Match
8,New Kondali A1 Crossing,New Kondali,Slightly match
9,Mayur vihar Phase-III Crossing,Mayur Vihar Ph-3 Crossing,Slightly match
10,highland apptt.,Highland Apptt.,Match
11,vasundhara enclave satyam apptt.,Vasundhara Enclave Satyam Apptt.,Match
12,Summer Villa School,Summer Villa School,Match
13,Dallu Pura,Dallu Pura Village,Slightly match
14,Kondali Xing,Kondli Xing,Match
15,Kalyan Puri Terminal,Kalyan Puri,Slightly match
16,Super Bazar,Super Bazar,Match
17,Chand Cinema,Chand Cinema,Match
18,Trilok Puri 13 Block,Trilok Puri 13-Blk,Match
19,Kotla Village,Kotla Gaon,Not matched
20,ITI Khichiripur,ITI Khichiri Pur,Match
21,Pocket-5 Mayur Vihar Ph-1,Pocket 5 Mayur Vihar I,Slightly match
22,Shashi Garden Xing,Shashi Garden Xing,Match
23,P S Pandav Nagar,Pandav Nagar Police Station,Slightly match
24,Samas Pur Jagir Village,Samas Pur Village,Match
25,Mother Dairy,Mothers Dairy,Match
26,Ganesh Nagar,Ganesh Nagar,Match
27,Shakar Pur School Block,Shakkar pur School Block,Match
28,Laxmi Nagar / Shakarpur Crossing,Laxmi Nagar Xing,Slightly match
29,Rainy Well,Rainy Well,Match
30,Delhi Secretariat,Delhi Sect.,Slightly match
31,ITO,ITO AGCR,Slightly match
32,Tilak Bridge,Tilak Bridge,Match
33,Mandi House,Mandi House,Match
34,Modern School,Modern School Bara Khamba Road,Slightly match
35,Tolstoy Marg,Tolstory Marg,Match
36,Jantar Mantar (Tolstoy Marg),Jantar Mantar,Slightly match
37,PS Parliament Street,P S Parliament,Not matched
38,Patel Chowk (Ashoka Road),Patel Chowk,Slightly match
39,Gurudwara Bangla Sahib,Gurudwara Bangla Sahib,Match
40,NDPO,NDPO,Match
41,Gurudwara Rakab Ganj,Gurudwara Rakab Ganj,Match
42,Kendriya Terminal (Church Road),Kendriya Terminal,Slightly match
