,OLD_STOPS,NEW_STOPS,OUTPUT
1,Kendriya Terminal (Church Road),Kendriya Terminal,Slightly match
2,Gurudwara Rakab Ganj,Gurudwara Rakab Ganj,Match
3,NDPO,NDPO,Match
4,Gurudwara Bangla Sahib,Gurudwara Bangla Sahib,Match
5,YMCA / Palika Kendra,Palika Kendra,Slightly match
6,Jantar Mantar (Tolstoy Marg),Jantar Mantar,Slightly match
7,Tolstoy Marg Barakhamba Crossing,Tolstoy Marg,Slightly match
8,Modern School,Modern School,Match
9,Mandi House,Mandi house,Match
10,Tilak Bridge,Tilak Bridge,Match
11,ITO,ITO AGCR,Slightly match
12,Delhi Secretariat,Delhi Secretariat,Match
13,Rainy Well,Rainy Well,Match
14,Laxmi Nagar Metro Station,Laxmi Nagar Xing,Slightly match
15,Shakkar Pur,Shakkar pur School Block,Slightly match
16,Ganesh Nagar,Ganesh Nagar Staff Quarter,Slightly match
17,Mother Dairy,Mother Dairy ,Match
18,Samaspur Jagir Village,Samas Pur Village,Slightly match
19,P S Pandav Nagar,Pandav Nagar Police Station,Slightly match
20,Shashi Garden Xing,Shashi Garden More,Not matched
21,Pocket-5 Mayur Vihar Ph-1,Mayur Vihar Phase-I Pkt-5,Not matched
22,ITI Khichiripur,ITI Khichiri Pur,Match
23,Kotla Village,Kotla Gaon,Not matched
24,Trilokpuri 13 Block,Trilok Puri 13-Blk,Slightly match
25,Chand Cinema,Chand Cinema,Match
26,Super Bazar,Super Bazar Kalyanpuri,Slightly match
27,Kalyan Puri Terminal,Kalyan Puri,Slightly match
28,Kondali Old,Kondli Crossing,Not matched
29,Dallu Pura Village,Dallu Pura Village,Match
30,Summer Villa School,Summer Villa School,Match
31,Vasundhra Enclave Sports Complex,Vasundhra Enclave Dr. Apptt.,Not matched
32,highland appartment,Highland Appartment,Match
33,Mayur Vihar Phase 3 Crossing,Mayur Vihar Ph-3 Crossing,Match
34,New Kondali A1 Crossing,New Kondali,Slightly match
35,Bharti Public School,Bharti Public School,Match
36,Mayur Vihar Phase III A1 Block,Mayur Vihar Phase 3 A Block,Match
37,CRPF Camp,CRPF Camp,Match
38,Khora Cly Corner,Khora Cly Corner,Match
39,Mayur Vihar Ph III Paper Market,Mayur Vihar Ph III Paper Market,Match
