,OLD_STOPS,NEW_STOPS,OUTPUT
1,Mayur Vihar Ph 1 Terminal,Mayur Vihar Ph-1 Terminal,Match
2,36 Block Trilok Puri,36- Block Trilok Puri,Match
3,Trilok Puri 26 Block,Trilok Puri 26 Block,Match
4,Trilok Puri 13-Block,Trilok Puri 13 Block,Match
5,Chand Cinema,Chand Cinema,Match
6,Super Bazar,Super Bazar Kalyanpuri,Slightly match
7,Kalyan Puri Terminal,Kalyan Puri ,Slightly match
8,Khichdipur,Khichri Pur Village,Not matched
9,East Vinod Nagar Depot,East Vinod Nagar,Match
10,National Highway 24 Crossing,NHW Crossing,Slightly match
11,Gazi Pur DDA Flats,Gazi Pur SFS Flat,Not matched
12,Gazipur Village,Gazi Pur Village,Match
13,Hasanpur Village,Hasan Pur Village,Match
14,Hasanpur Depot,Hasan Pur Depot,Match
15,Karkardooma Xing,Karkardooma Crossing,Slightly match
16,New Rajdhani Enclave,New Rajdhani Enclave,Match
17,Preet Vihar,Swashthya Vihar,Not matched
18,Nirman Vihar,Nirman Vihar,Match
19,Shakarpur Crossing,Shakarpur Xing,Slightly match
20,Shakarpur,Shakarpur,Match
21,Laxmi Nagar / Shakarpur Crossing,Laxmi Nagar,Slightly match
22,Rainy Well,Rainy Well,Match
23,Delhi Secretariat,Delhi Secretariat,Match
24,ITO,ITO AGCR,Slightly match
25,Tilak Bridge,Tilak Bridge,Match
26,Mandi House,Mandi house,Match
27,Modern School,Modern School,Match
28,Tolstoy Marg,Tolstoy Marg,Match
29,Jantar Mantar (Tolstoy Marg),Jantar Mantar,Slightly match
30,PS Parliament Street,P.S. Parliament,Not matched
31,Patel Chowk (Ashoka Road),Patel Chowk,Slightly match
32,Gurudwara Bangla Sahib,Gurudwara Bangla Sahib,Match
33,NDPO,NDPO,Match
34,Gurudwara Rakab Ganj,Gurudwara Rakab Ganj,Match
35,Kendriya Terminal (Church Road),Kendriya Terminal,Slightly match
