,OLD_STOPS,NEW_STOPS,OUTPUT
1,Kendriya Terminal (Church Road),Kendriya Terminal,Slightly match
2,Gurudwara Rakab Ganj,Gurudwara Rakab Ganj,Match
3,NDPO,NDPO,Match
4,Gurudwara Bangla Sahib,Gurudwara Bangla Sahib,Match
5,YMCA / Palika Kendra,Palika Kendra,Slightly match
6,Jantar Mantar (Tolstoy Marg),Jantar Mantar,Slightly match
7,Tolstoy Marg Barakhamba Crossing,Tolstoy Marg,Slightly match
8,Modern School,Modern School,Match
9,Mandi House,Mandi house,Match
10,Tilak Bridge,Tilak Bridge,Match
11,ITO,ITO AGCR,Slightly match
12,Delhi Secretariat,Delhi Secretariat,Match
13,Rainy Well,Rainy Well,Match
14,Shakarpur Crossing,Laxmi Nagar,Not matched
15,Laxmi Nagar / Shakarpur Crossing,Shakarpur,Not matched
16,Shakarpur Crossing,Shakarpur Xing,Slightly match
17,Nirman Vihar Metro Station,Nirman Vihar,Slightly match
18,Sawarthya Vihar,Swashthya Vihar,Slightly match
19,New Rajdhani Enclave,New Rajdhani Enclave,Match
20,KarKarDooma Crossing,Karkardooma Crossing,Match
21,Hassanpur Depot,Hasan Pur Depot,Match
22,Hasanpur Village,Hasan Pur Village,Match
23,Hassanpur Village,Gazi Pur Village,Not matched
24,SFS Quarter Gazipur,Gazi Pur SFS Flat,Not matched
25,National Highway 24 Crossing,NHW Crossing,Slightly match
26,East Vinod Nagar Depot,East Vinod Nagar,Match
27,Khichdipur,Khichri Pur Village,Not matched
28,Kalyan Puri Terminal,Kalyan Puri ,Slightly match
29,Super Bazar,Super Bazar Kalyanpuri,Slightly match
30,Chand Cinema,Chand Cinema,Match
31,Trilokpuri 13-Block,Trilok Puri 13 Block,Match
32,Trilok Puri 26 Block,Trilok Puri 26 Block,Match
33,36 Block Trilok Puri,36- Block Trilok Puri,Match
34,mayur vihar ph-1 terminal,Mayur Vihar Ph-1 Terminal,Match
