,OLD_STOPS,NEW_STOPS,OUTPUT
1,Kalyan Puri Terminal,Kalyan Puri,Slightly match
2,Khichdipur,Khichri Pur Village,Not matched
3,East Vinod Nagar Depot,Vinod Nagar,Slightly match
4,Ras Vihar Apartment (PS Madhu Vihar),Ras Vihar,Not matched
5,Saraswati Kunj,Saraswati Kunj,Match
6,Press Apartment,Press Appartments,Match
7,Govt Model School / Ambedkar Park,Government Model School,Not matched
8,Dharma Apartment,Dharma Appartments,Match
9,Mother Dairy,Mother Dairy Xing,Match
10,Mother Dairy Crossing,Mother Dairy,Slightly match
11,Shakkar Pur,Shakkar pur School Block,Slightly match
12,Laxmi Nagar / Shakarpur Crossing,Laxmi Nagar Xing,Slightly match
13,Rainy Well,Rainy Well,Match
14,Delhi Secretariat,Delhi Sect.,Slightly match
15,ITO,ITO AGCR,Slightly match
16,Tilak Bridge,Tilak Bridge,Match
17,Mandi House,Mandi House,Match
18,K.G.Marg Xing,KG Marg Crossing,Not matched
19,Firozshah Road,Firoz Shah Road,Match
20,Krishi Bhawan,Krishi Bhawan,Match
21,Red Cross Road,Red Cross Road,Match
22,Aakashwani Bhawan,Aakashwani Bhawan,Match
23,Kendriya Terminal,Kendriya Terminal,Match
