,OLD_STOPS,NEW_STOPS,OUTPUT
1,Kendriya Terminal (Church Road),Kendriya Terminal,Slightly match
2,NDPO,NDPO,Match
3,Gurudwara Bangla Sahib,Gurudwara Bangla Sahib,Match
4,Patel Chowk,Patel Chowk,Match
5,Aakashwani Bhawan,Aakashwani Bhawan,Match
6,Krishi Bhawan,Krishi Bhawan,Match
7,Firoz Shah Road,Firoz Shah Road,Match
8,K.G. Marg Xing,KG Marg Crossing,Not matched
9,Mandi House,Mandi House,Match
10,Tilak Bridge,Tilak Bridge,Match
11,ITO,ITO AGCR,Slightly match
12,Delhi Secretariat,Delhi Sect.,Slightly match
13,Rainy Well,Rainy Well,Match
14,Laxmi Nagar Metro Station,Laxmi Nagar Xing,Slightly match
15,Shakkar Pur,Shakkar pur School Block,Slightly match
16,Mother Dairy,Mother Dairy,Match
17,Mother Dairy Crossing,Mother Dairy Xing,Slightly match
18,Dharma Apartment,Dharma Appartments,Match
19,Govt Model School / Ambedkar Park,Government Model School,Not matched
20,Press Apartment,Press Appartments,Match
21,Saraswati Kunj,Saraswati Kunj,Match
22,Ras Vihar,Ras Vihar,Match
23,East Vinod Nagar Depot,Vinod Nagar,Slightly match
24,Khichdipur,Khichri Pur Village,Not matched
25,Kalyan Puri Terminal,Kalyan Puri,Slightly match
