,OLD_STOPS,NEW_STOPS,OUTPUT
1,Mayapuri Depot,Maya Puri Depot,Match
2,Naraina Vihar / Indra Market,Nariana Vihar,Slightly match
3,Subhash Nagar Crossing / Mukherji Park,Naraina Village,Not matched
4,COD Ring Road,COD Ring Road,Match
5,Sant Pura Tilak Nagar,Brar Square,Not matched
6,Garrison Engg.,Garrision Eng.,Match
7,RR Line,R. R. Line,Match
8,Dhaula Kuan (Ring Road),Dhaula Kuan,Slightly match
9,Satya Niketan (Dhaula Kuan),Satya Niketan,Slightly match
10,Satya Niketan / Gurudwara Moti Bagh,Nanak Pura Gurudwara,Slightly match
11,Moti Bagh 1,Moti Bagh,Match
12,South Moti Bagh,Aradhna Enclave,Not matched
13,R K Puram Sec 12,R K Puram Sec -12,Match
14,Hyatt Hotel,Hyatt Hotel,Match
15,Nauroji Nagar,Narouji Nagar,Match
16,SJ Hospital,S J Hospital,Match
17,AIIMS Ring Road,AIIMS,Not matched
18,South Extension,South Extension 1,Match
19,South Extn Kotla Petrol Pump,South Ext Kotla Petrol Pump,Match
20,Andrews Ganj,Andrews Ganj,Match
21,Gupta Market,Gupta Colony,Not matched
22,Vanasthali Public School,Lajpat Nagar,Not matched
23,PG DAV College / Sri Niwaspuri,Shri Niwas Puri,Slightly match
24,Nehru Nagar,Nehru Nagar,Match
25,Maharani Bagh / Ashram,Maharani Bagh,Slightly match
26,Toll Road Corner,Toll Road Corner,Match
27,Toll Bridge Corner,Toll Bridge Corner,Match
28,Yamuna Bridge West,Yamuna Bridge West,Match
29,DND Border Toll Bridge Plaza,DND Border Toll Bridge Plaza,Match
30,BHEL Power Station,BHEL Power Station,Match
31,Noida Depot,Noida Depot,Match
32,Rajni Gandha Chowk,Rajni Gandha Chowk,Match
33,Noida Sec-19,Noida Sec-19B,Match
34,Telephone Exch Noida Sector-19,Telephone Exch Noida Sec-19,Match
35,Noida Sec 9 Power House,Noida Sec-9 Power House,Match
36,Noida Sec-10-21,Noida Sec-10/21,Match
37,Noida Stadium,Noida Stadium,Match
38,Chora More Sec12,Chora More Sec-12,Match
39,Raghu Nath Pur /Chora Village,Raghu Nath Pur /Chora Village,Match
40,"Noida Sec 12,22 t-Point","Noida Sec-12,22 T Point",Match
41,Noida Sec-22 Shiv Mandir,Noida Sec- 22 Shiv Mandir,Match
42,Sector 22 H Block,Sector-22 Noida H Block,Match
43,Noida Sec-23 Chowk,Noida Sec-23 Chowk,Match
44,Kanchan Janga Apartment,Kanchan Janga Apartment,Match
45,U-Flex / Royal tower,U-Flex / Royal tower,Match
46,Noida Sector-71 More,Noida Sector-71 More,Match
47,Mamura Village West Corner,Mamura Village West Corner,Match
48,Mamura Chowk,Mamura Chowk,Match
49,RO App- Sec-62-64 Noida,"RO App Sec-62, 64 Noida",Match
50,Forist Hospital,Fortis Hospital,Match
51,Neelkanth Apptt-Sec-62,Neelkanth Apptt Sec-62,Match
52,Bajitpur Mandir,Bajit Pur Vilage,Not matched
53,Noida Sec-62 (Electronic City),Noida Sec-62 (Electronic City),Match
