,OLD_STOPS,NEW_STOPS,OUTPUT
1,Anand Vihar ISBT Terminal,Anand Vihar (ISBT),Match
2,Ram Prastha Crossing,Ram Prastha Crossing,Match
3,Ram Prastha Temple,Ram Prastha,Slightly match
4,Mausam Vihar,Mausam Vihar,Match
5,Anand Vihar,Yojna Vihar,Match at 7 in new_data list
6,Yamuna Sports Complex,Yamuna Sports Complex,Match
7,Yojana Vihar/ Yamuna Sports Complex,Anand Vihar,Not matched
8,Ram Mandir Paschim Vihar,Ram Vihar,Slightly match
9,Jagriti Enclave,Jagriti Enclave,Match
10,Saini Enclave,Saini Enclave,Match
11,Hargovind Enclave,Hargovind Singh Enclave,Match
12,Dda Flats Karkardooma,Karkardooma Crossing,Not matched
13,New Rajdhani Enclave,New Rajdhani Enclave,Match
14,Preet Vihar,Swashthya Vihar,Not matched
15,Nirman Vihar,Nirman Vihar,Match
16,Shakarpur Crossing,Shakarpur Xing,Slightly match
17,Shakarpur,Shakarpur,Match
18,Laxmi Nagar / Shakarpur Crossing,Laxmi Nagar,Slightly match
19,Rainy Well,Rainy Well,Match
20,Delhi Secretariat,Delhi Secretariat,Match
21,ITO Ring Road,ITO Ring Road,Match
22,IG Stadium,IGI Stadium,Match
23,Ambedkar Stadium Terminal,Ambedkar Stadium,Slightly match
24,Delhi Gate (JLN Marg),Delhi Gate,Slightly match
25,LNJP Hospital,LNJP Hospital,Match
26,Zakir Husain College,Zakir Hussain College,Match
27,PS Kamla Market,Kamla Market,Match
28,Kamla Market / Ajmeri Gate,Ajmeri Gate,Slightly match
29,Dispensary Paharganj,Paharganj Dispensary,Match
30,P.S. Pahar Gunj,P.S. Pahar Gunj,Match
31,Jhandewalan,Jhandewalan,Match
32,Karol Bagh Terminal,Karol Bagh Terminal,Match
33,Faiz Road,Faiz Road,Match
34,DB Gupta Market,DB Gupta Market,Match
35,Thana DB Gupta Road,P.S. D.B. Gupta Road,Not matched
36,Prahlad Market,Prehlad Market,Match
37,Khalsa College,Dev Nagar Khalsa College,Slightly match
38,Anand Parvat Terminal,Anand Pravat,Slightly match
39,Sarai Rohilla,Sarai Rohella,Match
40,Sarai Rohilla Flyover,Sarai Rohella Flyover,Match
41,Shastri Nagar Metro Station,Shastri Nagar metro station,Match
42,Shastri Nagar E Block,Shastri Nagar E Block,Match
43,Shastri Nagar Shiv Mandir,Shastri Nagar Shiv Mandir,Match
44,Shastri Nagar Shiv Mandir,Shastri Nagar Shiv Mandir,Match
45,Inderlok Metro Station,Inder Lok Metro Station,Match
46,JJ Colony Wazir Pur,Wazir Pur JJ Colony,Match
47,Kanhaiya Nagar,Kanhaiya Nagar,Match
48,B3 Keshav Puram,B 3 Keshav Puram,Match
49,B-4 Keshav Puram,B 4 Keshav Puram,Match
50,C-8 Keshav Puram,C 8 Keshav Puram,Match
51,C-4 Keshav Puram,C 4 Keshav Puram,Match
52,C-2 Keshav Puram,C 2 Keshav Puram,Match
53,C-1 Keshav Puram,A 1 Keshav Puram,Match
54,Jai Mata Market Tri Nagar Terminal,Tri Nagar Jai Mata Market Terminal,Match
