,OLD_STOPS,NEW_STOPS,OUTPUT
1,Jai Mata Market Tri Nagar Terminal,Tri Nagar Jai Mata Market Terminal,Match
2,A-1 Keshav Puram,A 1 Keshav Puram ,Match
3,C-2 Keshav Puram,C 2 Keshav Puram,Match
4,C-4 Keshav Puram,C 4 Keshav Puram,Match
5,C-8 Keshav Puram,C 8 Keshav Puram,Match
6,C-4 Keshav Puram,B 4 Keshav Puram,Match
7,B-3 Keshav Puram,B 3 Keshav Puram,Match
8,Kanhaiya Nagar,Kanhaiya Nagar,Match
9,JJ Colony Wazir Pur,Wazir Pur JJ Colony,Match
10,Inderlok Metro Station,Inder Lok Metro Station,Match
11,Shastri Nagar Shiv Mandir,Shastri Nagar Shiv Mandir,Match
12,Shastri Nagar E Block,Shastri Nagar E Block,Match
13,Shastri Nagar Metro Station,Shastri Nagar metro station,Match
14,Sarai Rohilla Flyover,Sarai Rohella Flyover,Match
15,Sarai Rohilla Govt Qtrs,Sarai Rohella,Slightly match
16,Liberty Cinema,Liberty Cinema,Match
17,Dev Nagar / Khalsa College,Dev Nagar Khalsa College,Match
18,Prahlad Market,Prehlad Market,Match
19,Thana DB Gupta Road,P.S. D.B. Gupta Road,Not matched
20,DB Gupta Market,DB Gupta Market,Match
21,Faiz Road,Faiz Road,Match
22,Karol Bagh Terminal,Karol Bagh Terminal,Match
23,Jhandewalan,Jhandewalan,Match
24,Paharganj Police Station,P.S. Pahar Gunj,Not matched
25,Dispensary Paharganj,Paharganj Dispensary,Match
26,Ajmeri Gate / Kamla Market,Ajmeri Gate,Slightly match
27,JLN Marg,J.L. Nehru Marg,Slightly match
28,Zakir Husain College,Zakir Hussain College,Match
29,Turkman Gate / G B Pant Hosipatal,Turkman Gate,Slightly match
30,Delite Cinema,Delight Cinema,Slightly match
31,Delhi Gate (JLN Marg),Delhi Gate,Slightly match
32,Delhi Gate / Ambedkar Stadium Terminal,Ambedkar Stadium,Slightly match
33,Indira Gandhi Stadium,IGI Stadium,Slightly match
34,ITO Ring Road,Gandhi Darshan,Match at 35 in new_data list
35,Delhi Secretariat,ITO Ring Road,Match at 36 in new_data list
36,Rainy Well,Delhi Secretariat,Match at 37 in new_data list
37,Shakarpur Crossing,Rainy Well,Not matched
38,Laxmi Nagar / Shakarpur Crossing,Laxmi Nagar,Slightly match
39,Shakarpur,Shakarpur,Match
40,Radhu Palace,Shakarpur X ing,Match at 41 in new_data list
41,East Guru Angad Nagar,Radhu Palace,Match at 42 in new_data list
42,VIVAKANAND HOSPITAL,East Guru Angad Nagar,Not matched
43,Khureji Khas,Vivekanand Hospital,Not matched
44,Rashid Market,Khureji,Match at 45 in new_data list
45,Shivpuri Colony,Rashid Market,Not matched
46,Pandit Park Geeta Colony,Shiv Puri,Not matched
47,Ramleela Ground Geeta Colony,Pandit Park,Not matched
48,Ramleela Ground Geeta Colony,Geeta Colony 6 Block,Not matched
49,Jheel Terminal,Geeta Colony,Not matched
50,,Jheel,
