,OLD_STOPS,NEW_STOPS,OUTPUT
1,Jheel Terminal,Jheel,Slightly match
2,Geeta Colony,Geeta Colony,Match
3,Ramleela Ground Geeta Colony,Geeta Colony 6 Block,Not matched
4,Pandit Park Geeta Colony,Pandit Park,Slightly match
5,Shivpuri Colony,Shiv Puri,Not matched
6,Rashid Market,Rashid Market,Match
7,Khureji Khas,Khureji,Slightly match
8,Vivekanand Hospital,Vivekanand Hospital,Match
9,East Guru Angad Nagar,East Guru Angad Nagar,Match
10,Radhu Palace,Radhu Palace,Match
11,Laxmi Nagar / Shakarpur Crossing,Shakarpur Xing,Not matched
12,Shakarpur,Shakarpur,Match
13,Laxmi Nagar,Laxmi Nagar,Match
14,Delhi Secretariat,Rainy Well,Match at 15 in new_data list
15,ITO Ring Road,Delhi Secretariat,Match at 16 in new_data list
16,ITO,ITO Ring Road,Not matched
17,IG Stadium,IGI Stadium,Match
18,Ambedkar Stadium Terminal,Gandhi Darshan,Not matched
19,Delhi Gate,Ambedkar Stadium,Match at 20 in new_data list
20,LNJP Hospital,Delhi Gate,Match at 21 in new_data list
21,Zakir Husain College,LNJP Hospital,Not matched
22,Dichau Kalan Depot,Zakir Hussain College,Not matched
23,Kamla Market / Ajmeri Gate,P.S. Kamla Market,Slightly match
24,Dispensary Paharganj,Ajmeri Gate,Not matched
25,Adarsh Nagar / Bharola Village,Paharganj Dispensary,Not matched
26,Jhandewalan,P.S. Pahar Gunj,Match at 27 in new_data list
27,Karol Bagh Terminal,Jhandewalan,Match at 28 in new_data list
28,Faiz Road,Karol Bagh Terminal,Match at 29 in new_data list
29,DB Gupta Market,Faiz Road,Match at 30 in new_data list
30,Thana DB Gupta Road,DB Gupta Market,Not matched
31,Prahlad Market,P.S. D.B. Gupta Road,Not matched
32,Khalsa College,Prehlad Market,Not matched
33,Anand Parvat Terminal,Dev Nagar Khalsa College,Not matched
34,Sarai Rohilla,Anand Pravat,Not matched
35,Sarai Rohilla Flyover,Sarai Rohella,Slightly match
36,Shastri Nagar Metro Station,Sarai Rohella Flyover,Match at 37 in new_data list
37,Shastri Nagar E Block,Shastri Nagar metro station,Match at 38 in new_data list
38,Shastri Nagar Shiv Mandir,Shastri Nagar E Block,Match at 39 in new_data list
39,Inderlok Metro Station,Shastri Nagar Shiv Mandir,Match at 40 in new_data list
40,JJ Colony Wazir Pur,Inder Lok Metro Station,Not matched
41,Kanhaiya Nagar,Wazir Pur JJ Colony,Match at 42 in new_data list
42,B3 Keshav Puram,Kanhaiya Nagar,Match at 43 in new_data list
43,B-4 Keshav Puram,B 3 Keshav Puram,Match
44,C-8 Keshav Puram,B 4 Keshav Puram,Slightly match
45,C-4 Keshav Puram,C 8 Keshav Puram,Match
46,C-2 Keshav Puram,C 4 Keshav Puram,Match
47,C-1 Keshav Puram,C 2 Keshav Puram,Match
48,Jai Mata Market Tri Nagar Terminal,A 1 Keshav Puram ,Not matched
49,,Tri Nagar Jai Mata Market Terminal,
