,OLD_STOPS,NEW_STOPS,OUTPUT
1,Okhla Extension (Abul Fazl Encalve),Okhla Extn Abdul Fazal Encl.,Slightly match
2,Shaheen Bagh Thokar No. 8 (AF Enclave),Shahin Bagh ,Not matched
3,Noor Masjid,Noor Masjid ,Match
4,Unani Research Center,Unani Research Center,Match
5,New Basti Bankner,New Basti,Slightly match
6,Okhla Village (Temporary),Okhla Village,Slightly match
7,Batla House,Batla House,Match
8,Ansari Health Care,Ansari Stadium,Not matched
9,Jamiya Millia College,Jamia  Milia College,Match
10,Holy Family Hospital,Holy Family Hospital,Match
11,Bharat Nagar Crossing,Bharat Nagar Crossing,Match
12,Bharat Nagar,Bharat Nagar,Match
13,Taimur Nagar,Taimoor Nagar,Slightly match
14,Maharani Bagh (Ashram),Maharani Bagh,Slightly match
15,netra heen ashram,Ashram,Slightly match
16,Nehru Nagar,Nehru Nagar,Match
17,Sri Niwaspuri / PG DAV College Lajpat Nagar,Shri Niwas Puri,Not matched
18,Lajpat Nagar Ring Road,Lajpat Nagar,Slightly match
19,Gupta Market,Gupta Colony,Not matched
20,Andrews Ganj,Andrews Ganj,Match
21,South Extension,South Ext Kotla Petrol Pump,Slightly match
22,South Extension - 1,South Extension 2,Slightly match
23,AIIMS Ring Road,AIIMS,Not matched
24,Kidwai Nagar,Kidwai Nagar,Match
25,INA Market,INA Market,Match
26,SJ Airport,SJ Airport,Match
27,S J Madrasa,SJ Madarsa,Slightly match
28,Lodhi Garden / Mousam Bhawan,Mausam Bhawan,Slightly match
29,Lodhi Colony,Lodhi Road Crossing,Slightly match
30,Max Mueller Marg,Max Muller Marg,Match
31,Prithviraj Road Crossing,Prithviraj Road,Slightly match
32,Claridges Hotel,Claridges Hotel,Match
33,Vigyan Bhawan,Vigyan Bhawan,Match
34,Nirman Bhawan,Nirman Bhawan,Match
35,Udyog Bhawan,Udhyog Bhawan,Match
36,Rail Bhawan Metro Station / Krishi Bhawan,Krishi Bhawan,Not matched
37,Red Cross Road,Red Cross Road,Match
38,Aakashwani Bhawan,Akashwani Bhawan,Match
39,PS Parliament / Jantar Mantar,P.S. Parliament,Slightly match
40,Regal,Regal,Match
41,Shivaji Park,Shivaji Park,Match
42,Vivekanand Marg / Minto Road,Minto Road Terminal,Not matched
