,OLD_STOPS,NEW_STOPS,OUTPUT
1,Minto Road Terminal,Minto Road Terminal,Match
2,Bakhtawar Pur School,Shivaji Park,Not matched
3,Super Bazar,Super Bazar Con Place,Slightly match
4,Regal,Regal,Match
5,P S Parliament / Jantar Mantar,P.S. Parliament,Slightly match
6,Aakashwani Bhawan,Akashwani Bhawan,Match
7,Madhuban Chowk Outer Ring Road,Krishi Bhawan,Not matched
8,T B Hospital,Udhyog Bhawan,Not matched
9,Nirman Bhawan,Nirman Bhawan,Match
10,Vigyan Bhawan,Vigyan Bhawan,Match
11,Claridges Hotel,Claridges Hotel,Match
12,Prithviraj Road Crossing,Prithviraj Road,Slightly match
13,Max Mueller Marg,Max Muller Marg,Match
14,Lodhi Colony,Lodhi Road Crossing,Slightly match
15,Lodhi Garden / Mousam Bhawan,Mausam Bhawan,Slightly match
16,SJ Madrasa,SJ Madarsa,Slightly match
17,SJ Airport,SJ Airport,Match
18,Ina Market,INA Market,Match
19,Kidwai Nagar,Kidwai Nagar,Match
20,Sec A 5 and 8 Narela Desu Colony,AIIMS,Not matched
21,South Extension,South Extension 2,Match
22,South Extn Kotla Petrol Pump,South Ext Kotla Petrol Pump,Match
23,Andrews Ganj,Andrews Ganj,Match
24,Gupta Market,Gupta Colony,Not matched
25,Vanasthali Public School,Lajpat Nagar,Not matched
26,PG DAV College / Sri Niwaspuri,Shri Niwas Puri,Slightly match
27,Nehru Nagar,Nehru Nagar,Match
28,Ashram Chowk,Ashram,Slightly match
29,Mata Mandir New Friends Colony,New Friends Colony,Slightly match
30,Mata Mandir New Friends Colony,Mata Ka Mandir Marg,Not matched
31,Bharat Nagar,Bharat Nagar,Match
32,Bharat Nagar Crossing,Bharat Nagar Crossing,Match
33,Holy Family Hospital,Holy Family Hospital,Match
34,Jamiya Millia College,Jamia  Milia College,Match
35,Ansari Health Care,Ansari Stadium,Not matched
36,Batla House,Batla House,Match
37,Okhla Village,Okhla Village,Match
38,Nai Basti,New Basti,Not matched
39,Unani Research Center,Unani Research Center,Match
40,Noor Masjid,Noor Masjid ,Match
41,Shahin Bagh,Shahin Bagh ,Match
42,Okhla Ext A Fe,Okhla Extn Abdul Fazal Encl.,Slightly match
