,OLD_STOPS,NEW_STOPS,OUTPUT
1,Okhla Extension (Abul Fazl Encalve),Okhla Extn Abdul Fazal Encl.,Slightly match
2,Shaheen Bagh Thokar No. 8 (AF Enclave),Shahin Bagh ,Not matched
3,Noor Masjid,Noor Masjid ,Match
4,Unani Research Center,Unani Research Center,Match
5,New Basti Bankner,New Basti,Slightly match
6,Okhla Village (Temporary),Okhla Village,Slightly match
7,Batla House,Batla House,Match
8,Ansari Health Care,Ansari Stadium,Not matched
9,Jamiya Millia College,Jamia  Milia College,Match
10,Holy Family Hospital,Holy Family Hospital,Match
11,Bharat Nagar Crossing,Bharat Nagar Crossing,Match
12,Bharat Nagar,Bharat Nagar,Match
13,Taimur Nagar,Taimoor Nagar,Slightly match
14,Maharani Bagh (Ashram),Maharani Bagh,Slightly match
15,Ashram Chowk,Ashram,Slightly match
16,Bhogal (Jungpura),Bhogal,Slightly match
17,Nizamuddin Extension,Hazrat Nizamuddin Extn,Not matched
18,Police Station Nizamuddin (Dargah),P S Nizamuddin,Slightly match
19,Golf Club / Sunder Nagar,Golf Club,Slightly match
20,Kaka Nagar,Kaka Nagar,Match
21,Zoo,Zoo,Match
22,National Stadium,National Stadium,Match
23,ITPO Gate No. 3,ITPO Office,Not matched
24,supreme court metro station,Supreme Court Metro Station,Match
25,Supreme Court,Supreme Court,Match
26,Tilak Bridge,Tilak Bridge,Match
27,Mandi House,ITO DDUMarg,Not matched
28,Bal Bhawan DDU Marg,Bal Bhawan,Slightly match
29,Express Building,Express Building,Match
30,Delhi Gate,Delhi Gate,Match
31,Golcha Cinema,Golcha Cinema,Match
32,Darya Ganj,Darya Ganj,Match
33,Subhash Park,Subhash Park,Match
34,Jama Masjid,Jama Masjid,Match
35,Red Fort,Red Fort,Match
36,GPO,GPO Kashmere Gate,Not matched
37,Guru Govind Singh University (Kashmere Gate),GGS IP University,Slightly match
38,ISBT Kashmere Gate,ISBT K.Gate,Slightly match
39,ISBT Nityanand Marg,I.S.B.T Nityanand Marg,Match
40,Mori Gate Terminal,Mori Gate terminal,Match
