,OLD_STOPS,NEW_STOPS,OUTPUT
1,Old Delhi Railway Station,Old Delhi Railway Station,Match
2,Red Fort,Red Fort,Match
3,Jama Masjid,Jama Masjid,Match
4,Darya Ganj,Darya Ganj,Match
5,GOLCHA CINEMA,Golcha Cinema,Match
6,Delhi Gate,Delhi Gate,Match
7,Express Building-DC2809,Express Building,Match
8,ITO,ITO BSZ Marg,Not matched
9,Tilak Bridge,Tilak Bridge,Match
10,Supreme Court,Supreme Court,Match
11,supreme court metro station,Supreme Court Metro Station,Match
12,ITPO Office,ITPO Office,Match
13,National Stadium,National Stadium,Match
14,Zoo,Zoo,Match
15,Sunder Nagar,Sunder Nagar,Match
16,Sunder Nagar,Sunder Nagar Market,Slightly match
17,Delhi Public School,D.P.S school,Slightly match
18,Nizamuddin Extension,P S Nizamuddin,Not matched
19,Nizamuddin Extension,Hazrat Nizamuddin Extn,Not matched
20,Bhogal (Jungpura),Bhogal,Slightly match
21,Ashram Chowk,Ashram,Slightly match
22,Mata Mandir New Friends Colony,New Friends Colony,Slightly match
23,Mata Mandir New Friends Colony,Mata Ka Mandir Marg,Not matched
24,Bharat Nagar,Bharat Nagar,Match
25,Bharat Nagar Crossing,Bharat Nagar Crossing,Match
26,Holy Family Hospital,Holy Family Hospital,Match
27,Jamiya Millia College,Jamia  Milia College,Match
28,Ansari Health Care,Ansari Stadium,Not matched
29,Batla House,Batla House,Match
30,Okhla Village,Okhla Village,Match
31,New Basti Bankner,New Basti,Slightly match
32,Unani Research Center,Unani Research Center,Match
33,Noor Masjid,Noor Masjid ,Match
34,Shahin Bagh,Shahin Bagh ,Match
35,Okhla Extn Abdul Fazal Encl.,Okhla Extn Abdul Fazal Encl.,Match
