,OLD_STOPS,NEW_STOPS,OUTPUT
1,Badarpur Border,Badarpur Border,Match
2,Jaitpur Crossing,Jaitpur Xing,Not matched
3,Badarpur Village,Badarpur,Slightly match
4,Power House,Power House Badarpur,Slightly match
5,Onida Factory,Onida Factory,Match
6,Ali Village,Ali Village,Match
7,Haldiram,Haldiram,Match
8,Madanpur Khadar Crossing,Madanpur Xing,Not matched
9,Sarita Vihar,Sarita Vihar,Match
10,Apollo Hospital,Apollo Hospital,Match
11,Harkesh Nagar,Harkesh Nagar,Match
12,Okhla Tank,Okhla Tank,Match
13,CRRI,CRRI,Match
14,Sukhdev Vihar Depot,Sukhdev Vihar Depot,Match
15,Kalkaji Xing,Kalkaji Mode,Not matched
16,Ishwar Nagar,Ishwar Nagar,Match
17,New Friends Colony,New Friends Colony,Match
18,Ashram Chowk,Ashram,Slightly match
19,Bhogal (Jungpura),Bhogal,Slightly match
20,Nizamuddin Extension,Hazrat Nizamuddin Extn,Not matched
21,Police Station Nizamuddin (Dargah),P S Nizamuddin,Slightly match
22,Delhi Public School,D.P.S school,Slightly match
23,Sunder Nagar,Sunder Nagar Market,Slightly match
24,Golf Club,Golf Club,Match
25,Zoo,Zoo,Match
26,National Stadium,National Stadium,Match
27,ITPO Gate No. 3,ITPO Office,Not matched
28,supreme court metro station,Supreme Court Metro Station,Match
29,Supreme Court,Supreme Court,Match
30,Tilak Bridge,Tilak Bridge,Match
31,ITO (Agarwal Chowk),ITO BSZ Marg,Not matched
32,Express Building,Express Building,Match
33,Delhi Gate,Delhi Gate,Match
34,Golcha Cinema,Golcha Cinema,Match
35,Darya Ganj,Darya Ganj,Match
36,Subhash Park,Subhash Park,Match
37,Jama Masjid,Jama Masjid,Match
38,Red Fort,Red Fort,Match
39,Old Delhi Railway Station,Old Delhi Railway Station,Match
