,OLD_STOPS,NEW_STOPS
1,,Old Delhi Railway Station
2,,Red Fort
3,,Jama Masjid
4,,Darya Ganj
5,,Golcha Cinema
6,,Delhi Gate
7,,Express Building
8,,ITO BSZ Marg
9,,Tilak Bridge
10,,Supreme Court
11,,Supreme Court Metro Station
12,,ITPO Office
13,,National Stadium
14,,Zoo
15,,Sunder Nagar
16,,Sunder Nagar Market
17,,D.P.S school
18,,P S Nizamuddin
19,,Hazrat Nizamuddin Extn
20,,Bhogal
21,,Ashram
22,,New Friends Colony
23,,Ishwar Nagar-II
24,,Kalkaji Mode
25,,Sukhdev Vihar Depot
26,,CRRI
27,,Okhla Tank
28,,Harkesh Nagar
29,,Apollo Hospital
30,,Sarita Vihar
31,,Madanpur Xing
32,,Haldiram
33,,Ali Village
34,,Onida Factory
35,,Power House Badarpur
36,,Badarpur
37,,NTPC Power House Gate-3
38,,Jaitpur Xing
39,,Mithapur Chowk
