,OLD_STOPS,NEW_STOPS,OUTPUT
1,Khyala R Clony,Khyala Resettlement Colony,Slightly match
2,Chand Nagar,Chand Nagar,Match
3,Vishnu Garden,Vishnu Garden,Match
4,Shyam Nagar,Shyam Nagar,Match
5,Subhash Nagar Crossing / Mukherji Park,Mukherji Park,Slightly match
6,Tagore Garden,Titar Pur,Match at 7 in new_data list
7,Tagore Garden Metro Station / Tatarpur,Tagore Garden,Slightly match
8,Rajouri Garden,Rajouri Garden,Match
9,Raja Garden,Raja Garden,Match
10,Bali Nagar,Bali Nagar,Match
11,Basai Darapur / Ramesh Nagar,Ramesh Nagar,Slightly match
12,Kirti Nagar,Kirti Nagar,Match
13,Moti Nagar Market,Moti Nagar Market,Match
14,Moti Nagar Market,Moti nagar,Slightly match
15,Moti Nagar Industrial Area,Moti Nagar Industrial Area,Match
16,Shadipur Depot,Shadi Pur Depot,Match
17,Shadipur Metro Station,Shadi Pur Metro Station,Match
18,West Patel Nagar,West Patel Nagar,Match
19,South Patel Nagar (Metro Station),South Patel Nagar,Slightly match
20,East Patel Nagar,East Patel Nagar,Match
21,Shankar Road,Shankar Road,Match
22,New Rajender Nagar,New Rajinder Nagar,Match
23,Upper Ridge Road,Ridge Road,Slightly match
24,Talkatora Stadium,Talkatora Stadium,Match
25,Dr. RML Hospital,RML Hospital,Match
26,Talkatora Road,Talkatora Road,Match
27,Kendriya Terminal / Gurudwara Rakab Gunj,Gurudwara Rakab Gunj,Slightly match
28,Kendriya Terminal (Pt. Pant Marg),Kendriya Terminal,Slightly match
29,NDPO,NDPO,Match
30,Gurudwara Bangla Sahib,Gurudwara Bangla Sahib,Match
31,Patel Chowk,Patel Chowk,Match
32,Aakashwani Bhawan,Aakashwani Bhawan,Match
33,Madhuban Chowk Outer Ring Road,Krishi Bhawan,Not matched
34,T B Hospital,Udyog Bhawan,Not matched
35,Nirman Bhawan,Nirman Bhawan,Match
36,Vigyan Bhawan,Vigyan Bhawan,Match
37,Akbar Road,Akbar Road,Match
38,Baroda House,Baroda House,Match
39,National Stadium,National Stadium,Match
40,Art Gallery,National Art Gallery,Slightly match
41,Jaipur House,Jaipur House,Match
42,Bapa Nagar,Kaka Nagar,Not matched
43,Golf Club,Golf Club,Match
44,P S Nizamuddin,P S Nizamuddin,Match
45,Nizamuddin Extension,Hazrat Nizamuddin Extn,Not matched
46,Bhogal (Jungpura),Bhogal,Slightly match
47,Ashram Chowk,Ashram,Slightly match
48,Nehru Nagar,Nehru Nagar,Match
49,Sri Niwaspuri / PG DAV College Lajpat Nagar,Shri Niwas Puri,Not matched
50,Vanasthali Public School,Lajpat Nagar,Not matched
51,Mcd Office,MCD Office,Match
52,Delhi Jal B Ln,Delhi Jal Board Lajpat Nagar,Slightly match
53,Jal Vihar Terminal,Jal Vihar Terminal,Match
