,OLD_STOPS,NEW_STOPS,OUTPUT
1,Safdurjung Terminal,Ambedkar Nagar Terminal,Not matched
2,Ambedkar Nagar Depot,Ambedkar Nagar Depot,Match
3,Khanpur Extension / Devli Xing,Devoli Road Crossing ,Not matched
4,Vayusena Bad,Vayusena Bad,Match
5,Batra Hospital / Satya Narayan Mandir,Batra Hosp,Not matched
6,Hamdard Nagar / Sangam Vihar,Hamdard Nagar,Slightly match
7,Majeedia Hospital,Majidia Hospital,Match
8,Guru Ravidass Marg,Guru Ravidass Marg,Match
9,Tughlkabad Extn.,Tughlkabad Extn.,Match
10,DDA Kalkaji Extension,Kalka Ji Extn.DDA Flat Extn.,Not matched
11,Crown Plaza,CRPF Camp (Crown Plaza),Slightly match
12,C-Lal Chowk,C- Lal Chowk,Match
13,Kalkaji Depot,Kalkaji Depot,Match
14,Punj Sons,Punj Sons,Match
15,Kalkaji Mandir (MaaAnandmayeeMarg),Kalkaji Mandir,Slightly match
16,NSIC,NSIC Hostel,Slightly match
17,Laghu Udyog Sansthan(ModiMill),Modi Mills,Not matched
18,SNPD,SNPD,Match
19,East of Kailash C-Block,C Block East of Kailash,Match
20,East of Kailash B-Block,East Of Kailash B Block,Match
21,Garhi Gaon,Garhi Village,Not matched
22,Lajpat Nagar Crossing,Lajpat Nagar X ing,Slightly match
23,PG DAV College / Sri Niwaspuri,Shri Niwas Puri,Slightly match
24,Nehru Nagar,Nehru Nagar,Match
25,Ashram Chowk,Ashram,Slightly match
26,Bhogal (Jungpura),Bhogal,Slightly match
27,Nizamuddin Extension,Hazrat Nizamuddin Extn,Not matched
28,Police Station Nizamuddin (Dargah),P S Nizamuddin,Slightly match
29,Golf Club / Sunder Nagar,Golf Club,Slightly match
30,Kaka Nagar,Kaka Nagar,Match
31,Zoo,Zoo,Match
32,National Stadium,National Stadium,Match
33,ITPO Gate No. 3,ITPO Office,Not matched
34,supreme court metro station,Supreme Court Metro Station,Match
35,Supreme Court,Supreme Court,Match
36,Tilak Bridge,Tilak Bridge,Match
37,ITO (Agarwal Chowk),ITO BSZ Marg,Not matched
38,Express Building,Express Building,Match
39,Delhi Gate,Delhi Gate,Match
40,Golcha Cinema,Golcha Cinema,Match
41,Darya Ganj,Darya Ganj,Match
42,Subhash Park,Subhash Park,Match
43,Jama Masjid,Jama Masjid,Match
44,Red Fort,Red Fort,Match
45,GPO,GPO K. Gate,Not matched
46,Guru Govind Singh University (Kashmere Gate),GGS IP University,Slightly match
47,ISBT Kashmere Gate,ISBT Kashmiri Gate,Slightly match
48,ISBT Nityanand Marg,ISBT Nityanand Marg,Match
49,Mori Gate Terminal,Mori Gate Terminal,Match
