,OLD_STOPS,NEW_STOPS,OUTPUT
1,ISBT Kashmere Gate Terminal,Mori Gate Terminal,Slightly match
2,ISBT Nityanand Marg,ISBT Nityanand Marg,Match
3,ISBT Kashmere Gate (Lothian Road),ISBT Kashmiri Gate,Slightly match
4,Guru Govind Singh University (Kashmere Gate),GGS IP University,Slightly match
5,GPO,GPO K. Gate,Not matched
6,Red Fort,Red Fort,Match
7,Jama Masjid,Jama Masjid,Match
8,Darya Ganj,Darya Ganj,Match
9,GOLCHA CINEMA,Golcha Cinema,Match
10,Delhi Gate,Delhi Gate,Match
11,Express Building-DC2809,Express Building,Match
12,ITO,ITO BSZ Marg,Not matched
13,Tilak Bridge,Tilak Bridge,Match
14,Supreme Court,Supreme Court,Match
15,supreme court metro station,Supreme Court Metro Station,Match
16,ITPO Office,ITPO Office,Match
17,National Stadium,National Stadium,Match
18,Zoo,Zoo,Match
19,Sunder Nagar,Sunder Nagar,Match
20,Sunder Nagar,Sunder Nagar Market,Slightly match
21,Delhi Public School,D.P.S school,Slightly match
22,Nizamuddin Extension,P S Nizamuddin,Not matched
23,Nizamuddin Extension,Hazrat Nizamuddin Extn,Not matched
24,Bhogal (Jungpura),Bhogal,Slightly match
25,Ashram Chowk,Ashram,Slightly match
26,Nehru Nagar,Nehru Nagar,Match
27,Sri Niwaspuri / PG DAV College Lajpat Nagar,Shri Niwas Puri,Not matched
28,Lajpat Nagar Crossing,Lajpat Nagar X ing,Slightly match
29,Garhi Village,Garhi Village,Match
30,B-Block East of Kailash,East Of Kailash B Block,Match
31,C-Block East of Kailash,C Block East of Kailash,Match
32,SNPD,SNPD,Match
33,Laghu Udyog Sansthan (ModiMill),Modi Mills,Not matched
34,NSIC,NSIC Hostel,Slightly match
35,Kalkaji Mandir (MaaAnandmayeeMarg),Kalkaji Mandir,Slightly match
36,Punj Sons,Punj Sons,Match
37,Kalkaji Depot,Kalkaji Depot,Match
38,C-Lal Chowk,C- Lal Chowk,Match
39,CRPF Camp / Crown Plaza,CRPF Camp (Crown Plaza),Match
40,Kalka Ji Extn.DDA Flat,Kalka Ji Extn.DDA Flat ,Match
41,Tughlkabad Extn.,Tughlkabad Extn.,Match
42,Guru Ravi Das Ashram / Tughlaqabad Extension,Guru Ravidass Marg,Not matched
43,Majeedia Hospital,Majidia Hospital,Match
44,Hamdard Nagar / Sangam Vihar,Hamdard Nagar,Slightly match
45,Batra Hospital (Satya Narayan Mandir),Batra Hosp,Not matched
46,Vayu Senabad,Vayusena Bad,Match
47,Devoli Road X,Devoli Road Crossing ,Slightly match
48,Ambedkar Nagar Depot,Ambedkar Nagar Depot,Match
49,Ambedkar Nagar Terminal,Ambedkar Nagar Terminal,Match
