,OLD_STOPS,NEW_STOPS,OUTPUT
1,Safdurjung Terminal,Ambedkar Nagar Terminal,Not matched
2,Pushp Vihar,Pushp Vihar,Match
3,Pushpa Bhawan,Pushpa Bhawan,Match
4,Sheikh Sarai Ph-II,Seikh Sarai Ph-II,Match
5,Chirag Delhi,Chirag Delhi,Match
6,Panchsheel Enclave,Panchsheel Enclave,Match
7,Krishi Vihar,Krishi Vihar,Match
8,Siri Fort Road,Siri Fort Road,Match
9,Sadiq Nagar,Sadiq Nagar,Match
10,MCKR Hospital/Central School,Central School,Slightly match
11,MCKR Hospital,Mool Chand Hospital,Not matched
12,Defence Colony,Defence Colony P.P,Match
13,Pant Nagar,Pant Nagar,Match
14,CGO Complex,CGO Complex,Match
15,Amir Khusro Park / Oberoi Hotel,Amir Shusaro Park,Not matched
16,Delhi Public School,D.P.S school,Slightly match
17,Kaka Nagar,Sunder Nagar Market,Slightly match
18,Kaka Nagar,Sunder Nagar,Not matched
19,Zoo,Zoo,Match
20,National Stadium,National Stadium,Match
21,ITPO Gate No. 3,ITPO Office,Not matched
22,supreme court metro station,Supreme Court Metro Station,Match
23,Supreme Court,Supreme Court,Match
24,Tilak Bridge,Tilak Bridge,Match
25,ITO (Agarwal Chowk),ITO BSZ Marg,Not matched
26,Express Building,Express Building,Match
27,Delhi Gate,Delhi Gate,Match
28,Golcha Cinema,Golcha Cinema,Match
29,Darya Ganj,Darya Ganj,Match
30,Subhash Park,Subhash Park,Match
31,Jama Masjid,Jama Masjid,Match
32,Red Fort,Red Fort,Match
33,Old Delhi Railway Station,Old Delhi Railway Station,Match
