,OLD_STOPS,NEW_STOPS
1,,Malviya Nagar F Block
2,,Malviya Nagar
3,,Malviya Nagar Market
4,,Malviya Nagar Xing
5,,Bhavishya Nidhi Enclave
6,,Panchsheel Enclave
7,,Shahpur Jat
8,,Khel Gaon
9,,Kamla Nehru College
10,,Niti Bagh
11,,Uday Park / Anand Lok
12,,Ayurvigyan Nagar
13,,Andrews Ganj
14,,Mool Chand Hospital
15,,Defence Colony P.P
16,,Pant Nagar
17,,CGO Complex
18,,Amir Shusaro Park
19,,D.P.S school
20,,Sunder Nagar Market
21,,Sunder Nagar
22,,Zoo
23,,National Stadium
24,,ITPO Office
25,,Supreme Court Metro Station
26,,Supreme Court
27,,Tilak Bridge
28,,ITO BSZ Marg
29,,Express Building
30,,Delhi Gate
31,,Golcha Cinema
32,,Darya Ganj
33,,Jama Masjid
34,,Red Fort
35,,Old Delhi Railway Station
