,OLD_STOPS,NEW_STOPS
1,,Old Delhi Railway Station
2,,Red Fort
3,,Jama Masjid
4,,Darya Ganj
5,,Golcha Cinema
6,,Delhi Gate
7,,Express Building
8,,ITO BSZ Marg
9,,Tilak Bridge
10,,Supreme Court
11,,Supreme Court Metro Station
12,,ITPO Office
13,,National Stadium
14,,Zoo
15,,Sunder Nagar
16,,Sunder Nagar Market
17,,D.P.S school
18,,Amir Shusaro Park
19,,CGO Complex
20,,Pant Nagar
21,,Defence Colony P.P
22,,Mool Chand Hospital
23,,Andrews Ganj
24,,Ayurvigyan Nagar
25,,Uday Park / Anand Lok
26,,Niti Bagh
27,,Kamla Nehru College
28,,Khel Gaon
29,,Shahpur Jat
30,,Panchsheel Enclave
31,,Bhavishya Nidhi Enclave
32,,Malviya Nagar Xing
33,,Malviya Nagar Market
34,,Malviya Nagar
35,,Malviya Nagar F Block
