,OLD_STOPS,NEW_STOPS,OUTPUT
1,Old Delhi Railway Station,Old Delhi Railway Station,Match
2,Red Fort,Red Fort,Match
3,Jama Masjid,Jama Masjid,Match
4,Darya Ganj,Darya Ganj,Match
5,GOLCHA CINEMA,Golcha Cinema,Match
6,Delhi Gate,Delhi Gate,Match
7,Express Building-DC2809,Express Building,Match
8,ITO,ITO BSZ Marg,Not matched
9,Tilak Bridge,Tilak Bridge,Match
10,Supreme Court,Supreme Court,Match
11,supreme court metro station,Supreme Court Metro Station,Match
12,ITPO Office,ITPO Office,Match
13,National Stadium,National Stadium,Match
14,Zoo,Zoo,Match
15,Sunder Nagar,Sunder Nagar,Match
16,Sunder Nagar,Sunder Nagar Market,Slightly match
17,Delhi Public School,D.P.S school,Slightly match
18,Amir Khusro Park / Oberoi Hotel,Amir Shusaro Park,Not matched
19,CGO Complex,CGO Complex,Match
20,Pant Nagar,Pant Nagar,Match
21,Defence Colony (Homyopathic College),Defence Colony P.P,Slightly match
22,MCKR Hospital,Mool Chand Hospital,Not matched
23,Central School (MCKR),Central School,Match
24,Sadiq Nagar,Sadiq Nagar,Match
25,Siri Fort Road,Siri Fort Road,Match
26,Krishi Vihar,Krishi Vihar,Match
27,Panchsheel Enclave,Panchsheel Enclave,Match
28,Chirag Delhi,Chirag Delhi,Match
29,Sheikh Sarai Phase II,Seikh Sarai Ph-II,Slightly match
30,Pushpa Bhawan,Pushpa Bhawan,Match
31,Pushp Vihar,Pushp Vihar,Match
32,Ambedkar Nagar Terminal,Ambedkar Nagar Terminal,Match
