,OLD_STOPS,NEW_STOPS
1,,Ambedkar Nagar Terminal
2,,Pushp Vihar
3,,Pushpa Bhawan
4,,Seikh Sarai Ph-II
5,,Chirag Delhi
6,,Panchsheel Enclave
7,,Krishi Vihar
8,,Siri Fort Road
9,,Sadiq Nagar
10,,Central School
11,,Mool Chand Hospital
12,,Defence Colony P.P
13,,Pant Nagar
14,,CGO Complex
15,,Amir Shusaro Park
16,,D.P.School
17,,Sunder Nagar Market
18,,Sunder Nagar
19,,Zoo
20,,National Stadium
21,,ITPO Office
22,,Supreme Court Metro Station
23,,Supreme Court
24,,Tilak Bridge
25,,ITO BSZ Marg
26,,Express Building
27,,Delhi Gate
28,,Rajghat
29,,Shanti Van
30,,Vijay Ghat
31,,Yamuna Bazar
32,,GGS IP University
33,,ISBT Ring Road
34,,ISBT NITYANAND MARG                                                         
35,,MATCUP HOUSE                                                       
36,,IP COLLEGE                                                         
37,,OLD SECRETRIATE                                                         
38,,VIDHAN SABHA METRO STATION                                                         
39,,KHYBER PASS                                                         
40,,MALL ROAD RING ROAD                                                         
41,,BIDI STATE
42,,TIMAR PUR PASS SEC.
43,,TIMAR PUR INMASS HOSPITAL
