,OLD_STOPS,NEW_STOPS,OUTPUT
1,ISBT Kashmere Gate Terminal,Mori Gate Terminal,Slightly match
2,ISBT Nityanand Marg,I.S.B.T Nityanand marg,Match
3,ISBT Bridge,ISBT Ring Road,Not matched
4,Yamuna Bazar / GGS Universicy,Yamuna Bazar,Slightly match
5,Geeta Colony Pul,Geeta Colony Pul ,Match
6,Ramleela Ground Geeta Colony,Salim Garh Geeta Colony,Not matched
7,Shanti Vana,Shanti Van,Match
8,Raj Ghat,Rajghat,Match
9,Delhi Gate,Delhi Gate,Match
10,Express Building-DC2809,Express Building,Match
11,ITO,ITO BSZ Marg,Not matched
12,Tilak Bridge,Tilak Bridge,Match
13,Supreme Court,Supreme Court,Match
14,supreme court metro station,Supreme Court Metro Station,Match
15,ITPO Office,ITPO Office,Match
16,National Stadium,National Stadium,Match
17,Zoo,Zoo,Match
18,Sunder Nagar,Sunder Nagar,Match
19,Sunder Nagar,Sunder Nagar Market,Slightly match
20,Delhi Public School,D.P.School,Slightly match
21,Amir Khusro Park / Oberoi Hotel,Amir Shusaro Park,Not matched
22,CGO Complex,CGO Complex,Match
23,Pant Nagar,Pant Nagar,Match
24,Defence Colony (Homyopathic College),Defence Colony P.P,Slightly match
25,MCKR Hospital,Mool Chand Hospital,Not matched
26,Central School (MCKR),Central School,Match
27,Sadiq Nagar,Sadiq Nagar,Match
28,Siri Fort Road,Siri Fort Road,Match
29,Krishi Vihar,Krishi Vihar,Match
30,Panchsheel Enclave,Panchsheel Enclave,Match
31,Chirag Delhi,Chirag Delhi,Match
32,Sheikh Sarai Phase II,Seikh Sarai Ph-II,Slightly match
33,Pushpa Bhawan,Pushpa Bhawan,Match
34,Pushp Vihar,Pushp Vihar,Match
35,Ambedkar Nagar Terminal,Ambedkar Nagar Terminal,Match
