,OLD_STOPS,NEW_STOPS,OUTPUT
1,Hamdard Nagar / Sangam Vihar,Hamdard Nagar,Slightly match
2,Majeedia Hospital,Majeedia Hospital,Match
3,Guru Rabidas M,Guru Ravi Dass Marg,Not matched
4,Tara Apartment,Tara Appartment,Match
5,DDA Flats Kalka Ji,DDA Flats KalkaJi,Match
6,DDA Flats Kalka Ji,DDA Market Kalkaji,Match at 5 in new_data list
7,Govindpuri Extn Gali No. 16,Govindpuri Ext ,Slightly match
8,Db C Kalkaji,DB College Kalkaji,Slightly match
9,Nehru Place Crossing / Paras Cinema,Paras Cinema,Slightly match
10,Nehru Place,Nehru Place,Match
11,Sant Nagar,Sant Nagar,Match
12,Kailash Colony,Kailash Colony,Match
13,Lady Shri Ram College,L.S.R. Collage,Not matched
14,Central School,Central School,Match
15,MCKR Hospital,Mool Chand Hospital,Not matched
16,Defence Colony,Defence Colony P.P,Match
17,Pant Nagar,Pant Nagar,Match
18,CGO Complex,CGO Complex,Match
19,Amir Khusro Park / Oberoi Hotel,Amir Shusaro Park,Not matched
20,Delhi Public School,D.P.S school,Slightly match
21,Kaka Nagar,Sunder Nagar Market,Slightly match
22,Kaka Nagar,Sunder Nagar,Not matched
23,Zoo,Zoo,Match
24,National Stadium,National Stadium,Match
25,ITPO Gate No. 3,ITPO Office,Not matched
26,supreme court metro station,Supreme Court Metro Station,Match
27,Supreme Court,Supreme Court,Match
28,Tilak Bridge,Tilak Bridge,Match
29,ITO (Agarwal Chowk),ITO BSZ Marg,Not matched
30,Express Building,Express Building,Match
31,Delhi Gate,Delhi Gate,Match
32,Golcha Cinema,Golcha Cinema,Match
33,Darya Ganj,Darya Ganj,Match
34,Subhash Park,Subhash Park,Match
35,Jama Masjid,Jama Masjid,Match
36,Red Fort,Red Fort,Match
37,Old Delhi Railway Station,Old Delhi Railway Station,Match
