,OLD_STOPS,NEW_STOPS,OUTPUT
1,Old Delhi Railway Station,Old Delhi Railway Station,Match
2,Red Fort,Red Fort,Match
3,Jama Masjid,Jama Masjid,Match
4,Darya Ganj,Darya Ganj,Match
5,GOLCHA CINEMA,Golcha Cinema,Match
6,Delhi Gate (JLN Marg),Delhi Gate,Slightly match
7,Express Building-DC2809,Express Building,Match
8,ITO,ITO BSZ Marg,Not matched
9,Tilak Bridge,Tilak Bridge,Match
10,Supreme Court,Supreme Court,Match
11,supreme court metro station,Supreme Court Metro Station,Match
12,ITPO Office,ITPO Office,Match
13,National Stadium,National Stadium,Match
14,Zoo,Zoo,Match
15,Sunder Nagar,Sunder Nagar,Match
16,Sunder Nagar,Sunder Nagar Market,Slightly match
17,Delhi Public School,D.P.S school,Slightly match
18,Amir Khusro Park / Oberoi Hotel,Amir Shusaro Park,Not matched
19,CGO Complex,CGO Complex,Match
20,Pant Nagar,Pant Nagar,Match
21,Defence Colony (Homyopathic College),Defence Colony P.P,Slightly match
22,MCKR Hospital,Mool Chand Hospital,Not matched
23,Central School (MCKR),Central School,Match
24,Lady Shri Ram College,L.S.R. Collage,Not matched
25,Kailash Colony,Kailash Colony,Match
26,Sant Nagar,Sant Nagar,Match
27,Nehru Place,Nehru Place,Match
28,Nehru Place,Paras Cinema,Match at 27 in new_data list
29,Desh Bandhu Gupta College,DB College Kalkaji,Not matched
30,Govindpuri Extn Gali No. 16,Govindpuri Ext ,Slightly match
31,DDA Market Kalkaji,DDA Market Kalkaji,Match
32,DDA Flats KalkaJi,DDA Flats KalkaJi,Match
33,Tara Apartment,Tara Appartment,Match
34,Guru Ravi Das Ashram / Tughlaqabad Extension,Guru Ravi Dass Marg,Not matched
35,Majeedia Hospital,Majeedia Hospital,Match
36,Hamdard Nagar / Sangam Vihar,Hamdard Nagar,Slightly match
