,OLD_STOPS,NEW_STOPS,OUTPUT
1,Sarai Kale Khan ISBT,Sarai Kale Khan ISBT,Match
2,Bala Sahib Gurudwara,Bala Sahib Gurudwara,Match
3,Maharani Bagh (Ashram),Maharani Bagh,Slightly match
4,Nehru Nagar,Nehru Nagar,Match
5,Sri Niwaspuri / PG DAV College Lajpat Nagar,Shri Niwas Puri,Not matched
6,Lajpat Nagar Crossing,Lajpat Nagar Xing,Slightly match
7,Garhi Village,Garhi Village,Match
8,B-Block East of Kailash,East Of Kailash B Block,Match
9,C-Block East of Kailash,C Block East of Kailash,Match
10,S.N.P. Depot,S.N.P. Depot,Match
11,Laghu Udyog Sansthan (ModiMill),Modi Mills,Not matched
12,NSIC,NSIC Hostel,Slightly match
13,Kalkaji Mandir,Kalkaji Mandir,Match
14,Nehru Place Terminal,Nehru Place ,Slightly match
15,Paras Cinema,Paras Cinema,Match
16,Pumposh Enclave,Pumpose Enclave,Match
17,OS Communication / Masjid Moth,Masjid Moth,Slightly match
18,Chirag Delhi,Chirag Delhi,Match
19,Sheikh Sarai Phase II,Seikh Sarai Ph-II,Slightly match
20,Pushpa Bhawan,Pushpa Bhawan,Match
21,Pushp Vihar,Pushp Vihar,Match
22,C-1 Janak Puri,Ambedkar Nagar Terminal,Not matched
23,C-1 Janak Puri,DIPSAR,Not matched
24,Jivan park,Asian Market,Not matched
25,Dispensary Paharganj,Saket Xing,Not matched
26,Maidan Garhi Crossing (SDM Court),Maidan Garhi Xing,Slightly match
27,Said ul zeb village,Said ul zeb village,Match
28,Dhaula Peer,Dhola Peer,Slightly match
29,Dhaula Peer / Lado Sarai,Lado Sarai,Slightly match
30,Lado Sarai Crossing (Aurobindo Marg),Lado Sarai Xing,Not matched
31,Qutub Minar,Qutub,Slightly match
32,Mehrauli,Mehrauli,Match
