,OLD_STOPS,NEW_STOPS,OUTPUT
1,Mehrauli Terminal,Mehrauli,Slightly match
2,Qutub Minar,Qutub,Slightly match
3,Lado Sarai Crossing,Lado Sarai Xing,Slightly match
4,Dhaula Peer,Lado Sarai,Not matched
5,Dhaula Peer Lado Sarai,Dhola Peer,Slightly match
6,Saidul-A-Jab / Saket Metro Station,Said ul zeb village,Not matched
7,Maidan Garhi Crossing (SDM Court),Maidan Garhi Xing,Slightly match
8,Dispensary Paharganj,Saket Xing,Not matched
9,Jivan park,Asian Market,Not matched
10,DIPSAR College of Pharmacy,DIPSAR,Not matched
11,C-1 Janak Puri,Ambedkar Nagar Terminal,Not matched
12,Pushp Vihar,Pushp Vihar,Match
13,Pushpa Bhawan,Pushpa Bhawan,Match
14,Sheikh Sarai Ph-II,Seikh Sarai Ph-II,Match
15,Chirag Delhi,Chirag Delhi,Match
16,OS Communication / Masjid Moth,Masjid Moth,Slightly match
17,OS Communications,O.S. Communication,Match
18,Pumposh Enclave,Pumpose Enclave,Match
19,Nehru Place Crossing / Paras Cinema,Paras Cinema,Slightly match
20,Nehru Place,Nehru Place ,Match
21,Kalkaji Mandir (MaaAnandmayeeMarg),Kalkaji Mandir,Slightly match
22,NSIC,NSIC Hostel,Slightly match
23,Laghu Udyog Sansthan(ModiMill),Modi Mills,Not matched
24,SNPD,S.N.P. Depot,Not matched
25,East of Kailash C-Block,C Block East of Kailash,Match
26,East of Kailash B-Block,East Of Kailash B Block,Match
27,Garhi Gaon,Garhi Village,Not matched
28,Lajpat Nagar Crossing,Lajpat Nagar Xing,Slightly match
29,PG DAV College / Sri Niwaspuri,Vinoba Puri,Not matched
30,Nehru Nagar,Lajpat Nager,Not matched
31,Ashram Chowk,Gupta Market,Not matched
32,Kali Mata Mandir,Moolchand,Not matched
33,Nizamuddin Railway Station,Deffence Colony,Match at 42 in new_data list
34,,Pant Nager,
35,,CGO Compex,
36,,Lodhi hotel,
37,,Nila Gumbad,
38,,Nizamuddin Dargah,
39,,Hazrat Nizamudin,
40,,Bhogal,
41,,Rajdoot Hotel,
42,,Nizamuddin Railway Station,
