,OLD_STOPS,NEW_STOPS,OUTPUT
1,Old Delhi Railway Station,Old Delhi Railway Station,Match
2,Red Fort,Red Fort,Match
3,Jama Masjid,Jama Masjid,Match
4,Darya Ganj,Darya Ganj,Match
5,GOLCHA CINEMA,Golcha Cinema,Match
6,Delhi Gate (JLN Marg),Delhi Gate,Slightly match
7,Express Building-DC2809,Express Building,Match
8,ITO,ITO BSZ Marg,Not matched
9,Tilak Bridge,Tilak Bridge,Match
10,Supreme Court,Supreme Court,Match
11,supreme court metro station,Supreme Court Metro Station,Match
12,ITPO Office,ITPO Office,Match
13,National Stadium,National Stadium,Match
14,Zoo,Zoo,Match
15,Sunder Nagar,Sunder Nagar,Match
16,Sunder Nagar,Sunder Nagar Market,Slightly match
17,Delhi Public School,D.P.S school,Slightly match
18,Nizamuddin Extension,P S Nizamuddin,Not matched
19,Nizamuddin Extension,Hazrat Nizamuddin Extn,Not matched
20,Bhogal (Jungpura),Bhogal,Slightly match
21,Ashram Chowk,Ashram,Slightly match
22,Nehru Nagar,Nehru Nagar,Match
23,Sri Niwaspuri / PG DAV College Lajpat Nagar,Shri Niwas Puri,Not matched
24,Lajpat Nagar Ring Road,Lajpat Nagar Xing,Slightly match
25,Garhi Village,Garhi Village,Match
26,B-Block East of Kailash,East Of Kailash B Block,Match
27,C-Block East of Kailash,C Block East of Kailash,Match
28,SNPD,SNPD,Match
29,Laghu Udyog Sansthan (ModiMill),Modi Mills,Not matched
30,NSIC,NSIC Hostel,Slightly match
31,Kalkaji Mandir (MaaAnandmayeeMarg),Kalkaji Mandir,Slightly match
32,Punj Sons,Punj Sons,Match
33,Kalkaji Depot,Kalka Ji Depot,Match
34,Govindpuri No.3,Govindpuri No.3,Match
35,Govindpuri Extn Gali No. 16,Govindpuri Ext ,Slightly match
36,DDA Market Kalkaji,DDA Market KalkaJi,Match
37,DDA Flats KalkaJi,DDA Flats KalkaJi,Match
38,DDA Flats Kalkaji,DDA Flat Kalkaji Alakhnanda,Slightly match
