,OLD_STOPS,NEW_STOPS,OUTPUT
1,Safdurjung Terminal,Safdarjung Terminal,Match
2,Vikas Sadan,Vikas Sadan,Match
3,INA Colony,INA Market,Not matched
4,Kidwai Nagar,Kidwai Nagar,Match
5,AIIMS Ring Road,AIIMS,Not matched
6,South Extension,South Extension 2,Match
7,South Extn Kotla Petrol Pump,South Ext Kotla Petrol Pump,Match
8,Andrews Ganj,Andrews Ganj,Match
9,Gupta Market,Gupta Colony,Not matched
10,Lajpat Nagar 2 Ring Road,Lajpat Nagar,Slightly match
11,Lajpat Nagar Crossing,Lajpat Nagar Crossing,Match
12,Garhi Village,Garhi Village,Match
13,B-Block East of Kailash,B Block East Of Kailash,Match
14,C-Block East of Kailash,C Block East of Kailash,Match
15,SNPD,SNPD,Match
16,Laghu Udyog Sansthan (ModiMill),Small Industries Service Modi Mill,Not matched
17,NSIC,NSIC Hostel,Slightly match
18,Kalkaji Mandir (MaaAnandmayeeMarg),Kalkaji Mandir,Slightly match
19,Kalkaji Mandir (MaaAnandmayeeMarg),Kalka Ji Mandir,Slightly match
20,Punj Sons,Punj Sons,Match
21,Kalkaji Depot,Kalka Ji Depot,Match
22,Sanjay Colony (Safiabad),Sanjay Colony,Slightly match
23,d-block okhla-ii,D-Block Okhla-II,Match
24,Pitampura Power House,Power House,Slightly match
25,e- block okhla-ii,E- Block Okhla-II,Match
26,hindustan steel,Hindustan Steel,Match
27,tehkhand village,Tehkhand Village,Match
28,b-block okhla-i,B-Block Okhla-I,Match
29,f-block okhla-i,F-Block Okhla-I,Match
30,ESI Hospital,ESI Hosp Okhla,Not matched
31,Central Work Shop II,Central Work Shop-II/ Tehkhand,Slightly match
