,OLD_STOPS,NEW_STOPS,OUTPUT
1,Badarpur Border,Badarpur Border,Match
2,Jaitpur Crossing,Jaitpur Crossing,Match
3,Badarpur Village,Badarpur MBRoad,Not matched
4,Prehlad Pur,Prehladpur,Match
5,Surajkund Crossing,Suraj kund Xing,Not matched
6,Lal Kuan,Lal Kuan,Match
7,Prem Nagar,Prem Nagar,Match
8,Tehkhand Depot DTC,Tehkhand Depot,Match
9,E.S.I. Hospital,ESI Hospital,Match
10,Okhla Phase II,Okhla Phase-1,Slightly match
11,Crown Plaza,CRPF Camp Crown Plaza,Slightly match
12,C-Lal Chowk,C. Lal Chowk,Match
13,Kalkaji Depot,Kalkaji Depot,Match
14,Punj Sons,Punj Sons,Match
15,Kalkaji Mandir (MaaAnandmayeeMarg),Kalkaji Mandir,Slightly match
16,NSIC,NSIC Hostel,Slightly match
17,Laghu Udyog Sansthan(ModiMill),Small Industries Service Modi Mill,Not matched
18,SNPD,SNPD,Match
19,East of Kailash C-Block,C Block East of Kailash,Match
20,East of Kailash B-Block,B Block East Of Kailash,Match
21,Garhi Gaon,Garhi Village,Not matched
22,Lajpat Nagar,Lajpat Nagar Crossing,Slightly match
23,Lajpat Nagar Ring Road,Lajpat Nagar,Slightly match
24,Gupta Market,Gupta Colony,Not matched
25,Andrews Ganj,Andrews Ganj,Match
26,South Extension,South Ext Kotla Petrol Pump,Slightly match
27,South Extension - 1,South Extension 2,Slightly match
28,AIIMS Ring Road,AIIMS,Not matched
29,Kidwai Nagar,Kidwai Nagar,Match
30,INA Market,INA Market,Match
31,SJ Airport,SJ Airport,Match
32,SJ Madrasa,SJ Madarsa,Slightly match
33,Tughlaq Crescent,Tuglak Crescent,Slightly match
34,PS Tughlaq Road,P.S.Tughlak Road,Slightly match
35,Krishan Menon Marg,Krishna Menon Marg,Match
36,Sunheri Masjid/G Block,G Block,Not matched
37,Udyog Bhawan,Udhyog Bhawan,Match
38,Rail Bhawan Metro Station / Krishi Bhawan,Krishi Bhawan,Not matched
39,Red Cross Road,Red Cross Road,Match
40,Aakashwani Bhawan,Akashwani Bhawan,Match
41,PS Parliament / Jantar Mantar,P.S. Parliament,Slightly match
42,Regal,Regal,Match
43,Shivaji Park,Shivaji Park,Match
44,Vivekanand Marg / Minto Road,Vivekanand Marg,Slightly match
45,PS Kamla Market,Kamla Market,Match
46,New Delhi Railway Station Gate 2,New Delhi Railway Station Gate 2,Match
