,OLD_STOPS,NEW_STOPS,OUTPUT
1,Badarpur Bordr,Badarpur Border,Match
2,Badarpur M B Road / Rajiv Gandhi Stadium,Badar Pur M.B. Road,Slightly match
3,Prehlad Pur,Prahladpur,Slightly match
4,Surajkund Crossing,Suraj kund Xing,Not matched
5,Lal Kuan,Lal Kuan,Match
6,Prem Nagar,Prem Nagar,Match
7,Okhla More,Okhla More,Match
8,Kaya Maya Hospital,Kaya Maya Hospital,Match
9,Tughalqabad Village,Tuglaka Bad Villlage,Slightly match
10,Tuglakabad F,Tuglkabad Fort,Slightly match
11,Air Force Station,Air Force Station,Match
12,Hamdard Nagar / Sangam Vihar,Hamdard Nagar,Slightly match
13,Majeedia Hospital,Majidia Hospital,Match
14,Guru Ravidass Marg,Guru Ravidass Marg,Match
15,Tughlkabad Extn.,Tughlkabad Extn.,Match
16,DDA Kalkaji Extension,Kalka Ji Extn.DDA Flat Extn.,Not matched
17,Crown Plaza,CRPF Camp (Crown Plaza),Slightly match
18,C-Lal Chowk,C- Lal Chowk,Match
19,Kalkaji Depot,Kalkaji Depot,Match
20,Punj Sons,Punj Sons,Match
21,Kalkaji Mandir (MaaAnandmayeeMarg),Kalkaji Mandir,Slightly match
22,Nehru Place Terminal,Nehru Place Terminal,Match
23,Nehru Place,Paras Cinema,Match at 24 in new_data list
24,Nehru Place,Nehru Place,Match
25,Sant Nagar,Sant Nagar,Match
26,Kailash Colony,Kailash Colony,Match
27,Lady Shri Ram College,L.S.R. Collage,Not matched
28,Central School (KV),Central School,Match
29,Andrews Ganj,Andrews Ganj,Match
30,PT College Kotla,PT College Kotla,Match
31,Defence Colony,Defence Colony,Match
32,Sewa Nagar Flyover,Sewa Nagar Flyover,Match
33,J L Nehru Stadium,Jawahar Lal Nehru Stadium,Slightly match
34,Pragati Vihar,Pragati Vihar,Match
35,Dayal Singh College,Dayal Singh College,Match
36,Bharti Nagar,Bharti Nagar,Match
37,Sujan Singh Park,Sujan Singh Park,Match
38,Humayun Road,Humayun Road,Match
39,Kotah House,Kotah House,Match
40,Shahjahan Road UPSC,Shahjahan Road,Match
41,Baroda House,Baroda House,Match
42,Bhartiya Vidya Bhawan,Bhartiya Vidhya Bhawan,Match
43,Max Muller Bhawan,Max Muller Bhawan,Match
44,Scindia House,Scindia House,Match
45,Shivaji Park,Shivaji Park,Match
46,Vivekanand Marg / Minto Road,Vivekanand Marg,Slightly match
47,PS Kamla Market,kamla Market,Match
48,New Delhi Railway Station Gate 2,N.D.Railway Station Gate No 2,Slightly match
