,OLD_STOPS,NEW_STOPS,OUTPUT
1,Badli Railway Staion,New Delhi Railway Station Gate No 2,Slightly match
2,Vivekanand Marg / Minto Road,Vivekanand Marg,Slightly match
3,Shivaji Park,Shivaji Park,Match
4,Super Bazar,Super Bazar,Match
5,Scindia House / Kailash Bhawan,Scindia House,Slightly match
6,Max Mueller Bhawan,Max Muller Bhawan,Match
7,Bhartiya Vidya Bhawan,Bhartiya Vidhya Bhawan,Match
8,Baroda House,Baroda House,Match
9,National Stadium,National Stadium,Match
10,Art Gallery,National Art Gallery,Slightly match
11,Shajahan Road UPSC,Shahjahan Road,Slightly match
12,Kotah House,Kotah House,Match
13,Humayun Road,Humayun Road,Match
14,Sujan Singh Park,Sujan Singh Park,Match
15,Bharti Nagar,Bharti Nagar,Match
16,Dayal Singh College,Dayal Singh College,Match
17,Pragati Vihar,Pragati Vihar,Match
18,J L Nehru Stadium,Jawahar Lal Nehru Stadium,Slightly match
19,Sewa Nagar Flyover,Sewa Nagar Flyover,Match
20,Defence Colony (Homyopathic College),Defence Colony,Slightly match
21,PT College Kotla,PT College Kotla,Match
22,Andrews Ganj,Andrews Ganj,Match
23,Central School,Central School,Match
24,Lady Shri Ram College,L.S.R. Collage,Not matched
25,Kailash Colony,Kailash Colony,Match
26,Sant Nagar,Sant Nagar,Match
27,Nehru Place,Nehru Place,Match
28,Nehru Place,Paras Cinema,Match at 27 in new_data list
29,Nehru Place Apartments,Nehru Place Terminal,Not matched
30,Kalkaji Mandir (MaaAnandmayeeMarg),Kalkaji Mandir,Slightly match
31,Punj Sons,Punj Sons,Match
32,Kalkaji Depot,Kalkaji Depot,Match
33,C-Lal Chowk,C- Lal Chowk,Match
34,CRPF Camp / Crown Plaza,CRPF Camp (Crown Plaza),Match
35,Kalka Ji Extn.DDA Flat,Kalka Ji Extn.DDA Flat Extn.,Match
36,Tughlkabad Extn.,Tughlkabad Extn.,Match
37,Guru Ravi Das Ashram / Tughlaqabad Extension,Guru Ravidass Marg,Not matched
38,Majeedia Hospital,Majidia Hospital,Match
39,Hamdard Nagar / Sangam Vihar,Hamdard Nagar,Slightly match
40,Air Force Station,Air Force Station,Match
41,Tuglkabad Fort,Tuglkabad Fort,Match
42,Tughlaqabad Village,Tuglaka Bad Villlage,Slightly match
43,Kaya Maya Hospital,Kaya Maya Hospital,Match
44,MB Road,Okhla More,Not matched
45,Prem Nagar,Prem Nagar,Match
46,Lal Kuan,Lal Kuan,Match
47,Surajkund Crossing,Suraj kund Xing,Not matched
48,Prehlad Pur,Prahladpur,Slightly match
49,Badarpur M B Road,Badar Pur M.B. Road,Match
50,Badarpur Border,Badarpur Border,Match
