,OLD_STOPS,NEW_STOPS,OUTPUT
1,New Delhi Railway Station Gate 2,NEW DELHI R S                                                         ,Slightly match
2,Ajmeri Gate / Kamla Market,VIVEKANAD MARG                                                         ,Not matched
3,Bakhtawar Pur School,SHIVAJI PARK                                                         ,Not matched
4,Super Bazar,SUPER BAZAR                                                         ,Match
5,Scindia House / Kailash Bhawan,SCINDIA HOUSE                                                         ,Slightly match
6,Max Mueller Bhawan,MAX MULLER BHAWAN                                                         ,Match
7,Bhartiya Vidya Bhawan,BHARTIYA VIDHYA BHAWAN                                                         ,Match
8,Baroda House,BARODA HOUSE                                                         ,Match
9,National Stadium,NATIONAL STADIUM                                                         ,Match
10,Art Gallery,NATIONAL ART GAILERY                                                         ,Slightly match
11,Shajahan Road UPSC,SHAJHAN ROAD                                                         ,Slightly match
12,Kotah House,KOTAH HOUSE                                                         ,Match
13,Humayun Road,HUMAYUN ROAD                                                         ,Match
14,Sujan Singh Park,SUJAN SINGH P                                                         ,Slightly match
15,Ravindra Nagar,RAVINDRA NAGAR                                                         ,Match
16,Max Mueller Marg,MAX MULLER MAR                                                         ,Match
17,Loni Road Xing,LONI ROAD XING                                                         ,Match
18,Lodhi Colony 18-Block,LODHI COLONY 18-BLOCK                                                         ,Match
19,Lodhi Colony,LODHI COLONY                                                         ,Match
20,Lodhi Colony,LODHI ROAD CENTRAL SCHOOL                                                         ,Not matched
21,J L Nehru Stadium,JLN STADIUM                                                         ,Slightly match
22,Sewa Nagar Flyover,SEWA NAGAR FLY                                                         ,Slightly match
23,Defence Colony (Homyopathic College),DEFENCE COLONY                                                         ,Slightly match
24,PT College Kotla,PT COLLEGE KOT                                                         ,Match
25,Andrews Ganj,ANDREWS GANJ                                                         ,Match
26,Central School,CENTRAL SCHOOL                                                         ,Match
27,Lady Shri Ram College,L S R COLLAGE                                                         ,Not matched
28,Kailash Colony,KAILASH COLONY                                                         ,Match
29,Sant Nagar,SANT NAGAR                                                         ,Match
30,Nehru Place,NEHRU PLACE                                                         ,Match
31,Paras Cinema,PARAS CINEMA                                                         ,Match
32,Kalkaji B-Block,B BLK KALKAJI                                                         ,Slightly match
33,Db C Kalkaji,DB C KALKAJI                                                         ,Match
34,Govindpuri Extn Gali No. 16,GOVINDPURI EXT                                                         ,Slightly match
35,DDA Market Kalkaji,DDA MARKET KALKAJI                                                         ,Match
36,DDA Flats KalkaJi,DDA FLATS KALKAJI                                                         ,Match
37,Tara Apartment,TARA APARTMENT                                                         ,Match
38,Guru Ravi Das Ashram / Tughlaqabad Extension,GURU RABIDAS M                                                         ,Not matched
39,Majeedia Hospital,MAJIDIA HOSPTL                                                         ,Slightly match
40,Hamdard Nagar / Sangam Vihar,HAMDARD NAGAR                                                         ,Slightly match
41,Batra Hospital (Satya Narayan Mandir),BATRA HOSPITAL                                                         ,Slightly match
42,Vayu Senabad,VAYU SENABAD                                                         ,Match
43,Devli Xing,DEVLI XING                                                         ,Match
44,Ambedkar N D,AMBEDKAR N D                                                         ,Match
45,C-1 Janak Puri,AMBEDKAR NAGAR TERMINAL                                                         ,Not matched
