,OLD_STOPS,NEW_STOPS,OUTPUT
1,Nehru Place Terminal,Nehru Place Terminal,Match
2,Nehru Place Crossing / Paras Cinema,Paras Cinema ,Slightly match
3,Nehru Place,Nehru Place,Match
4,Sant Nagar,Sant Nagar,Match
5,Kailash Colony,Kailash Colony,Match
6,Lady Shri Ram College,L.S.R. Collage,Not matched
7,Central School (KV),Central School (K.V.),Match
8,Andrews Ganj,Andrews Ganj,Match
9,South Extn Kotla Petrol Pump,South Ext Kotla Petrol Pump,Match
10,South Extension - 1,South Extension 1,Match
11,Sec A 5 and 8 Narela Desu Colony,AIIMS,Not matched
12,SJ Hospital,S J Hospital,Match
13,Nauroji Nagar,Narouji Nagar,Match
14,R K Puram M,R.K. Puram More,Slightly match
15,RK Puram Sec-12,R K Puram Sec -12,Match
16,South Moti Bagh,Aradhna Enclave,Not matched
17,Moti Bagh Gurudawara Nanakpura,Moti Bagh,Not matched
18,Gurudwara N P,Nanak Pura Gurudwara,Slightly match
19,Satya Niketan,Satya Niketan,Match
20,ARSD College (Dhaula Kuan),ARSD College,Slightly match
21,Dhaula Kuan,Dhaula Kuan,Match
22,RR Line,R. R. Line,Match
23,Garrison Engg.,Garrision Eng.,Match
24,Sant Pura Tilak Nagar,Brar Square,Not matched
25,Rangpuri,COD Ring Road,Not matched
26,Subhash Nagar Crossing / Mukherji Park,Naraina Village,Not matched
27,Ludlow Castle,Nariana Vihar,Not matched
28,Mahipal Pur Crossing,Maya Puri Depot,Not matched
29,Rajouri Garden Market,Rajouri Garden Ring Road,Not matched
30,Rajdhani College / Raja Garden,Rajdhani College Raja Garden,Match
31,ESI Hospital,ESI Hospital,Match
32,Punjabi Bagh Club,Punjabi Bagh Club,Match
33,Punjabi Bagh Terminal,Punjabi Bagh,Slightly match
34,Shakurpur Shiv Mandir,Shakur Pur Shiv Mandir,Match
35,Britannia Chowk Shakurpur,Britania,Not matched
36,Telephone Exchange Karol Bagh,Telephone Exchange,Slightly match
37,Wazirpur DTC Depot / Netaji Subhash Palace,Wazirpur Depot,Slightly match
38,Punjab Kesari,Subhash Place Depot ,Not matched
39,Prem Bari Pull,Prem Bari Pull,Match
40,Shalimar Bagh Richi Rich,Richi Rich Shalimar Bagh,Match
41,Ashok Vihar Xing,Ashok Vihar Crossing,Slightly match
42,Shalimar Bagh Richi Rich,Shalimar Bagh Xing,Not matched
43,Azadpur Terminal,Azadpur ,Slightly match
44,Azad Pur M S,Azad Pur Metro Station,Slightly match
