,OLD_STOPS,NEW_STOPS,OUTPUT
1,Badarpur Border,Badarpur Border,Match
2,Jaitpur Crossing,Jaitpur Xing,Not matched
3,Badarpur Village,Badarpur,Slightly match
4,Power House,Power House Badarpur,Slightly match
5,Onida Factory,Onida Factory,Match
6,Ali Village,Ali Village,Match
7,Maruti,Maruti Factory,Slightly match
8,Madanpur Khadar Crossing,Madanpur Xing,Not matched
9,Sarita Vihar,Sarita Vihar,Match
10,Sarita Vihar Xing,Sarita Vihar xing,Match
11,Sarita Vihar K Block,K Block Sarita Vihar,Match
12,Jasola Vihar,Jasola Vihar,Match
13,Shaheen Bagh,Sahin Bagh,Slightly match
14,Kalindi Kunj,Kalindi Kunj Park No. 9,Slightly match
15,Kalindi Kunj,Kalindi Kunj Border,Slightly match
16,Yamuna Bridge East Check Post,Yamuna Bridge East Check Post,Match
17,Pusta Thokar No 9,Pusta No.-9,Slightly match
18,Mahamaya Flyover West,MahaMaya Flyover West,Match
19,Amity International School,Amity  International School,Match
20,Noida Sec-44,Noida Sec 44 ,Match
21,Noida Sector-37,Noida Sector 37,Match
22,Botanical Garden Metro Station,Botanical Garden Metro Station,Match
23,Noida Sector 28/29,Noida Sector-28/29,Match
24,Noida Sec-18 Metro Station,Noida Sec 18 Metro Station,Match
25,Film City More Under Pass,Film City More under Pass ,Match
26,Wave Cinema,Wave Cinema,Match
27,Atta Peer,Noida Atta Peer,Slightly match
28,Rajni Gandha Chowk,Rajni Gandha Chowk,Match
29,Noida Sec,Noida Sec -3,Match
30,Naya Bans,Naya Bans,Match
31,Sec 15 Noida Metro Station,Sec 15 Noida Metro Station,Match
32,Sec 14 Noida,Sec 14 Noida,Match
33,Mayur Kunj,Mayur Kunj,Match
34,Hindon Regulator(BRD),Hindon Regulator(BRD),Match
35,Mayur Palace,Mayur Palace,Match
36,Samachar Appartments,Samachar Appartments,Match
37,Mayur Vihar Phase-1 Xing,Mayur Vihar Phase-1 Xing,Match
38,Delhi Police Appartments,Delhi Police Appartments,Match
39,Pusta xing,Pusta Xing,Match
40,Aksherdham Mandir,Aksher Dham Mandir,Match
41,Ganesh Nagar West,Ganesh Nagar West ,Match
42,Samas Pur Jagir Village,Samas pur Jagir Gaon,Slightly match
43,Mother Dairy,Mother Dairy,Match
44,Ganesh Nagar,Ganesh Nagar East,Match
45,Shakar Pur School Block,Shakkar pur School Block,Match
46,Laxmi Nagar Xing,Laxmi Nagar Xing,Match
47,TT Post under Pass,TT Post Under Pass ,Match
48,Laxmi Nagar,Laxmi Nagar,Match
49,Laxmi Nagar / Shakarpur Crossing,Shakarpur,Not matched
50,Shakarpur Crossing,Shakarpur Xing,Slightly match
51,Nirman Vihar Metro Station,Nirman Vihar,Slightly match
52,Sawarthya Vihar,Swashthya Vihar,Slightly match
53,New Rajdhani Enclave,New Rajdhani Enclave,Match
54,KarKarDooma Crossing,Karkardooma Crossing,Match
55,JagatpuriA Block,Jagat Puri F Block,Slightly match
56,Jagatpuri A Block,Jagat Puri A Block,Match
57,Radheypuri,Radhey Puri,Match
58,Arjun Nagar,Arjun Nagar,Match
59,Hans Apartment,Hans Apartment,Match
60,Krishna Nagar A Block,Krishna Nagar A Block,Match
61,Swaran Cinema,Swaran Cinema,Match
62,Jharkhandi,Jhar Khandi,Match
63,East Azad Nagar,East Azad Nagar,Match
64,Kanti Nagar Extension,Kanti Nagar Extn. / Bihari Colony,Slightly match
65,Shahdara (Shyam Lal College),Shyam Lal College,Slightly match
66,Shahdara Terminal,Shahdara Terminal,Match
