,OLD_STOPS,NEW_STOPS,OUTPUT
1,Shahdara Terminal,Shahdara Terminal,Match
2,Bdo Office,Shyam Lal College,Not matched
3,East of Kailash B-Block,Kanti Nagar Extn. / Bihari Colony,Not matched
4,Jharkhandi,East Azad Nagar,Match at 5 in new_data list
5,East Azad Nagar,Jhar Khandi,Match at 4 in new_data list
6,Swaran Cinema,Swaran Cinema,Match
7,Krishna Nagar A Block,Krishna Nagar A Block,Match
8,Hans Apartment,Hans Apartment,Match
9,Arjun Nagar,Arjun Nagar,Match
10,Radheypuri,Radhey Puri,Match
11,JagatpuriA Block,Jagat Puri A Block,Match
12,Jagatpuri F-Block,Jagat Puri F Block,Match
13,Karkardooma Crossing,Karkardooma Crossing,Match
14,New Rajdhani Enclave,New Rajdhani Enclave,Match
15,Bhor Garh,Swashthya Vihar,Not matched
16,Nirman Vihar,Nirman Vihar,Match
17,Shakarpur Crossing,Shakarpur Xing,Slightly match
18,Shakarpur,Shakarpur,Match
19,Laxmi Nagar,Laxmi Nagar,Match
20,Defence Colony (Lajpat Nagar Mtr Stn),Laxmi Nagar Xing,Not matched
21,MCKR Hospital,Shakkar pur School Block,Not matched
22,Ganesh Nagar,Ganesh Nagar,Match
23,Mother Dairy,Mother Dairy,Match
24,Samas Pur Jagir,Samas pur Jagir Gaon,Match
25,Pusta Crossing / Akhardham Temple,Pusta Xing,Not matched
26,Delhi Police Appartments,Delhi Police Appartments,Match
27,Mayur Vihar Phase 1 X-ing,Mayur Vihar Phase-1 Xing,Match
28,Samachar Appartments,Samachar Appartments,Match
29,Mayur Palace,Mayur Palace,Match
30,Hindon Regulator(BRD),Hindon Regulator(BRD),Match
31,Mayur Kunj,Mayur Kunj,Match
32,Noida Sec 59/62,Sec 14 Noida,Slightly match
33,Sec 15 Noida Metro Station,Sec 15 Noida Metro Station,Match
34,Old Secretariat (Postal Account Office),Naya Bans,Not matched
35,Samalkha Village,Noida Sec -3,Not matched
36,Rajni Gandha Chowk,Rajni Gandha Chowk,Match
37,Noida Sector-19B,Noida Sector-19B,Match
38,Noida Sec 27 Chowk,Noida Sec-27 Chowk,Match
39,Noida Sec-26 Market,Noida Sector-27 Market,Slightly match
40,Noida Sec 28,Noida Sec-28,Match
41,Atta Chowk,Vishwa Bharti School,Match at 42 in new_data list
42,Noida Sector-28/29,Atta Chowk,Match at 43 in new_data list
43,Botanical Garden Metro Station,Noida Sector-28/29,Match at 44 in new_data list
44,Noida Sector 37,Botanical Garden Metro Station,Match at 45 in new_data list
45,Nehru Place Terminal,Noida Sector 37,Not matched
46,Timarpur,Noida Sec 44 ,Not matched
47,Timarpur,Amity  International School,Not matched
48,Nehru Place,MahaMaya Flyover West,Not matched
49,Prem Nagar Narela,Pusta No.-9,Not matched
50,Mall Road,Yamuna Bridge East Check Post,Not matched
51,Kalindi Kunj,Kalindi Kunj Border,Slightly match
52,Shaheen Bagh,Kalindi Kunj Park No. 9,Not matched
53,Jasola Vihar,Sahin Bagh,Match at 54 in new_data list
54,Sarita Vihar K Block,Jasola Vihar,Not matched
55,Sarita Vihar,K Block Sarita Vihar,Slightly match
56,Sarita Vihar,Sarita Vihar xing,Match
57,Lady Shri Ram College,Sarita Vihar,Not matched
58,Central School (KV),Madanpur Xing,Not matched
59,Ali Village,Haldiram,Match at 60 in new_data list
60,Onida Factory,Ali Village,Match at 61 in new_data list
61,Central School,Onida Factory,Not matched
62,Badarpur Village,Power House Badarpur,Not matched
63,Jaitpur Crossing,Badarpur,Not matched
64,South Extension,Jaitpur Xing,Not matched
65,,Badarpur Border,
