,OLD_STOPS,NEW_STOPS,OUTPUT
1,New Delhi Railway Station Gate 2,New Delhi Railway Station Gate No.2,Match
2,Shivaji Park,Shivaji Park,Match
3,Super Bazar,Super Bazar,Match
4,Statesman House,Statsman House,Match
5,Barakhamba Metro Station,Barakhamba Road Metro Station,Match
6,Modern School,Modern School ,Match
7,Mandi House,Mandi House,Match
8,Tilak Bridge,Tilak Bridge,Match
9,Supreme Court,Supreme Court,Match
10,Pragati Maidan Gate 5,Pragati Maidan,Slightly match
11,ITPO Office,ITPO Office,Match
12,National Stadium,National Stadium,Match
13,Zoo,Zoo,Match
14,Sunder Nagar,Sunder Nagar,Match
15,Sunder Nagar,Sunder Nagar Market,Slightly match
16,Delhi Public School,D.P.School,Slightly match
17,Amir Khusro Park / Oberoi Hotel,Amir Shusaro Park,Not matched
18,CGO Complex,CGO Complex,Match
19,Pant Nagar,Pant Nagar,Match
20,Defence Colony (Homyopathic College),Defence Colony P.P,Slightly match
21,MCKR Hospital,Mool Chand Hospital,Not matched
22,Central School (MCKR),Central School,Match
23,Lady Shri Ram College,L.S.R. Collage,Not matched
24,Kailash Colony,Kailash Colony,Match
25,Sant Nagar,Sant Nagar,Match
26,Nehru Place,Nehru Place,Match
27,Nehru Place Apartments,Nehru Appartments,Slightly match
28,South Park Appartments CR Park,South Park Apartment,Slightly match
29,Desh Bandhu Gupta College,DB College Kalkaji,Not matched
30,Desh Bandhu Apartments,Desh Bandhu Apartment,Match
31,C R Park Market II,C R Park Market-2,Match
32,C R Park Market 1,C R Park,Slightly match
33,C R Park Market 1,C R Park B-Block,Not matched
34,gr-kailash part-2,Gr-Kailash Part-2,Match
35,Don Bosco School,DON Basco School,Match
36,Alaknanda Apartment,Alakhnanda Appartments,Match
37,Tara Apartment,Tara Apartment,Match
38,DDA Flats Kalka Ji,DDA Flat Kalkaji Alakhnanda,Slightly match
