,OLD_STOPS,NEW_STOPS,OUTPUT
1,Madipur JJ Colony Metro Station,Madipur JJ Colony,Slightly match
2,Madipur Village,Madipur Village,Match
3,SPM College,SPM College,Match
4,Bakhtawar Pur School,Shivaji Park,Not matched
5,Agarsen Hospital,Maharaja Aggrasen Hospital,Slightly match
6,Punjabi Bagh East,Punjabi Bagh,Match
7,Punjabi Bagh Club,Punjabi Bagh Club,Match
8,ESI Hospital,ESI Hospital,Match
9,Rajdhani College / Raja Garden,Rajdhani College (Raja Garden),Match
10,Rajouri Garden,Rajouri Garden Ring Road,Slightly match
11,Mahipal Pur Crossing,Maya Puri Depot,Not matched
12,Ludlow Castle,Nariana Vihar,Not matched
13,Subhash Nagar Crossing / Mukherji Park,Naraina Village,Not matched
14,Rangpuri,COD Ring Road,Not matched
15,Sant Pura Tilak Nagar,Brar Square,Not matched
16,Garrison Engg.,Garrision Eng.,Match
17,RR Line,R. R. Line,Match
18,Dhaula Kuan (Ring Road),Dhaula Kuan,Slightly match
19,Satya Niketan,Satya Niketan,Match
20,Satya Niketan / Gurudwara Moti Bagh,Nanak Pura Gurudwara,Slightly match
21,South Moti Bagh,Moti Bagh,Slightly match
22,RK Puram Sec-12,R.K. Puram Sec-12,Match
23,Satya Niketan,Sangam Cinema,Match at 19 in new_data list
24,R K P S V S 7,R.K. Puram Sec-7 (Som Vihar),Slightly match
25,RK Puram Sec-10,R.K. Puram Sec-10,Match
26,Mohan Singh Market,Mohan Singh Market,Match
27,R K Puram Sec-1,R.K. Puram Sec-1,Match
28,R K Puram Nab,R.K. Puram Sector-4,Not matched
29,Munirka Village (T),Munirka Village,Match
30,Munirka DDA Flats,Munirka DDA Flat,Match
31,ISTM,ISTM,Match
32,IIT Hostel,IIT Hostel,Match
33,Jia Sarai,Jiya Sarai,Match
34,IIT Gate,IIT Gate,Match
35,Panchsheel Club / Sarvpriya Vihar,Sarvpriya Vihar,Slightly match
36,Sadhna Enclave,Sadhna Enclave,Match
37,Swami Nagar,Swami Nagar,Match
38,Chirag Delhi,Chirag Delhi,Match
39,Sheikh Sarai Phase II,Seikh Sarai Ph-II,Slightly match
40,Pushpa Bhawan,Pushpa Bhawan,Match
41,Pushp Vihar,Pushp Vihar,Match
42,C-1 Janak Puri,Ambedkar Nagar Terminal,Not matched
