,OLD_STOPS,NEW_STOPS,OUTPUT
1,Hamdard Nagar / Sangam Vihar,Hamdard Nagar,Slightly match
2,Batra Hospital (Satya Narayan Mandir),Batra Hospital,Slightly match
3,Vayu Senabad,Vayusena Bad,Match
4,Devoli Road X,Devoli Road Crossing ,Slightly match
5,Ambedkar N D,Ambedkar Nagar Depot,Slightly match
6,C-1 Janak Puri,Ambedkar Nagar Terminal,Not matched
7,Pushp Vihar,Pushp Vihar,Match
8,Pushpa Bhawan,Pushpa Bhawan,Match
9,Sheikh Sarai Phase 2,Seikh Sarai Ph-II,Slightly match
10,Vocational College,Vocational College,Match
11,PSRI,PSRI Hospital,Not matched
12,Khirki Village,Khirki Village,Match
13,Hauz Rani,Hauz Rani,Match
14,HaujRani / MaxHospital,Max Hospital (Hauz Rani),Not matched
15,Press Enclave,Press Enclave,Match
16,Saket A block(Malviya Nagar Metro Station),Saket A Block (Malviya Nagar Metro Station),Match
17,PNB Geetanjali,PNB Geetanjali,Match
18,Geetanjali Enclave,Geetanjali Enclave,Match
19,Aurobindo College,Aurbindo college,Match
20,Malviya Nagar,Malviya Nagar,Match
21,Begumpur (Malviya Nagar),Begam Pur,Not matched
22,Bhavishya Nidhi Enclave,Bhavishya Nidhi Enclave,Match
23,Panchsheel Club (Sarv Priya Vihar),Sarvpriya Vihar (Punchsheel Club),Not matched
24,IIT Gate,IIT Gate,Match
25,Jia Sarai,Jiya Sarai,Match
26,IIT Hostel,IIT Hostel,Match
27,ISTM,ISTM,Match
28,Munirka DDA Flats,Munirka DDA Flat,Match
29,Munirka Village (T),Munirka Village,Match
30,R K Puram Nab,R.K. Puram Sector-4,Not matched
31,RK Puram Sec-1,R.K. Puram Sec-1,Match
32,Mohan Singh Market,Mohan Singh Market,Match
33,R K Puram Sec-1,R.K. Puram Sec-10,Match
34,R K Puram Sec 9,R.K. Puram Sec-7(Som Vihar),Slightly match
35,Satya Niketan,Sangam Cinema,Match at 39 in new_data list
36,RK Puram Sec-12,R.K. Puram Sec-12,Match
37,Moti Bagh Gurudawara Nanakpura,Moti Bagh,Not matched
38,Gurudwara N P,Nanak Pura Gurudwara,Slightly match
39,Satya Niketan,Satya Niketan,Match
40,ARSD College (Dhaula Kuan),Dhaula Kuan,Slightly match
41,RR Line,R. R. Line,Match
42,Garrison Engg.,Garrision Eng.,Match
43,Sant Pura Tilak Nagar,Brar Square,Not matched
44,Rangpuri,COD Ring Road,Not matched
45,Subhash Nagar Crossing / Mukherji Park,Naraina Village,Not matched
46,Ludlow Castle,Nariana Vihar,Not matched
47,Mahipal Pur Crossing,Maya Puri Depot,Not matched
48,Rajouri Garden Market,Rajouri Garden Ring Road,Not matched
49,Rajdhani College / Raja Garden,Rajdhani College Raja Garden,Match
50,ESI Hospital,ESI Hospital,Match
51,Punjabi Bagh Club,Punjabi Bagh Club,Match
52,Punjabi Bagh Terminal (Rohtak Road),Punjabi Bagh Terminal,Slightly match
