,OLD_STOPS,NEW_STOPS,OUTPUT
1,Punjabi Bagh Terminal,Punjabi Bagh Terminal,Match
2,Punjabi Bagh Club,Punjabi Bagh Club,Match
3,ESI Hospital,ESI Hospital,Match
4,Rajdhani College / Raja Garden,Rajdhani College Raja Garden,Match
5,Rajouri Garden,Rajouri Garden Ring Road,Slightly match
6,Mahipal Pur Crossing,Maya Puri Depot,Not matched
7,Ludlow Castle,Nariana Vihar,Not matched
8,Subhash Nagar Crossing / Mukherji Park,Naraina Village,Not matched
9,Rangpuri,COD Ring Road,Not matched
10,Sant Pura Tilak Nagar,Brar Square,Not matched
11,Garrison Engg.,Garrision Eng.,Match
12,RR Line,R. R. Line,Match
13,Dhaula Kuan (Ring Road),Dhaula Kuan,Slightly match
14,Satya Niketan,Satya Niketan,Match
15,Satya Niketan / Gurudwara Moti Bagh,Nanak Pura Gurudwara,Slightly match
16,South Moti Bagh,Moti Bagh,Slightly match
17,RK Puram Sec-12,R.K. Puram Sec-12,Match
18,Satya Niketan,Sangam Cinema,Match at 14 in new_data list
19,R K P S V S 7,R.K. Puram Sec-7(Som Vihar),Slightly match
20,RK Puram Sec-10,R.K. Puram Sec-10,Match
21,Mohan Singh Market,Mohan Singh Market,Match
22,R K Puram Sec-1,R.K. Puram Sec-1,Match
23,R K Puram Nab,R.K. Puram Sector-4,Not matched
24,Munirka Village (T),Munirka Village,Match
25,Munirka DDA Flats,Munirka DDA Flat,Match
26,ISTM,ISTM,Match
27,IIT Hostel,IIT Hostel,Match
28,Jia Sarai,Jiya Sarai,Match
29,IIT Gate,IIT Gate,Match
30,Panchsheel Club / Sarvpriya Vihar,Sarvpriya Vihar,Slightly match
31,Bhavishya Nidhi Enclave,Bhavishya Nidhi Enclave,Match
32,Begumpur (Malviya Nagar),Begam Pur,Not matched
33,Malviya Nagar,Malviya Nagar,Match
34,Aurobindo College,Aurbindo college,Match
35,PNB Geetanjali,Geetanjali Enclave,Not matched
36,PNB Geetanjali,PNB Geetanjali,Match
37,Saket A Block (Malviya Nagar Metro Station),Saket A Block (Malviya Nagar Metro Station),Match
38,Press Enclave,Press Enclave,Match
39,HaujRani / MaxHospital,Max Hospital (Hauz Rani),Not matched
40,Hauj Rani,Hauz Rani,Slightly match
41,Khirki Village,Khirki Village,Match
42,PSRI,PSRI Hospital,Not matched
43,Vocational College,Vocational College,Match
44,Sheikh Sarai Ph-II,Seikh Sarai Ph-II,Match
45,Pushpa Bhawan,Pushpa Bhawan,Match
46,Pushp Vihar,Pushp Vihar,Match
47,C-1 Janak Puri,Ambedkar Nagar Terminal,Not matched
48,Ambedkar Nagar Depot,Ambedkar Nagar Depot,Match
49,Devoli Road X,Devoli Road Crossing ,Slightly match
50,Vayu Senabad,Vayusena Bad,Match
51,Batra Hospital / Satya Narayan Mandir,Batra Hospital,Slightly match
52,Hamdard Nagar / Sangam Vihar,Hamdard Nagar,Slightly match
