,OLD_STOPS,NEW_STOPS
1,,Meetha Pur chowk
2,,Arpan Vihar More
3,,NTPC ECO PARK
4,,Indian Gas Plant
5,,Madanpur Khadar JJ Colony More
6,,Kalindi Kunj Metro Station
7,,Kalindi Kunj
8,,Sahin bagh
9,,Jasola Vihar
10,,K Block Sarita Vihar
11,,Sarta vihar Xing
12,,Apollo Hospital
13,,Harkesh Nagar
14,,Okhla Tank
15,,CRRI
16,,Sukhdev vihar depot
17,,Kalkaji Mode
18,,Modi mill
19,,Okhla sabzi mandi
20,,SNPD
21,,C Block East of kailash
22,,B block East of kailash
23,,Garhi Village
24,,Lajpat nagar crossing
25,,Lajpat nagar 
26,,Gupata market
27,,Mool chand hospital
28,,Defence colony p.p
29,,Pant nagar
30,,Amir khusaro park
31,,Goluf club
32,,Kaka nagar
33,,Jaipur house
34,,National art gallery
35,,National stadium
36,,Baroda house
37,,Bhartiya vidhya Bhawan
38,,Max Muller bhawan
39,,Scindia house
40,,Super Bazar
41,,Shivaji Park
42,,Vivekanand Marg
43,,N.D rly Station Gate no -2
