,OLD_STOPS,NEW_STOPS,OUTPUT
1,Minto Road Terminal,Minto Road Terminal,Match
2,Shivaji Park,Shivaji Park,Match
3,Super Bazar,Super Bazar Con Place,Slightly match
4,Palika Kendra,Palika Kendra,Match
5,P S Parliament / Jantar Mantar,P.S. Parliament,Slightly match
6,Aakashwani Bhawan,Akashwani Bhawan,Match
7,Krishi Bhawan / Rail Bhawan Metro Station,Krishi Bhawan,Not matched
8,Udyog Bhawan,Udhyog Bhawan,Match
9,Sunehri Masjid/ G Block,G Block,Not matched
10,Krishan Menon Marg,Krishna Menon Marg,Match
11,PS Tuglak Road,P.S.Tughlak Road,Match
12,Tughlaq Crescent,Tuglak Crescent,Slightly match
13,SJ Madrasa,SJ Madarsa,Slightly match
14,SJ Airport,SJ Airport,Match
15,INA Colony,INA Market,Not matched
16,Kidwai Nagar,Kidwai Nagar,Match
17,AIIMS Ring Road,AIIMS,Not matched
18,South Extension,South Extension 2,Match
19,South Extn Kotla Petrol Pump,South Ext Kotla Petrol Pump,Match
20,Andrews Ganj,Andrews Ganj,Match
21,Gupta Market,Gupta Colony,Not matched
22,Lajpat Nagar 2 Ring Road,Lajpat Nagar,Slightly match
23,PG DAV College / Sri Niwaspuri,PGDAV College,Slightly match
24,Nehru Nagar,Nehru Nagar,Match
25,Ashram Chowk,Ashram,Slightly match
26,Mata Mandir New Friends Colony,New Friends Colony,Slightly match
27,Ishwar Nagar,Ishwar Nagar,Match
28,Kalkaji Mode,Kalkaji Mode,Match
29,Sukhdev Vihar Depot,Sukhdev Vihar Depot,Match
30,CRRI,CRRI,Match
31,Okhla Tank,Okhla Tank,Match
32,Harkesh Nagar,Harkesh Nagar,Match
33,Apollo Hospital,Apollo Hospital,Match
34,Sarita Vihar,Sarita Vihar,Match
35,Madanpur Khadar Crossing,Madanpur X-ing,Slightly match
36,Haldiram,Haldiram,Match
37,Ali Village,Ali Village,Match
38,Onida Factory,Onida Factory,Match
39,Power House,Power House Badarpur,Slightly match
40,Power House,Badarpur,Not matched
41,Jaitpur Mor,Jaitpur X-ing,Not matched
42,Badarpur Village,Badarpur Border,Not matched
