,OLD_STOPS,NEW_STOPS,OUTPUT
1,Mehrauli Terminal,MEHRAULI                                                         ,Slightly match
2,Qutub Minar,QUTAB MINAR                                                         ,Match
3,Lado Sarai Crossing,LADO SARAI X                                                         ,Slightly match
4,Dhaula Peer / Lado Sarai,LADO SARAI                                                         ,Slightly match
5,Dhola Peer,DHOLA PEER                                                         ,Match
6,Said ul zeb Village,SAIS UL ZEB V                                                         ,Not matched
7,Maidan Garhi Crossing (SDM Court),MAIDEN GARHI X                                                         ,Slightly match
8,Saket Crossing,SAKET XING                                                         ,Not matched
9,Asian Market,ASIAN MARKET                                                         ,Match
10,DIPSAR College of Pharmacy,DIPSAR                                                         ,Not matched
11,Ambedkar Nagar Terminal,AMBEDKAR NAGAR TERMINAL                                                         ,Match
12,Ambedkar Nagar Depot,AMBEDKAR N D                                                         ,Slightly match
13,Khanpur Extension / Devli Xing,DEVOLI ROAD X                                                         ,Not matched
14,Vayusena Bad,VAYU SENABAD                                                         ,Slightly match
15,Batra Hospital / Satya Narayan Mandir,BATRA HOSPITAL                                                         ,Slightly match
16,Hamdard Nagar / Sangam Vihar,HAMDARD NAGAR                                                         ,Slightly match
17,Majeedia Hospital,MAJIDIA HOSPTL                                                         ,Slightly match
18,Guru Rabidas M,GURU RABIDAS M                                                         ,Match
19,Tara Apartment,TARA APARTMENT                                                         ,Match
20,DDA Flats Kalka Ji,DDA FLATS KALKAJI                                                         ,Match
21,DDA Market Kalkaji,DDA MARKET KALKAJI                                                         ,Match
22,Govindpuri Extn Gali No. 16,GOVINDPURI EXT                                                         ,Slightly match
23,Govindpuri Extn Gali No. 16,GOVINDPURI NO 3                                                         ,Slightly match
24,Kalkaji Depot,KALKA JI DEPOT                                                         ,Match
25,Punj Sons,PUNJ SONS                                                         ,Match
26,Kalkaji Mandir (MaaAnandmayeeMarg),KALKAJI MANDIR                                                         ,Slightly match
27,NSIC,NSIC HOSTEL                                                         ,Slightly match
28,Laghu Udyog Sansthan(ModiMill),MODI MILLS                                                         ,Not matched
29,jhulena village,JULENA VILLAGE                                                         ,Match
30,Holy Family Hospital,HOLY FAMILY H                                                         ,Slightly match
31,Jamiya Millia College,JAMIA MILIA C                                                         ,Not matched
32,Ansari Health Care,ANSARI STADIUM                                                         ,Not matched
33,Batla House,BATLA HOUSE                                                         ,Match
34,Okhla Village,OKHLA VILLAGE                                                         ,Match
35,New Basti Bankner,NEW BASTI                                                         ,Slightly match
36,Unani Research Center,UNANI R CENTER                                                         ,Slightly match
37,Noor Masjid,NOOR MASJID                                                         ,Match
38,Shahin Bagh,SHAHIN BAGH                                                         ,Match
39,Okhla Extn Abdul Fazal Encl.,OKHLA EXT A FE                                                         ,Slightly match
