,OLD_STOPS,NEW_STOPS,OUTPUT
1,Okhla Extension (Abul Fazl Encalve),OKHLA EXT A FE                                                         ,Slightly match
2,Shaheen Bagh Thokar No. 8 (AF Enclave),SHAHIN BAGH                                                         ,Not matched
3,Noor Masjid,NOOR MASJID                                                         ,Match
4,Unani Research Center,UNANI R CENTER                                                         ,Slightly match
5,New Basti Bankner,NEW BASTI                                                         ,Slightly match
6,Okhla Village (Temporary),OKHLA VILLAGE                                                         ,Slightly match
7,Batla House,BATLA HOUSE                                                         ,Match
8,Ansari Health Care,ANSARI STADIUM                                                         ,Not matched
9,Jamiya Millia College,JAMIA MILIA C                                                         ,Not matched
10,Holy Family Hospital,HOLY FAMILY H                                                         ,Slightly match
11,jhulena village,JULENA VILLAGE                                                         ,Match
12,Modi Floor Mills,MODI MILLS                                                         ,Slightly match
13,NSIC,NSIC HOSTEL                                                         ,Slightly match
14,Kalkaji Mandir (MaaAnandmayeeMarg),KALKAJI MANDIR                                                         ,Slightly match
15,Punj Sons,PUNJ SONS                                                         ,Match
16,Kalkaji Depot,KALKA JI DEPOT                                                         ,Match
17,Govindpuri No.3,GOVINDPURI NO 3                                                         ,Match
18,Govindpuri Extn Gali No. 16,GOVINDPURI EXT                                                         ,Slightly match
19,DDA Market Kalkaji,DDA MARKET KALKAJI                                                         ,Match
20,DDA Flats KalkaJi,DDA FLATS KALKAJI                                                         ,Match
21,Tara Apartment,TARA APARTMENT                                                         ,Match
22,Guru Ravi Das Ashram / Tughlaqabad Extension,GURU RABIDAS M                                                         ,Not matched
23,Majeedia Hospital,MAJIDIA HOSPTL                                                         ,Slightly match
24,Hamdard Nagar / Sangam Vihar,HAMDARD NAGAR                                                         ,Slightly match
25,Batra Hospital (Satya Narayan Mandir),BATRA HOSPITAL                                                         ,Slightly match
26,Vayu Senabad,VAYU SENABAD                                                         ,Match
27,Devoli Road X,DEVOLI ROAD X                                                         ,Match
28,Ambedkar Nagar Depot,AMBEDKAR N D                                                         ,Slightly match
29,Ambedkar Nagar Terminal,AMBEDKAR NAGAR TERMINAL                                                         ,Match
30,Ambedkar Nagar Terminal / DIPSAR,DIPSAR                                                         ,Not matched
31,Asian Market,ASIAN MARKET                                                         ,Match
32,Saket Crossing,SAKET XING                                                         ,Not matched
33,Maidan Garhi Xing,MAIDEN GARHI X                                                         ,Slightly match
34,Saidul-A-Jab,SAIS UL ZEB V                                                         ,Not matched
35,Dhaula Peer,DHOLA PEER                                                         ,Slightly match
36,Lado Sarai Crossing (Aurobindo Marg),LADO SARAI                                                         ,Not matched
37,Lado Sarai Crossing (Aurobindo Marg),LADO SARAI X                                                         ,Not matched
38,Qutab Minar,QUTAB MINAR                                                         ,Match
39,Mehrauli,MEHRAULI                                                         ,Match
