,OLD_STOPS,NEW_STOPS
1,,Safdarjung Terminal
2,,Laxmi Bai Nagar
3,,Pilanji Village
4,,Sarojini Nagar Market
5,,M Block Sarojini Nagar
6,,I-Block Sarojini Nagar
7,,Sarojini Nagar Police Station
8,,AB Block
9,,S J Hospital
10,,Yusuf Sarai
11,,Green Park
12,,Hauz Khas
13,,Padhmini Enclave
14,,IIT Gate
15,,Sarvpriya Vihar
16,,Sadhna Enclave
17,,North Point (Nursing Home)
18,,Swami Nagar
19,,Chirag Delhi
20,,Masjid Moth
21,,Savitri Cinema
22,,OS Communications
23,,Pumposh Enclave
24,,Nehru Place Terminal
25,,Kalkaji Mandir
26,,NSIC Hostel
27,,Modi Floor Mills
28,,Sukhdev Vihar Depot
29,,CRRI
30,,Okhla Tank
31,,Harkesh Nagar
32,,Sarita Vihar 
33,,Madan Pur Xing
34,,Aali Village Xing
35,,NTPC Power House
36,,Badar Pur
37,,Jaitpur Xing
38,,Power House Gate No. 3
39,,Mithapur Chowk
