,OLD_STOPS,NEW_STOPS,OUTPUT
1,Ambedkar Nagar Terminal,Ambedkar Nagar Terminal,Match
2,Ambedkar Nagar Depot,Ambedkar Nagar Depot,Match
3,Khanpur Extension / Devli Xing,Devoli Road Crossing ,Not matched
4,Vayusena Bad,Vayusena Bad,Match
5,Batra Hospital / Satya Narayan Mandir,Batra Hosp,Not matched
6,Hamdard Nagar / Sangam Vihar,Hamdard Nagar,Slightly match
7,Majeedia Hospital,Majidia Hospital,Match
8,Guru Rabidas M,Guru Ravidass Marg,Slightly match
9,Tara Apartment,Tara Appartment,Match
10,DDA Flats Kalka Ji,KalkaJi DDA Flats,Slightly match
11,DDA Market Kalkaji,DDA Market KalkaJi,Match
12,Govindpuri Extn Gali No. 16,Govindpuri Ext ,Slightly match
13,Govindpuri Extn Gali No. 16,Govindpuri No.3,Slightly match
14,Kalkaji Depot,Kalkaji Depot,Match
15,Punj Sons,Punj Sons,Match
16,Kalkaji Mandir (MaaAnandmayeeMarg),Kalkaji Mandir,Slightly match
17,NSIC,NSIC Hostel,Slightly match
18,Laghu Udyog Sansthan(ModiMill),Modi Mills,Not matched
19,SNPD,SNPD,Match
20,East of Kailash C-Block,C Block East of Kailash,Match
21,East of Kailash B-Block,East Of Kailash B Block,Match
22,Garhi Gaon,Garhi Village,Not matched
23,Lajpat Nagar Crossing,Lajpat Nagar Xing,Slightly match
24,PG DAV College / Sri Niwaspuri,Shri Niwas Puri,Slightly match
25,Nehru Nagar,Nehru Nagar,Match
26,Maharani Bagh / Ashram,Maharani Bagh,Slightly match
27,Bala Sahib Gurudwara,Bala Sahib Gurudwara,Match
28,Sarai Kale Khan ISBT,Sarai Kale Khan ISBT,Match
29,Nizamuddin Road Bridge / CPWD Office,Road Bridge East,Slightly match
30,Cpwd Office,CPWD Office,Match
31,Pusta Crossing,Pusta Crossing,Match
32,Samas Pur Jagir Village,Samas Pur Jagir,Slightly match
33,Mother Dairy,Mother Dairy,Match
34,Ganesh Nagar,Ganesh Nagar,Match
35,Shakar Pur School Block,Shakkar pur School Block,Match
36,Laxmi Nagar Xing,Laxmi Nagar Xing,Match
37,TT Post under Pass,TT Post Under Pass ,Match
38,Shakarpur,Laxmi Nagar,Match at 39 in new_data list
39,Laxmi Nagar / Shakarpur Crossing,Shakarpur,Not matched
40,Shakarpur Crossing,Shakarpur Xing,Slightly match
41,Nirman Vihar Metro Station,Nirman Vihar,Slightly match
42,Sawarthya Vihar,Swashthya Vihar,Slightly match
43,New Rajdhani Enclave,New Rajdhani Enclave,Match
44,KarKarDooma Crossing,Karkardooma Crossing,Match
45,Hassanpur Depot,Hasan Pur Depot,Match
46,Hassanpur Village,Hasan Pur Village,Match
47,Gazipur Depot,Gazipur Depot,Match
48,ISBT Anand Vihar,ISBT Anand Vihar,Match
