,OLD_STOPS,NEW_STOPS,OUTPUT
1,Anand Vihar ISBT Terminal,Anand Vihar (ISBT),Match
2,Ram Prastha Crossing,Ram Prastha Crossing,Match
3,Ram Prastha Temple,Ram Prastha,Slightly match
4,Vivekanand Mahila College,Vivekanand College,Match
5,ESI Hospital,ESI Hospital,Match
6,PS Vivek Vihar,Vivek Vihar Police Station,Slightly match
7,Satyam Enclave / Jhilmil DDA Flats,Jhil Mil DDA Flats,Slightly match
8,Suraj Mal Park,Suraj Mal Park,Match
9,Suraj Mal Vihar,Suraj Mal Vihar Block-A,Slightly match
10,KarKarDooma Court,Karkardooma Court,Match
11,JagatpuriA Block,Jagat Puri A Block,Match
12,Jagatpuri F-Block,Jagat Puri F Block,Match
13,Gagan Vihar,Gagan Vihar,Match
14,Karkardooma Xing,Karkardooma Crossing,Slightly match
15,New Rajdhani Enclave,New Rajdhani Enclave,Match
16,Preet Vihar,Swashthya Vihar,Not matched
17,Nirman Vihar,Nirman Vihar,Match
18,Shakarpur Crossing,Shakarpur Xing,Slightly match
19,Shakarpur,Shakarpur,Match
20,Laxmi Nagar,Laxmi Nagar,Match
21,Laxmi Nagar Metro Station,Laxmi Nagar Xing,Slightly match
22,Shakkar Pur,Shakkar pur School Block,Slightly match
23,Ganesh Nagar,Ganesh Nagar,Match
24,Mother Dairy,Mother Dairy,Match
25,Samas Pur Jagir,Samas Pur Jagir,Match
26,Pusta Crossing / Akhardham Temple,Pusta Crossing,Slightly match
27,CWG Village / PWD Office,CPWD Office,Slightly match
28,Nizamuddin Road Bridge,Road Bridge East,Not matched
29,ISBT Sarai Kale Khan,Sarai Kale Khan ISBT,Match
30,Bala Sahib Gurudwara,Bala Sahib Gurudwara,Match
31,Maharani Bagh / Ashram,Maharani Bagh,Slightly match
32,Ashram Chowk,Ashram,Slightly match
33,Mata Mandir New Friends Colony,New Friends Colony,Slightly match
34,Ishwar Nagar,Ishwar Nagar,Match
35,Kalkaji Mode,Kalkaji Mode,Match
36,Sukhdev Vihar Depot,Sukhdev Vihar Depot,Match
37,CRRI,CRRI,Match
38,Okhla Tank,Okhla Tank,Match
39,Harkesh Nagar,Harkesh Nagar,Match
40,Apollo Hospital,Apollo Hospital,Match
41,Sarita Vihar,Sarita Vihar,Match
42,Madanpur Khadar Crossing,Madanpur Xing,Not matched
43,Haldiram,Haldiram,Match
44,Ali Village,Ali Village,Match
45,Onida Factory,Onida Factory,Match
46,Power House,Power House Badarpur,Slightly match
47,Pitampura Power House,Badarpur,Not matched
48,Badarpur M B Road / Rajiv Gandhi Stadium,Badarpur M.B. road,Slightly match
49,Prehlad Pur,Prahladpur,Slightly match
50,Surajkund Crossing,Suraj kund Xing,Not matched
51,Lal Kuan,Lal Kuan,Match
52,Prem Nagar,Prem Nagar,Match
53,Okhla More,Okhla More,Match
54,Kaya Maya Hospital,Kaya Maya Hospital,Match
55,Tughalqabad Village,Tuglaka Bad Villlage,Slightly match
56,Tuglakabad F,Tuglkabad Fort,Slightly match
57,Air Force Station,Air Force Station,Match
58,Hamdard Nagar / Sangam Vihar,Hamdard Nagar,Slightly match
