,OLD_STOPS,NEW_STOPS
1,,Wazir Pur Depot
2,,Telephone Exchange
3,,Bartania Factory
4,,Shakur Pur Shiv Mandir
5,,Punjabi Bagh
6,,Punjabi Bagh Club-U01261
7,,ESI Hospital-U01233
8,,Rajdhani College Raja Garden-DC1448
9,,Rajouri Garden Ring Road-U01211
10,,Maya Puri Depot-U01257
11,,Nariana Vihar-U01292
12,,Naraina Village-U01325
13,,COD Ring Road-DC1454
14,,Brar Square-U01373
15,,Garrision Eng.-U99942
16,,R. R. Line-U99860
17,,Dhaula Kuan-U01625
18,,Satya Niketan
19,,Moti Bagh-U01778
20,,Aradhna Enclave
21,,R K Puram Sec-12
22,,Hyatt Hotel-U01990
23,,Narouji Nagar-U02128
24,,S J Hospital-U02304
25,,AIIMS-U02473
26,,South Extension 2-U02556
27,,South Ext Kotla Petrol Pump-U02600
28,,Andrews Ganj-U02788
29,,Gupta Colony
30,,Lajpat Nagar-DC1302
31,,Shri Niwas Puri
32,,Nehru Nagar-U03074
33,,Ashram-U03122
34,,New Friends Colony-U03188
35,,Ishwar Nagar-U03205
36,,Kalkaji Mode-U03237
37,,Sukhdev Vihar Depot-U03251
38,,CRRI-U03274
39,,Okhla Tank-U03290
40,,Harkesh Nagar-DC1283
41,,Apollo Hospital-U03352
42,,Sarita Vihar-U03399
43,,Madanpur X-ing-U03425
44,,Haldiram-DC1285
45,,Ali Village-DC2348
46,,Onida Factory-U03504
47,,Power House Badarpur-U03513
48,,Badarpur-U03527
49,,Jaitpur X-ing-DC1290
50,,Badarpur Border-U03556
