,OLD_STOPS,NEW_STOPS
1,,Badarpur Border-U03556
2,,Jaitpur X-ing-DC1290
3,,Badarpur-U03527
4,,Power House Badarpur-U03513
5,,Onida Factory-U03504
6,,Ali Village-DC2348
7,,Haldiram-DC1285
8,,Madanpur X-ing-U03425
9,,Sarita Vihar-U03399
10,,Apollo Hospital-U03352
11,,Harkesh Nagar-DC1283
12,,Okhla Tank-U03290
13,,CRRI-U03274
14,,Sukhdev Vihar Depot-U03251
15,,Kalkaji Mode-U03237
16,,Ishwar Nagar-U03205
17,,New Friends Colony-U03188
18,,Ashram-U03122
19,,Nehru Nagar-U03074
20,,Shri Niwas Puri
21,,Lajpat Nagar-DC1302
22,,Gupta Colony
23,,Andrews Ganj-U02788
24,,South Ext Kotla Petrol Pump-U02600
25,,South Extension 2-U02556
26,,AIIMS-U02473
27,,S J Hospital-U02304
28,,Narouji Nagar-U02128
29,,Hyatt Hotel-U01990
30,,R K Puram Sec-12
31,,Aradhna Enclave
32,,Moti Bagh-U01778
33,,Satya Niketan
34,,Dhaula Kuan-U01625
35,,R. R. Line-U99860
36,,Garrision Eng.-U99942
37,,Brar Square-U01373
38,,COD Ring Road-DC1454
39,,Naraina Village-U01325
40,,Nariana Vihar-U01292
41,,Maya Puri Depot-U01257
42,,Rajouri Garden Ring Road-U01211
43,,Rajdhani College Raja Garden-DC1448
44,,ESI Hospital-U01233
45,,Punjabi Bagh Club-U01261
46,,Punjabi Bagh
47,,Shakur Pur Shiv Mandir
48,,Bartania Factory
49,,Telephone Exchange
50,,Wazir Pur Depot
