,OLD_STOPS,NEW_STOPS,OUTPUT
1,Badarpur Border,Badarpur Border,Match
2,Jaitpur Crossing,Jaitpur Xing,Not matched
3,Badarpur Village,Badarpur,Slightly match
4,Power House,Power House Badarpur,Slightly match
5,Onida Factory,Onida Factory,Match
6,Ali Village,Ali Village,Match
7,Central School (KV),Haldiram,Not matched
8,Madanpur Khadar Crossing,Madanpur Xing,Not matched
9,Sarita Vihar,Sarita Vihar,Match
10,Apollo Hospital,Apollo Hospital,Match
11,Harkesh Nagar,Harkesh Nagar,Match
12,Okhla Tank,Okhla Tank,Match
13,CRRI,CRRI,Match
14,Sukhdev Vihar Depot,Sukhdev Vihar Depot,Match
15,Dichau Kalan Depot,Kalkaji Mode,Not matched
16,Ishwar Nagar,Ishwar Nagar,Match
17,New Friends Colony,New Friends Colony,Match
18,Ashram Chowk,Ashram,Slightly match
19,Nehru Nagar,Nehru Nagar,Match
20,Sri Niwaspuri / PG DAV College Lajpat Nagar,Shri Niwas Puri,Not matched
21,Vanasthali Public School,Lajpat Nagar,Not matched
22,Gupta Market,Gupta Colony,Not matched
23,Andrews Ganj,Andrews Ganj,Match
24,South Extn Kotla Petrol Pump,South Ext Kotla Petrol Pump,Match
25,South Extension - 1,South Extension 2,Slightly match
26,Sec A 5 and 8 Narela Desu Colony,AIIMS,Not matched
27,SJ Hospital,S J Hospital,Match
28,Nauroji Nagar,Narouji Nagar,Match
29,Hyatt Hotel (GAIL),Hyatt Hotel,Slightly match
30,RK Puram Sec-12,R K Puram Sec-12,Match
31,South Moti Bagh,Aradhna Enclave,Not matched
32,Moti Bagh Gurudawara Nanakpura,Moti Bagh,Not matched
33,Satya Niketan,Satya Niketan,Match
34,Dhaula Kuan,Dhaula Kuan,Match
35,RR Line,R. R. Line,Match
36,Garrison Engg.,Garrision Eng.,Match
37,Sant Pura Tilak Nagar,Brar Square,Not matched
38,Rangpuri,COD Ring Road,Not matched
39,Subhash Nagar Crossing / Mukherji Park,Naraina Village,Not matched
40,Ludlow Castle,Nariana Vihar,Not matched
41,Mahipal Pur Crossing,Maya Puri Depot,Not matched
42,Rajouri Garden Market,Rajouri Garden Ring Road,Not matched
43,Rajdhani College / Raja Garden,Rajdhani College Raja Garden,Match
44,ESI Hospital,ESI Hospital,Match
45,Punjabi Bagh Club,Punjabi Bagh Club,Match
46,Punjabi Bagh Terminal,Punjabi Bagh,Slightly match
