,OLD_STOPS,NEW_STOPS,OUTPUT
1,Punjabi Bagh Terminal,Wazirpur Depot,Not matched
2,Punjabi Bagh Club,Telephone Exchange,Match at 6 in new_data list
3,ESI Hospital,Britania,Match at 7 in new_data list
4,Rajdhani College / Raja Garden,Shakur Pur Shiv Mandir,Not matched
5,Rajouri Garden,Punjabi Bagh,Not matched
6,Mahipal Pur Crossing,Punjabi Bagh Club,Not matched
7,Ludlow Castle,ESI Hospital,Not matched
8,Subhash Nagar Crossing / Mukherji Park,Rajdhani College Raja Garden,Not matched
9,Rangpuri,Rajouri Garden Ring Road,Not matched
10,Sant Pura Tilak Nagar,Maya Puri Depot,Not matched
11,Garrison Engg.,Nariana Vihar,Not matched
12,RR Line,Naraina Village,Match at 16 in new_data list
13,Dhaula Kuan (Ring Road),COD Ring Road,Slightly match
14,Satya Niketan (Dhaula Kuan),Brar Square,Not matched
15,Satya Niketan / Gurudwara Moti Bagh,Garrision Eng.,Not matched
16,South Moti Bagh,R. R. Line,Not matched
17,R K Puram Sec 12,Dhaula Kuan,Match at 21 in new_data list
18,Hyatt Hotel,Satya Niketan,Match at 22 in new_data list
19,Nauroji Nagar,Moti Bagh,Not matched
20,SJ Hospital,Aradhna Enclave,Match at 24 in new_data list
21,Sec A 5 and 8 Narela Desu Colony,R K Puram Sec-12,Not matched
22,South Extension,Hyatt Hotel,Not matched
23,South Extn Kotla Petrol Pump,Narouji Nagar,Not matched
24,Andrews Ganj,S J Hospital,Match at 28 in new_data list
25,Gupta Market,AIIMS,Not matched
26,Vanasthali Public School,South Extension 2,Not matched
27,PG DAV College / Sri Niwaspuri,South Ext Kotla Petrol Pump,Not matched
28,Nehru Nagar,Andrews Ganj,Match at 32 in new_data list
29,Ashram Chowk,Gupta Colony,Not matched
30,Mata Mandir New Friends Colony,Lajpat Nagar,Not matched
31,Ishwar Nagar,Shri Niwas Puri,Match at 35 in new_data list
32,Dichau Kalan Depot,Nehru Nagar,Not matched
33,Sukhdev Vihar Depot,Ashram,Match at 37 in new_data list
34,CRRI,New Friends Colony,Match at 38 in new_data list
35,Okhla Tank,Ishwar Nagar,Match at 39 in new_data list
36,Harkesh Nagar,Kalkaji Mode,Match at 40 in new_data list
37,Apollo Hospital,Sukhdev Vihar Depot,Match at 41 in new_data list
38,Sarita Vihar,CRRI,Match at 42 in new_data list
39,Madanpur Khadar Crossing,Okhla Tank,Not matched
40,Central School (KV),Harkesh Nagar,Not matched
41,Ali Village,Apollo Hospital,Match at 45 in new_data list
42,Onida Factory,Sarita Vihar,Match at 46 in new_data list
43,Power House,Madanpur Xing,Not matched
44,Badarpur Village,Haldiram,Not matched
45,Jaitpur Crossing,Ali Village,Not matched
46,Badarpur Border,Onida Factory,Match at 50 in new_data list
47,,Power House Badarpur,
48,,Badarpur,
49,,Jaitpur Xing,
50,,Badarpur Border,
