,OLD_STOPS,NEW_STOPS,OUTPUT
1,Inder Puri JJ Colony,Inder Puri,Slightly match
2,Inder Puri (Krishi Kunj),Krishi Kunj,Slightly match
3,Loha Mandi,Loha Mandi,Match
4,Bentax,Bentax,Match
5,Naraina Depot,Naraina Depot,Match
6,Pandav Nagar,Pandav Nagar,Match
7,Shadipur Colony,DTC Colony Shadi Pur,Not matched
8,Shadipur Metro Station,Shadi Pur Metro Station,Match
9,West Patel Nagar,West Patel Nagar,Match
10,South Patel Nagar (Metro Station),South Patel Nagar,Slightly match
11,East Patel Nagar,East Patel Nagar,Match
12,Shankar Road,Shankar Road,Match
13,New Rajender Nagar,New Rajinder Nagar,Match
14,Upper Ridge Road,Ridge Road,Slightly match
15,Talkatora Stadium,Talkatora Stadium,Match
16,Dr. RML Hospital,RML Hospital,Match
17,Talkatora Road,Talkatora Road,Match
18,Kendriya Terminal / Gurudwara Rakab Gunj,Gurudwara Rakab Gunj,Slightly match
19,Kendriya Terminal (Church Road),Kendriya Terminal,Slightly match
20,NDPO,NDPO,Match
21,Gurudwara Bangla Sahib,Gurudwara Bangla Sahib,Match
22,Patel Chowk,Patel Chowk,Match
23,Aakashwani Bhawan,Aakashwani Bhawan,Match
24,Krishi Bhawan / Rail Bhawan Metro Station,Krishi Bhawan,Not matched
25,Udyog Bhawan,Udyog Bhawan,Match
26,Nirman Bhawan,Nirman Bhawan,Match
27,Vigyan Bhawan,Vigyan Bhawan,Match
28,Akbar Road,Akbar Road,Match
29,Baroda House,Baroda House,Match
30,National Stadium,National Stadium,Match
31,Art Gallery,National Art Gallery,Slightly match
32,Shajahan Road UPSC,Shahajahan Road,Not matched
33,Kotah House,Kota House,Match
34,Humayun Road,Humanyun Road,Match
35,Sujan Singh Park,Sujan Singh Park,Match
36,Ravindra Nagar,Ravindra Nagar,Match
37,Max Mueller Marg,Max Muller Marg,Match
38,Lodhi Road Crossing,Lodhi Road Crossing,Match
39,Lodhi Colony 18-Block,Lodhi Colony 18,Match
40,Lodhi Colony,Lodhi Colony,Match
41,Central School Lodhi Road,Lodhi Road Central School,Match
42,J L Nehru Stadium,J L Nehru Stadium,Match
43,Sewa Nagar Flyover,Sewa Nagar Flyover,Match
44,Defence Colony (Homyopathic College),Defence Colony,Slightly match
45,PT College Kotla,PT College Kotla,Match
46,Andrews Ganj,Andrews Ganj,Match
47,Gupta Market,Gupta Colony / MCKR Hosp.,Not matched
48,Lajpat Nagar 2 Ring Road,Lajpat Nagar,Slightly match
49,Lajpat Nagar Crossing,Lajpat Nagar Crossing,Match
50,Garhi Village,Garhi Village,Match
51,B-Block East of Kailash,B Block East Of Kailash,Match
52,C-Block East of Kailash,C Block East of Kailash,Match
53,SNPD,SNPD,Match
54,Laghu Udyog Sansthan (ModiMill),Small Industries Service Modi Mill,Not matched
55,NSIC,NSIC Hostel,Slightly match
56,Kalkaji Mandir (MaaAnandmayeeMarg),Kalkaji Mandir,Slightly match
57,Punj Sons,Punj Sons,Match
58,Kalkaji Depot,Kalkaji Depot,Match
59,C-Lal Chowk,C. Lal Chowk,Match
60,CRPF Camp / Crown Plaza,CRPF Camp Crown Plaza,Match
61,Okhla Phase II,Okhla Phase-1,Slightly match
62,ESI Hospital Okhla,ESI Hospital,Slightly match
63,Tehkhand Depot DTC,C.W.Shop-II / Tehkhand Depot,Slightly match
