,OLD_STOPS,NEW_STOPS,OUTPUT
1,Hamdard Nagar / Sangam Vihar,Hamdarad Nagar,Slightly match
2,Majeedia Hospital,Majidia Hospital,Match
3,Guru Ravi Das Ashram / Tughlaqabad Extension,Ravi Dass Marg,Not matched
4,Tara Apartment,Tara Apartment,Match
5,DDA Flats Kalka Ji,Kalkaji DDA Flat ,Not matched
6,DDA Flats Kalkaji,KalkaJi DDA Market,Not matched
7,shivalik aptt.,Shivalik Aptt.,Match
8,C R Park Market II,CR Park,Slightly match
9,C R Park Market 1,C R Park Market-1,Match
10,C R Park,Chitranjan Park B-Block,Not matched
11,Savitri Cinema,Savitri Cinema,Match
12,OS Communication / Masjid Moth,Masjid Moth,Slightly match
13,Panchsheel Enclave,Panchsheel Enclave,Match
14,Krishi Vihar,Krishi Vihar,Match
15,Siri Fort Road,Siri Fort Road,Match
16,Sadiq Nagar,Sadiq Nagar,Match
17,MCKR Hospital/Central School,Central School,Slightly match
18,MCKR Hospital,Mool Chand Hospital,Not matched
19,Defence Colony,Defence Colony P.P,Match
20,Pant Nagar,Pant Nagar,Match
21,CGO Complex,CGO Complex,Match
22,Lodhi Hotel,Lodhi Hotel,Match
23,Amir Khusro Park / Oberoi Hotel,Amir Khusro Park,Slightly match
24,Golf Club / Sunder Nagar,Golf Club,Slightly match
25,Bapa Nagar,Kaka Nagar,Not matched
26,Jaipur House,Jaipur House,Match
27,Akbar Road,Akbar Road,Match
28,Vigyan Bhawan,Vigyan Bhawan,Match
29,Nirman Bhawan,Nirman Bhawan,Match
30,Udyog Bhawan,Udhyog Bhawan,Match
31,Rail Bhawan Metro Station / Krishi Bhawan,Krishi Bhawan,Not matched
32,Red Cross Road,Red Cross Road,Match
33,Aakashwani Bhawan,AIR ,Not matched
34,PS Parliament / Jantar Mantar,P.S. Parliament,Slightly match
35,Regal,Regal,Match
36,Shivaji Park,Shivaji Stadium,Not matched
37,Shaheed Bhagat Singh Marg,S. Bhagat Singh Marg,Slightly match
38,Gole Market,Gole Market,Match
39,Balmiki Mandir Marg,Mandir Marg,Slightly match
40,Panchkuian Road Banwai Lal Hospital,Banwari Lal Hospital,Slightly match
41,Meghdoot Bhawan,Meghdoot Bhawan,Match
42,Sadhu Vasvani Marg,Sadhu Vaswani Marg,Match
43,Karol Bagh Metro Station,Karol Bagh Metro Station,Match
44,Old Rajendra Nagar Market,Old Rajendra Nagar Market,Match
45,Shankar Road,Shankar Road,Match
46,East Patel Nagar,East Patel Nagar,Match
47,NPL Colony,N.P.L Colony,Match
48,R Block Rajendra Nagar,R Block Rajendra Nagar,Match
