,OLD_STOPS,NEW_STOPS,OUTPUT
1,R Block Rajendra Nagar,R Block Rajendra Nagar,Match
2,N.P.L Colony,N.P.L Colony,Match
3,East Patel Nagar,East Patel Nagar,Match
4,Rajender Nagar,Rajender Nagar,Match
5,Shankar Road,Shankar Road,Match
6,Old Rajendra Nagar Market,Old Rajendra Nagar Market,Match
7,Karol Bagh Metro Station,Karol Bagh Metro Station,Match
8,Pusa Road Petrol Pump Sadhu Vaswani Marg,Sadhu Vaswani Marg,Slightly match
9,Meghdoot Bhawan,Meghdoot Bhawan,Match
10,Panchkuian Road Banwari Lal Hospital,Banwari Lal Hospital,Slightly match
11,Panchkuian Road,Panchkuian Road,Match
12,Kalawati Hospital,Kalawati Hospital,Match
13,Sucheta Kriplani Hospital,Sucheta Kriplani Hospital,Match
14,Super Bazar,Super Bazar,Match
15,Regal,Regal,Match
16,P S Parliament / Jantar Mantar,P.S. Parliament,Slightly match
17,Aakashwani Bhawan,AIR ,Not matched
18,Krishi Bhawan / Rail Bhawan Metro Station,Krishi Bhawan,Not matched
19,Udyog Bhawan,Udhyog Bhawan,Match
20,Nirman Bhawan,Nirman Bhawan,Match
21,Vigyan Bhawan,Vigyan Bhawan,Match
22,Akbar Road,Akbar Road,Match
23,Baroda House,Baroda House,Match
24,National Stadium,National Stadium India Gate,Slightly match
25,Art Gallery,National Art Gailery,Slightly match
26,Jaipur House,Jaipur House,Match
27,Bapa Nagar,Kaka Nagar,Not matched
28,Golf Club,Golf Club,Match
29,Amir Khusro Park / Oberoi Hotel,Amir Khusro Park,Slightly match
30,Lodhi Hotel,Lodhi Hotel,Match
31,CGO Complex,CGO Complex,Match
32,Pant Nagar,Pant Nagar,Match
33,Defence Colony (Homyopathic College),Defence Colony P.P,Slightly match
34,MCKR Hospital,Mool Chand Hospital,Not matched
35,Central School (MCKR),Central School,Match
36,Sadiq Nagar,Sadiq Nagar,Match
37,Siri Fort Road,Siri Fort Road,Match
38,Krishi Vihar,Krishi Vihar,Match
39,Panchsheel Enclave,Panchsheel Enclave,Match
40,Masjid Moth,Masjid Moth,Match
41,Savitri Cinema (E Block Gurudwara),Savitri Cinema,Slightly match
42,C R Park,Chitranjan Park B-Block,Not matched
43,C R Park Market 1,C R Park Market-1,Match
44,C R Park Market 1,CR Park,Slightly match
45,shivalik aptt.,Shivalik Aptt.,Match
46,DDA Market Kalkaji,KalkaJi DDA Market,Match
47,DDA Flats KalkaJi,Kalkaji DDA Flat ,Match
48,Tara Apartment,Tara Apartment,Match
49,Guru Ravi Das Ashram / Tughlaqabad Extension,Ravi Dass Marg,Not matched
50,Majeedia Hospital,Majidia Hospital,Match
51,hamdarad nagar,Hamdarad Nagar,Match
