,OLD_STOPS,NEW_STOPS,OUTPUT
1,Nehru Place Terminal,Nehru Place Terminal,Match
2,Kalkaji Mandir (MaaAnandmayeeMarg),Kalkaji Mandir,Slightly match
3,NSIC,NSIC Hostel,Slightly match
4,Laghu Udyog Sansthan(ModiMill),Modi Mills,Not matched
5,SNPD,SNPD,Match
6,East of Kailash C-Block,C Block East of Kailash,Match
7,East of Kailash B-Block,East Of Kailash B Block,Match
8,Garhi Gaon,Garhi Village,Not matched
9,Lajpat Nagar Crossing,Lajpat Nagar Xing,Slightly match
10,PG DAV College / Sri Niwaspuri,Shri Niwas Puri,Slightly match
11,Nehru Nagar,Nehru Nagar,Match
12,Maharani Bagh / Ashram,Maharani Bagh,Slightly match
13,Bala Sahib Gurudwara,Bala Sahib Gurudwara,Match
14,Sarai Kale Khan ISBT,Sarai Kale Khan ISBT,Match
15,Payal Cinema,Road Bridge East,Not matched
16,CWG Village / PWD Office,CPWD Office,Slightly match
17,Pusta Crossing / Akhardham Temple,Pusta Crossing,Slightly match
18,Delhi Police Appartments,Delhi Police Appartments,Match
19,Mayur Vihar Phase 1 X-ing,Mayur Vihar Phase 1 X-ing,Match
20,Samachar Appartments,Samachar Appartments,Match
21,Mayur Palace,Mayur Palace,Match
22,Hindon Regulator(BRD),Hindon Regulator(BRD),Match
23,Mayur Kunj,Mayur Kunj,Match
24,Noida Sec 59/62,Sec 14 Noida,Slightly match
25,Sec 15 Noida Metro Station,Sec 15 Noida Metro Station,Match
26,Old Secretariat (Postal Account Office),Naya Bans,Not matched
27,Noida Sec 3,Noida Sec 3,Match
28,Rajni Gandha Chowk,Rajni Gandha Chowk,Match
29,Noida Sec-19,Noida Sec 19B,Match
30,Telephone Exch Noida Sector-19,Telephone Exch Noida Sec-19,Match
31,Noida Sec 9 Power House,Noida Sec 9 Power House,Match
32,Noida Sec-10-21,Noida Sec 10/21,Match
33,Noida Stadium,Noida Stadium,Match
34,Chora More Sec12,Chora More Sec12,Match
35,Raghu Nath Pur /Chora Village,Raghu Nath Pur /Chora Village,Match
36,"Noida Sec 12,22 t-Point",Noida Sec 12/22 T Point,Match
37,Noida Sec-22 Shiv Mandir,Noida Sec 22 Shiv Mandir,Match
38,Sector 22 H Block,Sector 22 H Block,Match
39,Noida Sec 57 Xing,Noida Sec 57 Xing,Match
40,Khora Cly Corner,Khora Cly Corner,Match
41,Khora Cly Labour Chowk,Khora Cly Labour Chowk,Match
42,Noida Sec 58,Noida Sec 58,Match
43,Noida Sec 59/62,Noida Sec 59/62,Match
44,Mamura Chowk,Mamura Chowk,Match
45,Forist Hospital,Forist Hospital,Match
46,Neelkanth Apptt-Sec-62,Neelkanth Apptt.,Match
47,Bajitpur Mandir,Bajit Pur Village,Not matched
48,Noida Sec 62 (Eletronic City),Noida Sec 62 (Eletronic City),Match
