,OLD_STOPS,NEW_STOPS
1,,Old Delhi Railway Station
2,,Red Fort
3,,Jama Masjid
4,,Darya Ganj
5,,Golcha Cinema
6,,Delhi Gate
7,,Express Building
8,,ITO BSZ Marg
9,,Tilak Bridge
10,,Supreme Court
11,,Patiala House
12,,National Stadium
13,,National Art Gallery
14,,Shahjahan Road
15,,Kotah House
16,,J & K House
17,,Prithvi Raj Road Crossing
18,,Prithvi Raj Road
19,,S.J. Madarsa
20,,S.J. Air Port
21,,INA Cly
22,,Kidwai Nagar
23,,S.J. Hospital
24,,Yusuf Sarai
25,,Green Park
26,,Hauz Khas 
27,,Padmini Enclave
28,,IIT Gate
29,,Mother School
30,,Adhchini Village
31,,MMTC
32,,PTS
33,,Lado Sarai DDA Flats
34,,TB Hospital
35,,Qutab
36,,Mehrauli Terminal
