,OLD_STOPS,NEW_STOPS,OUTPUT
1,Dichau Kalan Depot,Kamla Market,Not matched
2,Ajmeri Gate / Kamla Market,Vivekanand Marg,Not matched
3,Bakhtawar Pur School,Shivaji Park,Not matched
4,Super Bazar,Super Bazar,Match
5,Scindia House / Kailash Bhawan,Scindia House,Slightly match
6,Max Mueller Marg,Max Muller Bhawan,Not matched
7,Feroz S Road,Feroz Shah Road,Slightly match
8,National Archives,National Archives,Match
9,National Muesum,National Muesum,Match
10,Claridges Hotel,Claridges Hotel,Match
11,Prithvi Raj Road Crossing,Prithvi Raj Road Crossing,Match
12,Prithvi Raj Road,Prithvi Raj Road,Match
13,S J Madrasa,S.J. Madarsa,Slightly match
14,SJ Airport,S.J. Air Port,Match
15,INA Colony,INA Cly,Slightly match
16,Kidwai Nagar,Kidwai Nagar,Match
17,Safderjung Hospital,S.J. Hospital,Not matched
18,Yusuf Sarai,Yusuf Sarai,Match
19,Green Park,Green Park,Match
20,Hauz Khas,Hauz Khas ,Match
21,Padhmini Enclave,Padmini Enclave,Match
22,IIT Gate,IIT Gate,Match
23,Mothers International School,Mother School,Slightly match
24,Adhchini Village,Adhchini Village,Match
25,MMTC,MMTC,Match
26,PTS,PTS,Match
27,DDA Flats Lado Sarai,Lado Sarai DDA Flats,Match
28,T.B. Hospital,TB Hospital,Match
29,Qutub Minar,Qutab,Not matched
30,Mehrauli Terminal,Mehrauli Terminal,Match
