,OLD_STOPS,NEW_STOPS,OUTPUT
1,Safdurjung Terminal,Safdarjung Terminal,Match
2,Vikas Sadan,Vikas Sadan,Match
3,INA Colony,INA Market,Not matched
4,Raj Nagar,Kidwai Nagar,Not matched
5,Safderjung Hospital,S J Hospital,Slightly match
6,Yusuf Sarai,Yusuf Sarai,Match
7,Green Park,Green Park,Match
8,Hauz Khas,Hauz Khas,Match
9,Padhmini Enclave,Padhmini Enclave,Match
10,IIT Gate,IIT Gate,Match
11,Mothers International School,Mother School,Slightly match
12,Adhchini Village,Adhcini Village,Match
13,MMTC,MMTC,Match
14,PTS,PTS,Match
15,DDA Flats Lado Sarai,DDA Flat Lado Sarai,Match
16,T.B. Hospital,T.B. Hospital,Match
17,Qutub Minar,Qutab,Not matched
18,Lado Sarai Crossing,Lado sarai Xing,Slightly match
19,Ahinsa Sthal,Ahinsa Sthal,Match
20,Qutub Minar Metro Sation,Qutab Metro Station,Not matched
21,Andheria More / Chhatarpur Metro Station,Andheria More,Slightly match
22,Chhattarpur,Chhattarpur More,Match
23,Chhattarpur Mandir,Chhattarpur Mandir,Match
24,Chhattarpur More,Chhattarpur,Match
25,Chhatarpur Extension,Chhatarpur Extension,Match
26,Rajpur Xing,Rajpur Xing,Match
27,Nanda Hospital,Nanda Hospital,Match
28,Satbari Village,Satbari Village,Match
29,Mallu Farm,Mallu Farm,Match
30,Chandan Holla,Chandan Holla,Match
31,Shani Dham Mandir,Shani Dham Mandir,Match
32,Fatehpur Beri,Fatehpur Beri,Match
33,Harasawroop Colony,Harasawroop Colony,Match
34,Dera More,Dera More,Match
35,Bhati Kalan More,Bhati Kalan More,Match
36,Bhati Kalan More,Bhati Kalan Village,Not matched
37,Pahari Area,Pahari Area,Match
38,Jheer Khore Temple,Jheer Khore Temple,Match
