,OLD_STOPS,NEW_STOPS,OUTPUT
1,Okhla Extension (Abul Fazl Encalve),Okhla Extn Abdul Fazal Encl.,Slightly match
2,Shaheen Bagh Thokar No. 8 (AF Enclave),Shahin Bagh ,Not matched
3,Noor Masjid,Noor Masjid ,Match
4,Unani Research Center,Unani Research Center,Match
5,New Basti Bankner,New Basti,Slightly match
6,Okhla Village (Temporary),Okhla Village,Slightly match
7,Batla House,Batla House,Match
8,Ansari Health Care,Ansari Stadium,Not matched
9,Jamiya Millia College,Jamia  Milia College,Match
10,Holy Family Hospital,Holy Family Hospital,Match
11,Bharat Nagar Crossing,Sukh Dev Vihar,Not matched
12,Bharat Nagar,NSIC,Not matched
13,Taimur Nagar,Kalka Ji Mandir,Not matched
14,Maharani Bagh (Ashram),Modi Mill,Not matched
15,netra heen ashram,Okhla Sabzi Mandi,Not matched
16,Nehru Nagar,S N P DEPOT,Not matched
17,Sri Niwaspuri / PG DAV College Lajpat Nagar,C Block East of kailash,Not matched
18,Lajpat Nagar Ring Road,B Block East of kailash,Not matched
19,Gupta Market,Garhi villege,Not matched
20,Andrews Ganj,Lajpat Nagar Xing,Match at 23 in new_data list
21,South Extension,Lajpat Nagar,Not matched
22,South Extension - 1,Gupta Colony,Not matched
23,AIIMS Ring Road,Andrews Ganj,Not matched
24,S J Hospital,South Ext Kotla Petrol Pump,Match at 27 in new_data list
25,Yusuf Sarai,South Extension 2,Match at 28 in new_data list
26,Green Park,AIIMS,Match at 29 in new_data list
27,Hauz Khas,S.J. Hospital,Match at 30 in new_data list
28,Padhmini Enclave,Yusuf Sarai,Not matched
29,IIT Gate,Green Park,Match at 33 in new_data list
30,IIT Gate,Hauz Khas,Match at 33 in new_data list
31,Jia Sarai,Padmani Enclave,Not matched
32,IIT Hostel,IIT Gate Aurbindo Marg,Not matched
33,ISTM,IIT Gate,Match at 36 in new_data list
34,Munirka Family Planning,Jiya Sarai,Not matched
35,Munirka Family Planning,IIT Hostel,Not matched
36,Vasant Vihar Depot,ISTM,Match at 39 in new_data list
37,R.K. Puram Sec 5,Munirka DDA Flat,Match at 40 in new_data list
38,Swami Malai Mandir,Munirka Village/Family Planning Association of India,Match at 41 in new_data list
39,Shanti Niketan / RK Puram Sec 8,Vasant Vihar Depot,Not matched
40,South Moti Bagh,R.K. Puram Sec-5,Match at 43 in new_data list
41,South Moti Bagh (Ring Road),Swami Malai Mandir,Not matched
42,Gurudwara N P,Shanti Niketan,Not matched
43,Satya Niketan,South Moti Bagh,Match at 46 in new_data list
44,ARSD College (Dhaula Kuan),Moti Bagh,Not matched
45,Dhaula Kuan,Gurudwara Nanak Pura,Match at 48 in new_data list
46,,Satya Niketan,
47,,ARSD College,
48,,Dhaula Kuan,
