,OLD_STOPS,NEW_STOPS,OUTPUT
1,Dhaula Kuan,Dhaula Kuan,Match
2,Satya Niketan (Dhaula Kuan),Satya Niketan,Slightly match
3,Satya Niketan / Gurudwara Moti Bagh,Gurudwara Nanak Pura,Slightly match
4,Railway Museum,Moti Bagh,Not matched
5,Moti Bagh 1,South Moti Bagh,Slightly match
6,South Moti Bagh,Shanti Niketan,Match at 5 in new_data list
7,Swami Malai Mandir,Swami Malai Mandir,Match
8,Shanti Niketan / RK Puram Sec 8,R.K. Puram Sec-5,Slightly match
9,Vasant Vihar Depot,Vasant Vihar Depot,Match
10,Munirka Family Planning,Munirka Village/Family Planning Association of India,Slightly match
11,Munirka DDA Flats,Munirka DDA Flat,Match
12,ISTM,ISTM,Match
13,IIT Hostel,IIT Hostel,Match
14,Jia Sarai,Jiya Sarai,Match
15,IIT Gate,IIT Gate,Match
16,IIT Gate (Aurobindo Marg),IIT Gate Aurbindo Marg,Match
17,Padmani Enclave,Padmani Enclave,Match
18,Hauz Khas,Hauz Khas,Match
19,Green Park,Green Park,Match
20,Yusuf Sarai,Yusuf Sarai,Match
21,Safdurjung Hospital / AIIMS,S.J. Hospital,Slightly match
22,AIIMS Ring Road,AIIMS,Not matched
23,South Extension,South Extension 2,Match
24,South Extn Kotla Petrol Pump,South Ext Kotla Petrol Pump,Match
25,Andrews Ganj,Andrews Ganj,Match
26,Gupta Market,Gupta Colony,Not matched
27,Lajpat Nagar 2 Ring Road,Lajpat Nagar,Slightly match
28,PG DAV College / Sri Niwaspuri,Lajpat Nagar Xing,Not matched
29,Nehru Nagar,Garhi villege,Not matched
30,Ashram Chowk,B Block East of kailash,Not matched
31,Mata Mandir New Friends Colony,C Block East of kailash,Not matched
32,Mata Mandir New Friends Colony,S N P DEPOT,Not matched
33,Bharat Nagar,Okhla Sabzi Mandi,Not matched
34,Bharat Nagar Crossing,Modi Mill,Not matched
35,Holy Family Hospital,Sukh Dev Vihar,Match at 36 in new_data list
36,Jamiya Millia College,Holy Family Hospital,Not matched
37,Ansari Health Care,Jamia  Milia College,Not matched
38,Batla House,Ansari Stadium,Match at 39 in new_data list
39,Okhla Village,Batla House,Match at 40 in new_data list
40,New Basti Bankner,Okhla Village,Not matched
41,Unani Research Center,New Basti,Match at 42 in new_data list
42,Noor Masjid,Unani Research Center,Match at 43 in new_data list
43,Shahin Bagh,Noor Masjid ,Match at 44 in new_data list
44,Okhla Extn Abdul Fazal Encl.,Shahin Bagh ,Match at 45 in new_data list
45,,Okhla Extn Abdul Fazal Encl.,
