,OLD_STOPS,NEW_STOPS
1,,Bhatti Mines
2,,Indira Colony
3,,Check Post
4,,Vyash Bhavan
5,,Sawan Public School
6,,Dera More
7,,Harsawroop Colony
8,,Fateh Pur Beri
9,,Shani Dham Mandir
10,,Chandan Holla
11,,Mallu Farm
12,,Satbari Village
13,,Nanda Hospital
14,,Rajpur X-ing
15,,Chhatarpur Extension
16,,Chhattarpur
17,,Chhattarpur Mandir
18,,Chattarpur X-ing
19,,Andheria More
20,,Ahinsa Sthal
21,,Lado Sarai X-Ing
22,,T B Hospital
23,,DDA Flat Lado Sarai
24,,PTS-U02129
25,,MMTC-U02153
26,,Adhchini Village-U02166
27,,Mother School-U02211
28,,IIT Gate-U02238
29,,Padmani Enclave-U02281
30,,Hauz Khas-U02315
31,,Green Park-U02357
32,,Yusuf Sarai-U02377
33,,Safderjung Hospital-U02379
34,,Nauroji Nagar
35,,R K Puram More
36,,R K Puram Sec 12
37,,Aradhna Enclave
38,,Moti Bagh
39,,Moti Bagh Gurudawara Nanak Pura
40,,Satya Niketan
41,,ARSD College
42,,Dhaula Kuan
43,,R. R. Line
44,,Gairison Eng.
45,,Barar Square
46,,COD Ring Road
47,,Naraina Village
48,,Naraina Vihar
49,,Mayapuri Depot
50,,Rajouri Garden Ring Road
51,,Rajouri Garden-U01131
52,,Tagore Garden-U01092
53,,Holy Child school-DC0092
54,,Raghubir Nagar Gurudwara-U99985A
55,,Baba Ram Dev Mandir-U99885A
56,,Raghubir Nagar F Block-DC0088
