,OLD_STOPS,NEW_STOPS,OUTPUT
1,Badarpur Border,Badarpur Border,Match
2,Badarpur M B Road / Rajiv Gandhi Stadium,Badar Pur M.B. Road,Slightly match
3,Prehlad Pur,Prahladpur,Slightly match
4,Surajkund Crossing,Suraj kund Xing,Not matched
5,Lal Kuan,Lal Kuan,Match
6,Prem Nagar,Prem Nagar,Match
7,Okhla More,Okhla More,Match
8,Kaya Maya Hospital,Kaya Maya Hospital,Match
9,Tughalqabad Village,Tuglaka Bad Villlage,Slightly match
10,Tuglakabad F,Tuglkabad Fort,Slightly match
11,Air Force Station,Air Force Station,Match
12,Hamdard Nagar / Sangam Vihar,Hamdard Nagar,Slightly match
13,Majeedia Hospital,Majidia Hospital,Match
14,Guru Rabidas M,Guru Ravidass Marg,Slightly match
15,Tara Apartment,Tara Apartment,Match
16,DDA Flats Kalka Ji,DDA Flats KalkaJi,Match
17,DDA Flats Kalka Ji,DDA Market Kalkaji,Match at 16 in new_data list
18,Govindpuri Extn Gali No. 16,Govindpuri Ext ,Slightly match
19,Db C Kalkaji,DB College Kalkaji,Slightly match
20,Kalkaji B-Block,B Block Kalka Ji ,Not matched
21,Nehru Place Crossing / Paras Cinema,Paras Cinema,Slightly match
22,Pumposh Enclave,Pumpose Enclave,Match
23,OS Communication / Masjid Moth,Masjid Moth,Slightly match
24,Chirag Dilli,Chirag Delhi,Slightly match
25,Swami Nagar,Swami Nagar,Match
26,Sadhna Enclave,Sadhna Enclave,Match
27,Sarvpriya Vihar,Sarvpriya Vihar,Match
28,IIT Gate,IIT Gate,Match
29,Mothers International School,Mother School,Slightly match
30,Adhchini Village,Adhchini Village,Match
31,NCERT,NCERT,Match
32,Qutub Hotel,Qutab Enclave,Not matched
33,Katwaria Sarai,Katwaria Sarai,Match
34,Sanskrit Vidyapeeth,Sanskrit Vidyapeeth,Match
35,FAI,FAI,Match
36,School Of Physical Science,School of Physical Science,Match
37,Ber Sarai,Ber Sarai,Match
38,JNU,JNU,Match
39,DDA FLATS MUNIRKA,DDA Flat Munirka,Match
40,Munirka Village (T),Munirka Village,Match
41,R K Puram Nab,R K Puram Sec 4,Not matched
42,RK Puram Sec-10,RK Puram Sector 1,Slightly match
43,Mohan Singh Market,Mohan Singh Market,Match
44,R K Puram Sec-7,Sec 7 R.K. Puram,Match
45,RK Puram Sec-12(Sangam Cinema),Sangam Cinema,Slightly match
46,R. K. Puram Sec-12,RK Puram Sec 12,Match
47,Railway Museum,South Moti Bagh,Not matched
48,Moti Bagh 1,Moti Bagh,Match
49,Gurudwara N P,Nanakpura Gurudwara,Not matched
50,Satya Niketan,Satya Niketan,Match
51,ARSD College (Dhaula Kuan),ARSD College,Slightly match
52,Dhaula Kuan,Dhaula Kuan,Match
