,OLD_STOPS,NEW_STOPS,OUTPUT
1,Ambedkar Nagar Terminal,Ambedkar Nagar Sec 4 (Virat Cinema),Match at 5 in new_data list
2,P.S. Madan Gir,P.S. Madan Gir,Match
3,Pushpa Bhawan,Pushpa Bhawan,Match
4,Pushp Vihar,Pushp Vihar,Match
5,Safdurjung Terminal,Ambedkar Nagar Terminal,Not matched
6,Ambedkar Nagar Terminal / DIPSAR,DIPSAR,Not matched
7,Saket Crossing,Saket Xing,Not matched
8,Saket J Block,Saket J Block,Match
9,Saket Terminal,Saket Terminal,Match
10,Saket J Block,Saket M Block,Match
11,Hauz Rani,Hauz Rani,Match
12,HaujRani / MaxHospital,Modi Hospital,Not matched
13,Press Enclave,Press Enclave,Match
14,Saket A block(Malviya Nagar Metro Station),Saket A Block,Not matched
15,PNB Geetanjali,PNB Geetanjali,Match
16,Geetanjali Enclave,Geetanjali Enclave,Match
17,Aurobindo College,Aurbindo College,Match
18,Malviya Nagar,Malviya Nagar,Match
19,Begum Pur,Begam Pur ,Slightly match
20,Sadhna Enclave,Bhavishya Nidhi Enclave,Slightly match
21,malviya nagar xing,Malviya Nagar Xing,Match
22,Sadhna Enclave,Bhavishya Nidhi Enclave,Slightly match
23,Sarvpriya Vihar,Survo Priya Vihar,Slightly match
24,IIT Gate,IIT Gate,Match
25,Padmani Enclave,Padmini Enclave,Match
26,Hauz Khas,Hauz Khas ,Match
27,Green Park,Green Park,Match
28,Yusuf Sarai,Yusuf Sarai,Match
29,SJ Hospital,S.J. Hospital,Match
30,Kidwai Nagar,Kidwai Nagar,Match
31,INA Market,INA Market,Match
32,INA Colony,INA Colony,Match
33,Laxmi Bai Nagar,Laxmi Bai Nagar,Match
34,Enquiry Office Pilanji Village,Pilanji Village,Slightly match
35,Sarojini Nagar Market,Sarojini Nagar Market,Match
36,AB Block Sarojini Nagar,I Block Sarojini Nagar,Match
37,PS Sarojini Nagar,M Block Sarojini Nagar,Slightly match
38,Hari Nagar Depot,Sarojini Nagar Depot,Slightly match
39,Africa Avenue,Netaji Nagar,Not matched
40,Bhikaji Cama Place,Bhikaji Cama Place,Match
41,Mohammadpur Village,Mohammad Pur,Slightly match
42,R K Puram Sec-2,R K Puram Sec 2,Match
43,R K Puram Sec-3,R K Puram Sec 3,Match
44,R K Puram Sec-4,RK Puram Sec 4,Match
45,R.K. Puram Sec-1,R K Puram Sec 1,Match
