,OLD_STOPS,NEW_STOPS,OUTPUT
1,Sabha Pur Village,Dera Village,Not matched
2,Dera More,Dera More,Match
3,Harasawroop Colony,Harasawroop Colony,Match
4,Fatehpur Beri,Fatehpur Beri,Match
5,Shani Dham Mandir,Shani Dham Mandir,Match
6,Chandan Holla,Chandan Holla,Match
7,Mallu Farm,Mallu Farm,Match
8,Satbari Village,Satbari Village,Match
9,Nanda Hospital,Nanda Hospital,Match
10,Rajpur Xing,Rajpur Xing,Match
11,Chhatarpur Extension,Chhatarpur Extension,Match
12,Chhattarpur,Chhattarpur,Match
13,Chhattarpur Mandir,Chhattarpur Mandir,Match
14,Chhattarpur More,Chhattarpur More,Match
15,Andheria More / Chhatarpur Metro Station,Andheria More,Slightly match
16,Ahinsa Sthal,Ahinsa Sthal,Match
17,Lado Sarai Crossing (Aurobindo Marg),Lado Sarai xing,Not matched
18,Qutab Minar,Qutub,Not matched
19,Mehrauli Terminal,Mehrauli ,Slightly match
20,Qutab Minar,Qutab,Slightly match
21,T B Hospital,TB Hospital,Match
22,DDA Flats Lado Sarai,Lado Sarai DDA Flats,Match
23,PTS,PTS,Match
24,MMTC / Adhchini Village,MMTC,Not matched
25,Adhchini Village,Adhchini Village,Match
26,Mothers International School,Mother School,Slightly match
27,IIT Gate,IIT Gate,Match
28,Padmani Enclave,Padmini Enclave,Match
29,Hauz Khas,Hauz Khas ,Match
30,Green Park,Green Park,Match
31,Yusuf Sarai,Yusuf Sarai,Match
32,SJ Hospital,S.J. Hospital,Match
33,Kidwai Nagar,Kidwai Nagar,Match
34,Kidwai Nagar (INA Colony),INA Cly,Not matched
35,Safdarjung Terminal,Safdarjung Terminal,Match
