,OLD_STOPS,NEW_STOPS,OUTPUT
1,Safdurjung Terminal,Safdarjung Terminal,Match
2,Vikas Sadan,Vikas Sadan,Match
3,INA Colony,INA Cly,Slightly match
4,Kidwai Nagar,Kidwai Nagar,Match
5,Safderjung Hospital,S.J. Hospital,Not matched
6,Yusuf Sarai,Yusuf Sarai,Match
7,Green Park,Green Park,Match
8,Hauz Khas,Hauz Khas ,Match
9,Padhmini Enclave,Padmini Enclave,Match
10,IIT Gate,IIT Gate,Match
11,Mothers International School,Mother School,Slightly match
12,Adhchini Village,Adhchini Village,Match
13,MMTC,MMTC,Match
14,PTS,PTS,Match
15,DDA Flats Lado Sarai,Lado Sarai DDA Flats,Match
16,T.B. Hospital,TB Hospital,Match
17,Qutub Minar,Qutab,Not matched
18,Mehrauli Terminal,Mehrauli ,Slightly match
19,Qutub Minar,Qutub,Slightly match
20,Lado Sarai Crossing,Lado Sarai xing,Slightly match
21,Ahinsa Sthal,Ahinsa Sthal,Match
22,Andheria More / Chhatarpur Metro Station,Andheria More,Slightly match
23,Chhattarpur,Chhattarpur More,Match
24,Chhattarpur Mandir,Chhattarpur Mandir,Match
25,Chhattarpur More,Chhattarpur,Match
26,Chhatarpur Extension,Chhatarpur Extension,Match
27,Rajpur Xing,Rajpur Xing,Match
28,Nanda Hospital,Nanda Hospital,Match
29,Satbari Village,Satbari Village,Match
30,Mallu Farm,Mallu Farm,Match
31,Chandan Holla,Chandan Holla,Match
32,Shani Dham Mandir,Shani Dham Mandir,Match
33,Fatehpur Beri,Fatehpur Beri,Match
34,Harasawroop Colony,Harasawroop Colony,Match
35,Dera More,Dera More,Match
36,dera village,Dera Village,Match
37,satbari,Satbari,Match
38,Fatehpur Beri,Fatehpur Beri,Match
39,Harasawroop Colony,Harasawroop Colony,Match
40,Dera More,Dera More,Match
41,dera village,Dera Village,Match
