,OLD_STOPS,NEW_STOPS,OUTPUT
1,Safdurjung Terminal,Safdarjung Terminal,Match
2,Vikas Sadan,Vikas Sadan,Match
3,INA Colony,INA Market,Not matched
4,Raj Nagar,Kidwai Nagar,Not matched
5,Safderjung Hospital,S J Hospital,Slightly match
6,Yusuf Sarai,Yusuf Sarai,Match
7,Green Park,Green Park,Match
8,Hauz Khas,Hauz Khas,Match
9,Padhmini Enclave,Padhmini Enclave,Match
10,IIT Gate,IIT Gate,Match
11,Mothers International School,Mother School,Slightly match
12,Adhchini Village,Adhcini Village,Match
13,MMTC,MMTC,Match
14,PTS,PTS,Match
15,DDA Flats Lado Sarai,DDA Flat Lado Sarai,Match
16,T.B. Hospital,T.B. Hospital,Match
17,Lado Sarai Crossing,Lado Sarai xing,Slightly match
18,Ahinsa Sthal,Ahinsa Sthal,Match
19,Andheria More / Chhatarpur Metro Station,Andheria More,Slightly match
20,chhattar pur crossing,Chhattar Pur Crossing ,Match
21,nai mangla puri,Nai Mangla Puri,Match
22,Sultan Puri AB Block Extension,Sultan Pur,Not matched
23,Modern Batta,Modern Batta,Match
24,ghitorani village,Ghitorani Village,Match
25,ghitorani school,Ghitorani School,Match
26,GHOGA AIR FORCE STATION,Air Force Station,Match
27,Air Force Station,RRC Station,Slightly match
28,Aya Nagar,Aya Nagar Crossing,Slightly match
29,Aya Nagar Xing,Aya Nagar,Slightly match
