,OLD_STOPS,NEW_STOPS,OUTPUT
1,Safdurjung Terminal,Safdarjung Terminal,Match
2,Vikas Sadan,Vikas Sadan,Match
3,INA Colony,INA Colony,Match
4,Kidwai Nagar,Kidwai Nagar,Match
5,Safderjung Hospital,S.J. Hospital,Not matched
6,Yusuf Sarai,Yusuf Sarai,Match
7,Green Park,Green Park,Match
8,Hauz Khas,Hauz Khas ,Match
9,Padhmini Enclave,Padmini Enclave,Match
10,IIT Gate,IIT Gate,Match
11,Mothers International School,Mother School,Slightly match
12,Adhchini Village,Adhchini Village,Match
13,MMTC,MMTC,Match
14,PTS,PTS,Match
15,DDA Flats Lado Sarai,Lado Sarai DDA Flats,Match
16,T.B. Hospital,TB Hospital,Match
17,Lado Sarai Crossing,Lado Sarai xing,Slightly match
18,Ahinsa Sthal,Ahinsa Sthal,Match
19,Andheria More / Chhatarpur Metro Station,Andheria More,Slightly match
20,Chhattarpur,Chhattarpur More,Match
21,nai mangla puri,Mangla Puri,Match
22,Sultan Pur,Sultan Pur,Match
23,Gadai Pur,Gadaipur,Match
24,Govind Sadan,Govind Sadan,Match
25,Jona Pur,Jona Pur,Match
26,Pahari Mandir,Pahari Mandir,Match
27,Mandi Village,Mandi Village,Match
