,OLD_STOPS,NEW_STOPS,OUTPUT
1,Aya Nagar,Malviya Nagar F Block,Slightly match
2,malviya nagar xing,Malviya Nagar,Match
3,Moti Nagar Market,Malviya Nagar Market,Slightly match
4,Begumpur (Malviya Nagar),Malviya Nagar Xing,Not matched
5,Sadhna Enclave,Bhavishya Nidhi Enclave,Slightly match
6,Sarvpriya Vihar,Survo Priya Vihar,Slightly match
7,IIT Gate,IIT Gate,Match
8,Padmani Enclave,Padmini Enclave,Match
9,Hauz Khas,Hauz Khas ,Match
10,Green Park,Green Park,Match
11,Yusuf Sarai,Yusuf Sarai,Match
12,SJ Hospital,S.J. Hospital,Match
13,Kidwai Nagar,Kidwai Nagar,Match
14,INA Market,INA Market,Match
15,SJ Airport,SJ Airport,Match
16,SJ Madrasa,SJ Madarsa,Slightly match
17,Tughlaq Crescent,Tuglak Crescent,Slightly match
18,PS Tughlaq Road,P.S.Tughlak Road,Slightly match
19,Krishan Menon Marg,Krishna Menon Marg,Match
20,Sunheri Masjid/G Block,G Block,Not matched
21,Udyog Bhawan,Udhyog Bhawan,Match
22,Rail Bhawan Metro Station / Krishi Bhawan,Krishi Bhawan,Not matched
23,Red Cross Road,Red Cross road,Match
24,Aakashwani Bhawan,Akashwani Bhawan,Match
25,PS Parliament / Jantar Mantar,P.S. Parliament,Slightly match
26,Regal,Regal,Match
27,Super Bazar Conn. Place,Super Bazar Con Place,Match
