,OLD_STOPS,NEW_STOPS,OUTPUT
1,Super Bazar,Super Bazar Con Place,Slightly match
2,Regal,Regal,Match
3,P S Parliament / Jantar Mantar,P.S. Parliament,Slightly match
4,Aakashwani Bhawan,Akashwani Bhawan,Match
5,Krishi Bhawan / Rail Bhawan Metro Station,Krishi Bhawan,Not matched
6,Udyog Bhawan,Udhyog Bhawan,Match
7,Sunehri Masjid/ G Block,G Block,Not matched
8,Krishan Menon Marg,Krishna Menon Marg,Match
9,PS Tuglak Road,P.S.Tughlak Road,Match
10,Tughlaq Crescent,Tuglak Crescent,Slightly match
11,SJ Madrasa,SJ Madarsa,Slightly match
12,SJ Airport,SJ Airport,Match
13,INA Colony,INA Market,Not matched
14,Raj Nagar,Kidwai Nagar,Not matched
15,Safderjung Hospital,S.J. Hospital,Not matched
16,Yusuf Sarai,Yusuf Sarai,Match
17,Green Park,Green Park,Match
18,Hauz Khas,Hauz Khas ,Match
19,Padhmini Enclave,Padmini Enclave,Match
20,IIT Gate,IIT Gate,Match
21,Survo Priya Vihar,Survo Priya Vihar,Match
22,Bhavishya Nidhi Enclave,Bhavishya Nidhi Enclave,Match
23,Begumpur (Malviya Nagar),Malviya Nagar Xing,Not matched
24,Moti Nagar Market,Malviya Nagar Market,Slightly match
25,Malviya Nagar,Malviya Nagar,Match
26,Begumpur (Malviya Nagar),Malviya Nagar F Block,Not matched
