,OLD_STOPS,NEW_STOPS,OUTPUT
1,Karampura Terminal,Karampura Terminal,Match
2,Moti Nagar Industrial Area,Moti Nagar  ,Slightly match
3,Moti Nagar Industrial Area,Moti Nagar industrial area,Match
4,Shadipur Depot,Shadi Pur Depot,Match
5,Shadipur Metro Station,Shadipur Metro Station,Match
6,West Patel Nagar,West Patel Nagar,Match
7,South Patel Nagar (Metro Station),South Patel Nagar,Slightly match
8,East Patel Nagar,East Patel Nagar,Match
9,Shankar Road,Shankar Raod( RAJINDER PLACE),Slightly match
10,Rajender Nagar,Rajinder Nagar Crossing,Slightly match
11,Old Rajendra Nagar Market,Rajinder Nagar Market,Slightly match
12,Karol Bagh Metro Station,Karol Bagh Metro Station,Match
13,Pusa Road Petrol Pump Sadhu Vaswani Marg,Sadhu Vasvani Marg ,Slightly match
14,Meghdoot Bhawan,Meghdoot Bhawan,Match
15,Panchkuian Road Banwari Lal Hospital,Banwari Lal Hosp.,Slightly match
16,Balmiki Mandir Marg,Mandir Marg,Slightly match
17,Gole Market,Gole Market Peshwa Road,Slightly match
18,Rama Krishna Ashram Marg,R.K. Asharam Marg,Not matched
19,Kalawati Hospital,Kalawati Saran Hospital,Match
20,Sucheta Kriplani Hospital,Sucheta Kriplani Hospital,Match
21,Super Bazar,Super Bazar,Match
22,Scindia House / Kailash Bhawan,Scindia House,Slightly match
23,Tolstoy Marg,Tolstoy Marg,Match
24,Western Court,Eastern Court,Match
25,Windsor Place,Windsor Place,Match
26,National Archives,National Archives,Match
27,National Muesum,National Museum,Match
28,Claridges Hotel,Claridges Hotel,Match
29,Prithviraj Road Crossing,Prithviraj Road,Slightly match
30,Max Mueller Marg,Max Muller Marg,Match
31,Lodhi Road Crossing,Lodhi Road Crossing,Match
32,Lodhi Colony 18-Block,Lodhi Colony 18,Match
33,Lodhi Colony,Lodhi Colony,Match
34,Central School Lodhi Road,Lodhi Road Central School,Match
35,J L Nehru Stadium,J L Nehru Stadium,Match
36,Sewa Nagar Flyover,Sewa Nagar Flyover,Match
37,Defence Colony (Homyopathic College),Defence Colony,Slightly match
38,PT College Kotla,PT College Kotla,Match
39,Andrews Ganj,Andrews Ganj,Match
40,Central School,Central School,Match
41,Sadiq Nagar,Sadiq Nagar,Match
42,Siri Fort Road,Siri Fort Road,Match
43,Krishi Vihar,Krishi Vihar,Match
44,Panchsheel Enclave,Panchsheel Enclave,Match
45,Chirag Delhi,Chirag Delhi,Match
46,Sheikh Sarai Phase II,Seikh Sarai Ph-II,Slightly match
47,Pushpa Bhawan,Pushpa Bhawan,Match
48,P.S. Madan Gir,PS Madan Gir,Match
49,Ambedkar Nagar Sec-4 virat Cinema,Ambedkar Nagar Sec-4 Virat cinema,Match
