,OLD_STOPS,NEW_STOPS,OUTPUT
1,Inder Puri JJ Colony,Inder Puri,Slightly match
2,Inder Puri (Krishi Kunj),Inder Puri JJ Colony,Not matched
3,Loha Mandi,Loha Mandi,Match
4,Bentax,Bentax,Match
5,Naraina Depot,Naraina Depot,Match
6,Pandav Nagar,Pandav Nagar,Match
7,Shadipur Colony,DTC Colony Shadi Pur,Not matched
8,Shadipur Metro Station,Shadipur Metro Station,Match
9,West Patel Nagar,West Patel Nagar,Match
10,South Patel Nagar (Metro Station),South Patel Nagar,Slightly match
11,East Patel Nagar,East Patel Nagar,Match
12,Shankar Road,Shankar Raod( RAJINDER PLACE),Slightly match
13,Rajender Nagar,Rajinder Nagar Crossing,Slightly match
14,Old Rajendra Nagar Market,Rajinder Nagar Market,Slightly match
15,Karol Bagh Metro Station,Karol Bagh Metro Station,Match
16,Pusa Road Petrol Pump Sadhu Vaswani Marg,Sadhu Vasvani Marg ,Slightly match
17,Meghdoot Bhawan,Meghdoot Bhawan,Match
18,Panchkuian Road Banwari Lal Hospital,Banwari Lal Hosp.,Slightly match
19,Panchkuian Road,Punchkuain Road,Slightly match
20,Kalawati Hospital,Kalawati Saran Hospital,Match
21,Sucheta Kriplani Hospital,Sucheta Kriplani Hospital,Match
22,Super Bazar,Super Bazar,Match
23,Scindia House / Kailash Bhawan,Scindia House,Slightly match
24,Max Mueller Bhawan,Max Muller Bhawan,Match
25,Feroz S Road,Feroz Sshah Road,Slightly match
26,National Archives,National Archives,Match
27,National Muesum,National Museum,Match
28,Claridges Hotel,Claridges Hotel,Match
29,Prithviraj Road Crossing,Prithviraj Road,Slightly match
30,Max Mueller Marg,Max Muller Marg,Match
31,Lodhi Road Crossing,Lodhi Road Crossing,Match
32,Lodhi Colony 18-Block,Lodhi Colony 18,Match
33,Lodhi Colony,Lodhi Colony,Match
34,Central School Lodhi Road,Lodhi Road Central School,Match
35,J L Nehru Stadium,J L Nehru Stadium,Match
36,Sewa Nagar Flyover,Sewa Nagar Flyover,Match
37,Defence Colony (Homyopathic College),Defence Colony,Slightly match
38,PT College Kotla,PT College Kotla,Match
39,Andrews Ganj Shiv Mandir / Ansal Plaza,Andrews Ganj,Not matched
40,Ayurvigyan Nagar,Ayurvigyan Nagar,Match
41,Anandlok,Uday Park / Anand Lok,Not matched
42,Niti Bagh,Niti Bagh,Match
43,Kalma Nehru College,Kamla Nehru College,Match
44,Khel Gaon / Siri Fort Road,Khel Gaon,Slightly match
45,Shahpur Jat,Shahpur Jat,Match
46,Panchsheel Club,Panchsheel Club,Match
47,Bhavishya Nidhi Enclave,Bhavishya Nidhi Enclave,Match
48,Begumpur (Malviya Nagar),Begam Pur ,Not matched
49,Malviya Nagar,Malviya Nagar,Match
50,Aurobindo College,Aurbindo College,Match
51,PNB Geetanjali,Geetanjali Enclave,Not matched
52,PNB Geetanjali,PNB Geetanjli,Match
53,Saket A Block (Malviya Nagar Metro Station),Saket A Block,Not matched
54,Press Enclave,Press Enclave,Match
55,Modi Hospital,Modi Hospital,Match
56,Hauj Rani,Hauz Rani,Slightly match
57,Saket M Block,Saket M Block,Match
58,Saket Terminal,Saket Terminal,Match
59,Saket J Block,Saket J Block,Match
60,Saket Xing,Saket Xing,Match
61,Asian Market,Asian Market,Match
62,DIPSAR College of Pharmacy,Dipsar,Not matched
63,Ambedkar Nagar Terminal,Ambedkar Nagar Terminal,Match
64,Ambedkar Nagar Depot,Ambedkar Nagar Depot,Match
65,Khanpur Extension / Devli Xing,Devali Road Xing,Slightly match
66,Vayu Senabad,Vayu Senabad,Match
67,Batra Hospital / Satya Narayan Mandir,Batra Hospital,Slightly match
68,Hamdrad nagar,Hamdrad nagar,Match
