,OLD_STOPS,NEW_STOPS
1,,ARYE SAMAJ RAOD
2,,Sadhu Vasvani Marg 
3,,Meghdoot Bhawan
4,,Banwari Lal Hosp.
5,,Punchkuain Road
6,,Kalawati Saran Hospital
7,,Sucheta Kriplani Hospital
8,,Super Bazar
9,,Scindia House
10,,Max Muller Bhawan
11,,Feroz Sshah Road
12,,National Archives
13,,National Museum
14,,Claridges Hotel
15,,Prithviraj Road
16,,Max Muller Marg
17,,Lodhi Road Crossing
18,,Lodhi Colony 18
19,,Lodhi Colony
20,,Lodhi Road Central School
21,,J L Nehru Stadium
22,,Sewa Nagar Flyover
23,,Defence Colony
24,,PT College Kotla
25,,Andrews Ganj
26,,Ayurvigyan Nagar
27,,Uday Park / Anand Lok
28,,Niti Bagh
29,,Kamla Nehru College
30,,Khel Gaon
31,,Shahpur Jat
32,,Panchsheel Club
33,,Bhavishya Nidhi Enclave
34,,Malviya Nagar Xing
35,,Malviya Nagar Market
36,,Malviya Nagar
37,,Malviya Nagar F Block
