,OLD_STOPS,NEW_STOPS,OUTPUT
1,bhati mines,Bhatti Mines,Match
2,indira nagar,Indira Colony,Not matched
3,Check Post,Check Post,Match
4,vyas bhawan,Vyas Bhawan,Match
5,sawan public school,Sawan Public School ,Match
6,Dera More,Dera More,Match
7,Harasawroop Colony,Harasawroop Colony,Match
8,Fatehpur Beri,Fatehpur Beri,Match
9,Shani Dham Mandir,Shani Dham Mandir,Match
10,Chandan Holla,Chandan Holla,Match
11,Mallu Farm,Mallu Farm,Match
12,Satbari Village,Satbari Village,Match
13,Nanda Hospital,Nanda Hospital,Match
14,Rajpur Xing,Rajpur Xing,Match
15,Chhatarpur Extension,Chhatarpur Extension,Match
16,Chhattarpur,Chhattarpur,Match
17,Chhattarpur Mandir,Chhattarpur Mandir,Match
18,Chhattarpur More,Chhattarpur More,Match
19,Andheria More / Chhatarpur Metro Station,Andheria More,Slightly match
20,Ahinsa Sthal,Ahinsa Sthal,Match
21,Lado Sarai Crossing,Lado Sarai xing,Slightly match
22,T.B hospital,TB Hospital,Match
23,DDA Flats Lado Sarai,Lado Sarai DDA Flats,Match
24,PTS,PTS,Match
25,MMTC / Adhchini Village,MMTC,Not matched
26,Adhchini Village,Adhchini Village,Match
27,NCERT,NCERT,Match
28,Qutub Hotel,Qutab Enclave,Not matched
29,Katwaria Sarai,Katwaria Sarai,Match
30,Sanskrit Vidyapeeth,Sanskrit Vidyapeeth,Match
31,FAI,FAI,Match
32,School Of Physical Science,School of Physical Science,Match
33,Ber Sarai,Ber Sarai,Match
34,JNU,JNU,Match
35,DDA FLATS MUNIRKA,DDA Flat Munirka,Match
36,Munirka Village (T),Munirka Village,Match
37,R K Puram Nab,R K Puram Sec-4,Not matched
38,RK Puram Sec-10,RK Puram Sector-1,Slightly match
39,Mohan Singh Market,Mohan Singh Market,Match
40,R K Puram Sec-7,Sec-7 R.K. Puram,Match
41,RK Puram Sec-12(Sangam Cinema),Sangam Cinema,Slightly match
42,R K Puram Sec 8,RK Puram Sec-12,Slightly match
43,Railway Museum,South Moti Bagh,Not matched
44,Moti Bagh 1,Moti Bagh,Match
45,Gurudwara N P,Nanakpura Gurudwara,Not matched
46,Satya Niketan,Satya Niketan,Match
47,ARSD College (Dhaula Kuan),ARSD College,Slightly match
48,Dhaula Kuan,Dhaula Kuan,Match
