,OLD_STOPS,NEW_STOPS,OUTPUT
1,IGI Airport Terminal 2 (Air India Office),IGI Air Port Terminal-2,Slightly match
2,Air Traffic Control,Air Traffic Control (ATC),Match
3,Cargo / Express Terminal Gate,Cargo ,Not matched
4,Centaur Hotel / New Custom House,Santoor Hotel,Not matched
5,Radission Hotel,Raddission Hotel,Match
6,Mahipal Pur Extension,Mahipal Pur ,Slightly match
7,Rang Puri Pahari,Rang Puri Pahari,Match
8,Vasant Kunj Sec-C-8,Sec C-8 Vasant Kunj,Match
9,ISIC Hospital (Verma farm),Verma Farm,Slightly match
10,ISIC Hospital (Verma farm),ISIC Hosp,Slightly match
11,Kathuria Public School (Sai Darbar Mandir),Kathuria Public School,Slightly match
12,Masood Pur Dairy,Masood Pur Dairy,Match
13,Masood Pur Village,Masood Pur Village,Match
14,Vasant Kunj sec-B1,Sec-B1 Vasant Kunj,Match
15,Vasant Kunj Sec-D/3-4,Sec-D Vasant Kunj,Match
16,Kishan Garh,Kishan Garh,Match
17,Vasant Kunj Sec-A ILBS,Vasant Kunj Terminal,Not matched
18,Vasant Kunj Sec-A Pkt-BC,Sec A Vasant Kunj,Match
19,Desu Office,Desu Office,Match
20,Andheria More / Chhatarpur Metro Station,Andheria More,Slightly match
21,Jain Mandir,Jain Mandir,Match
22,Ahinsa Sathal,Ahinsa Sathal,Match
23,Lado Sarai Crossing,Lado Sarai Terminal,Match at 25 in new_data list
24,T.B hospital,T.B. Hospital,Match
25,Lado Sarai Crossing,Lado Sarai Crossing,Match
26,DDA Flats Lado Sarai,DDA Flat Lado Sarai,Match
27,PTS,PTS,Match
28,PNB Geetanjali,PNB Geetanjali,Match
29,Saket A Block (Malviya Nagar Metro Station),Saket A Block,Not matched
30,Press Enclave,Press Enclave,Match
31,Modi Hospital,Modi Hospital,Match
32,Hauj Rani,Hauz Rani,Slightly match
33,Khirki Village,Khirki Village,Match
34,PSRI,PSRI,Match
35,Vocational College,Vocational College,Match
36,Sheikh Sarai More,Sheikh Sarai More,Match
37,Sheikh Sarai Ph-II,Sheikh Sarai PH-II,Match
38,Chirag Delhi,Chirag Delhi,Match
39,Masjid Moth,Masjid Moth,Match
40,Pumposh Enclave,Pumpose Enclave,Match
41,Nehru Place,Paras Cinema,Not matched
42,Nehru Place,Nehru Place Terminal,Slightly match
43,Kalkaji Mandir,Kalkaji Mandir,Match
44,Modi Floor Mills,Modi Mills,Slightly match
45,NSIC,NSIC,Match
46,Sukhdev Vihar,Sukh Dev Vihar,Match
47,Holy Family Hospital,Holy Family Hospital,Match
48,Bharat Nagar Crossing,Bharat Nagar Crossing,Match
49,Bharat Nagar,Bharat Nagar,Match
50,Taimur Nagar,Tamoor Nagar,Slightly match
51,Meera Bai Polytechnic,Meera Bai Polytechnic,Match
52,Maharani Bagh / Ashram,Maharani Bagh,Slightly match
53,Bala Sahib Gurudwara,Bala Sahib Gurudwara,Match
54,Sarai Kale Khan ISBT,Sarai Kale Khan ISBT,Match
55,Nizamuddin Road Bridge / CPWD Office,Road Bridge East,Slightly match
56,Cpwd Office,CPWD Office,Match
57,Pusta Crossing,Pusta Crossing,Match
58,Samas Pur Jagir Village,Samas Pur Jagir,Slightly match
59,Mother Dairy,Mother Dairy,Match
60,Mother Dairy Crossing,Mother Dairy X ing,Slightly match
61,Dharma Apartment,Dharma Appartments,Match
62,Govt Model School / Ambedkar Park,Government Model School,Not matched
63,Press Apartment,Press Appartments,Match
64,Saraswati Kunj,Saraswati Kunj,Match
65,Ras Vihar,Ras Vihar,Match
66,Parivar Apartment,Parivar Apartment,Match
67,Vijaya Laxmi Apartment,Vijaya Laxmi Apartment,Match
68,Balco Apartment,Balco Apartment,Match
69,Himalaya Apartment,Himalaya Appartment,Match
70,Neethi Apartment,Nidhi Apartment,Slightly match
71,Prince Apartment,Prince Apartment,Match
72,Mandawali Gov Scl,Mandawali Government School,Slightly match
73,Chandar Vihar,Chandar Vihar,Match
74,Ashirwad Apartment,Ashirvad Apartment,Match
75,Hassanpur Depot,Hasan Pur Depot,Match
76,Hassanpur Village,Hasan Pur Village,Match
77,Gazipur Depot,Gazipur Depot,Match
78,Mahrajpur Check Post,Mahrajpur Check Post,Match
79,Anand Vihar ISBT Main Road,Anand Vihar ISBT Main Road,Match
80,ISBT Anand Vihar main Road,ISBT Anand Vihar,Slightly match
