,OLD_STOPS,NEW_STOPS,OUTPUT
1,okhla gaon,Okhla Village,Not matched
2,Batla House (Temporary),Batla House,Slightly match
3,Ansari Health Care,Ansari Stadium,Not matched
4,Jamiya Millia College,Jamiya Islamiya College,Slightly match
5,Holy Family Hospital,Holy Family Hospital,Match
6,Bharat Nagar Crossing,Bharat Nagar Xing,Slightly match
7,Bharat Nagar,Bharat Nagar,Match
8,Taimur Nagar,Tamoor Nagar,Slightly match
9,Meera Bai Polytechnic,Meera Bai Polytechnic,Match
10,Maharani Bagh / Ashram,Maharani Bagh,Slightly match
11,Bala Sahib Gurudwara,Bala Sahib Gurudwara,Match
12,Sarai Kale Khan ISBT,Sarai Kale Khan ISBT,Match
13,Nizamuddin Road Bridge / CPWD Office,Road Bridge East,Slightly match
14,Baba B D Ashrm,Baba Bishamber Dass Ashram,Slightly match
15,Cpwd Office,CPWD Office,Match
16,Pusta Crossing,Pusta xing,Not matched
17,Samas Pur Jagir Village,Samas pur Jagir Gaon,Slightly match
18,Mother Dairy,Mother Dairy,Match
19,Mother Dairy Crossing,Mother Dairy Xing,Slightly match
20,Dharma Apartment,Dharma Appartments,Match
21,Govt Model School / Ambedkar Park,Govt Model School,Slightly match
22,Press Apartment,Press Appartments,Match
23,Saraswati Kunj,Saraswati Kunj,Match
24,Ras Vihar,Ras vihar,Match
25,Parivar Apartment,Parivar Apartment,Match
26,Vijaya Laxmi Apartment,Vijay Laxmi Appt.,Not matched
27,Balco Apartment,Balco Appartment,Match
28,Himalaya Apartment,Himalaya Appartment,Match
29,Neethi Apartment,Nidhi Appartment,Slightly match
30,Prince Apt,Prince Apartment,Slightly match
31,Mandawali Gov Scl,Mandawali Government School,Slightly match
32,Chandar Vihar,Chandar Vihar,Match
33,Ashirwad Apartment,Ashirwad Apartment,Match
34,Hassanpur Depot,Hasan Pur Depot,Match
35,Hassanpur Village,Hasan Pur Village,Match
36,Gazipur Depot,Gazipur Depot,Match
37,Mahrajpur Check Post,Mahrajpur Check Post,Match
38,Anand Vihar ISBT Main Road,ISBT Anand Vihar Main Road,Match
39,Anand Vihar ISBT Main Road,Anand Vihar ISBT,Slightly match
