,OLD_STOPS,NEW_STOPS,OUTPUT
1,Anand Vihar ISBT Main Road,ISBT Anand Vihar,Slightly match
2,Anand Vihar ISBT Main Road,Anand Vihar ISBT Main Road,Match
3,Maharaj Pur Check Post,Mahrajpur Check Post,Match
4,Gazipur Depot,Gazipur Depot,Match
5,Hasanpur Village,Hasan Pur Village,Match
6,Hassanpur Depot,Hasan Pur Depot,Match
7,Ashirwad Apartment,Ashirvad Apartment,Match
8,Mithla Apartment Chandar Vihar,Chandar Vihar,Slightly match
9,Mandawali Government School,Mandawali Government School,Match
10,Prince Apartment,Prince Apartment,Match
11,Neethi Apartment,Nidhi Apartment,Slightly match
12,Himalaya Apartment,Himalaya Appartment,Match
13,Balco Apartment,Balco Apartment,Match
14,Vijaya Laxmi Apartment,Vijaya Laxmi Apartment,Match
15,Parivar Apartment,Parivar Apartment,Match
16,Ras Vihar Apartment (PS Madhu Vihar),Ras Vihar,Not matched
17,Saraswati Kunj,Saraswati Kunj,Match
18,Press Apartment,Press Appartments,Match
19,Govt Model School / Ambedkar Park,Government Model School,Not matched
20,Dharma Apartment,Dharma Appartments,Match
21,Mother Dairy,Mother Dairy Xing,Match
22,Mother Dairy Crossing,Mother Dairy,Slightly match
23,Samas Pur Jagir,Samas Pur Jagir,Match
24,Pusta Crossing / Akhardham Temple,Pusta Crossing,Slightly match
25,CWG Village / PWD Office,CPWD Office,Slightly match
26,Payal Cinema,Road Bridge East,Not matched
27,ISBT Sarai Kale Khan,Sarai Kale Khan ISBT,Match
28,Bala Sahib Gurudwara,Bala Sahib Gurudwara,Match
29,Maharani Bagh / Ashram,Maharani Bagh,Slightly match
30,Meera Bai Polytechnic,Meera Bai Polytechnic,Match
31,Taimur Nagar,Tamoor Nagar,Slightly match
32,Bharat Nagar,Bharat Nagar,Match
33,Bharat Nagar Crossing,Bharat Nagar Crossing,Match
34,Holy Family Hospital,Holy Family Hospital,Match
35,Sukh Dev Vihar,Sukh Dev Vihar,Match
36,NSIC,NSIC,Match
37,Laghu Udyog Sansthan(ModiMill),Modi Mills,Not matched
38,Kalkaji Mandir (MaaAnandmayeeMarg),Kalkaji Mandir,Slightly match
39,Nehru Place Terminal,Nehru Place Terminal,Match
40,Paras Cinema,Paras Cinema,Match
41,Pumposh Enclave,Pumpose Enclave,Match
42,OS Communication / Masjid Moth,Masjid Moth,Slightly match
43,Chirag Delhi,Chirag Delhi,Match
44,Sheikh Sarai Phase II,Sheikh Sarai PH-II,Match
45,Sheikh Sarai More,Sheikh Sarai More,Match
46,Vocational College,Vocational College,Match
47,PSRI,PSRI,Match
48,Khirki Village,Khirki Village,Match
49,Hauz Rani,Hauz Rani,Match
50,HaujRani / MaxHospital,Modi Hospital,Not matched
51,Press Enclave,Press Enclave,Match
52,Saket A block(Malviya Nagar Metro Station),Saket A-Block,Not matched
53,PNB Geetanjali,PNB Geetanjali,Match
54,PTS,PTS,Match
55,DDA Flats Lado Sarai,DDA Flat Lado Sarai,Match
56,T.B. Hospital,T.B. Hospital,Match
57,Qutub Minar,Qutab,Not matched
58,Mehrauli Terminal,Mehrauli Terminal,Match
