,OLD_STOPS,NEW_STOPS,OUTPUT
1,nagloi,QUMRUDDIN NAGAR ,Match at 3 in new_data list
2,kamruddin nagar,Lokesh Cinema,Match at 4 in new_data list
3,adhyapak nagar,Nagloi,Match at 5 in new_data list
4,ShivRam Park,Kamruddin Nagar,Match at 6 in new_data list
5,Nilothi Crossing,Adhyapak Nagar,Not matched
6,Laxmi Park C,Shiv Ram Park,Not matched
7,RANHOLA,Nilothi More,Not matched
8,TILANG PUR KOTLA,Laxmi Park Extn,Match at 10 in new_data list
9,Satya Vihar / Chanchal Park,Ranhola Villlage,Not matched
10,BakkarWala Crossing,Tilang Pur Kotla,Not matched
11,Baprola Village,Chanchal Park,Match at 13 in new_data list
12,Baprola School,Bakkar Wala Xing,Not matched
13,AirForce Station (BaniCamp),Baprola Village,Not matched
14,Jai Vihar,Baprolla School,Not matched
15,Dichau Kalan Depot,Airforce Bani Camp,Match at 17 in new_data list
16,Nirmal Vihar,Jay Vihar,Match at 18 in new_data list
17,Udaseen Ashram,Dichau Kalan Depot,Not matched
18,Najaf Garh Delhi Gate,Nirmal Vihar,Not matched
19,Health Centre,Udasin Ashram,Not matched
20,Najafgarh Delhi Gate,Najaf Garh,Slightly match
21,Chawla Stand Najafgarh,Nazafgarh Health Centre,Match at 23 in new_data list
22,BDO Office Roshan Pura,Nazafgarh,Not matched
23,ROSHAN PURA,Chawla Stand Najafgarh,Match at 24 in new_data list
24,Durga Vihar,Roshan Pura,Match at 26 in new_data list
25,Deenpur Village,BDO Office Najafgarh,Not matched
26,JHATIKARA XING,Durga Vihar,Match at 28 in new_data list
27,Chhawla School,Dinpur Village,Match at 29 in new_data list
28,Chhawla Village Kangan Heri Road,Jhatikara Xing,Not matched
29,Ekta Garden- Harijan Basti,Chhawla School,Not matched
30,bsf camp chhawla,Chhawla Village,Match at 32 in new_data list
31,Bamnoli Power Station,Harijan Basti,Not matched
32,Bamnoli Crossing,BSF Camp Chhawla,Not matched
33,Bijwason Flyover before Bridge,Bamnoli Power House,Not matched
34,Syndicate Bank,Bamnoli,Not matched
35,Bijwason School (Golak Dham),Bijwasan Railway Flyover (Before),Not matched
36,Pushpanjali (Farm),Bijwasan Syndicate Bank,Not matched
37,Kapashera Village,Bijwasan School / Golak Dham,Not matched
38,Kapashera Crossing,Pushpanjali Farm,Not matched
39,Samalkha Village,Kapashra Village,Match at 41 in new_data list
40,Samalkha Crossing,Kapashera Xing,Not matched
41,orchid hotel,Samalkha Village,Match at 43 in new_data list
42,Shiv Murti,Samalkha Xing,Not matched
43,Rang Puri Pahari,Orchid Hotel,Match at 48 in new_data list
44,Mahipal Pur Village,Shiv Murti-II,Not matched
45,Mahipal Pur Extension,Rang Puri,Not matched
46,Rang Puri Pahari,Mahipal Pur xing,Match at 48 in new_data list
47,Vasant Kunj Sec-C-8,Mahipal Pur ,Not matched
48,ISIC Hospital (Verma farm),Rang Puri Pahari,Not matched
49,Masood Pur Village,C-8 Vasant Kunj,Not matched
50,Vasant Kunj sec-B1,Verma Farm,Not matched
51,Vasant Kunj Sec-D/3-4,Masood Pur,Not matched
52,Kishan Garh,Vasant Kunj B-1,Match at 54 in new_data list
53,Vasant Kunj Sec-A ILBS,Vasant Kunj Sector D-3/4,Not matched
54,Vasant Kunj Sec-A Pkt-BC,Kishan Garh,Not matched
55,Andheria Bagh More,Vasant Kunj Sec-A,Not matched
56,Ahinsa Sthal,"Vasant Kunj Sec-A Lkt, BC",Match at 58 in new_data list
57,Qutub Minar,Andheria More,Not matched
58,Mehrauli Terminal,Ahinsa Sthal,Match at 60 in new_data list
59,,Qutab,
60,,Mehrauli Terminal,
