,OLD_STOPS,NEW_STOPS,OUTPUT
1,Najafgarh Terminal,Najafgarh Terminal,Match
2,Jharonda X-Ing,Jharonda X-Ing,Match
3,Najafgarh Nangloi Stand,Najafgarh-Nangloi Stand,Match
4,NAJAFGARH HEALTH CENTER,Health Center,Slightly match
5,NajafGarh Delhi Gate,Najafgarh Delhi Gate,Match
6,Chawla Stand Najafgarh,Chhawala Stand N.Garh,Slightly match
7,BDO Office Roshan Pura,Roshan Pura,Slightly match
8,ROSHAN PURA,BDO Office,Match at 7 in new_data list
9,Durga Vihar,Durga Vihar,Match
10,Deenpur Village,Deen Pur Village,Match
11,Goela Dairy Crossing,Goela Crossing,Match
12,Jhatikra Crossing Pandwala Road,Jhatikra Crossing,Slightly match
13,Chhawla School,Chhawala School,Match
14,Chhawla Village Kangan Heri Road,Chhawala Village,Slightly match
15,Sumesh Vihar,Sumesh Vihar,Match
16,BSF Camp Chhawla,Chhawala Camp/BSF,Match
17,BSF Staff Quarter,BSF Staff Quarter,Match
18,Check Post,Check Post,Match
19,Bamnoli Power Station,DESU Powar House ,Not matched
20,Bamnoli Crossing,Bamnoli ,Slightly match
21,Bijwason Flyover before Bridge,Bijwason Rly. St. Crossing (Before Bridge),Slightly match
22,Bijwason Vill,Bijwason Village,Slightly match
23,Bijwason School (Golak Dham),Bijwason School (Golok Dham),Match
24,Pushpanjali (Farm),Pushpanjali (Farm),Match
25,Kapashera Village,Kapashera Village,Match
26,Kapashera Crossing,Kapashera Crossing,Match
27,Kapashera Village,Kapashera Village,Match
28,Kapashera Border,Kapashera Border,Match
