,OLD_STOPS,NEW_STOPS,OUTPUT
1,Mehrauli Terminal,Mehrauli Terminal,Match
2,Qutub Minar,Qutub,Slightly match
3,Lado Sarai Crossing,Lado sarai Xing,Slightly match
4,Ahinsa Sthal,Ahinsa Sthal,Match
5,Jain Mandir,Jain Mandir,Match
6,Qutub Minar Metro Sation,Qutab Metro Station,Not matched
7,Andheria Bagh More / Chhatarpur Metro Station,Andheria More,Not matched
8,Vasant Kunj Sec-A ILBS,Vasant Kunj Sec-A,Match
9,Vasant Kunj Sec-A ILBS,Vasant Kunj A Pocket B/C,Not matched
10,Vasant Kunj Terminal,Vasant Kunj Sec-D2,Not matched
11,Vasant Kunj Sec-A ILBS,Vasant Kunj Sec-A,Match
12,Kishan Garh,Kishan Garh,Match
13,Vasant Kunj Sec-D/3-4,Vasant Kunj D-3/4,Match
14,Vasant Kunj sec-B1,Vasant Kunj B-1,Slightly match
15,Masood Pur Dairy,Masood Pur,Slightly match
16,Kathuria Public School (Sai Darbar Mandir),Kathuria Public School,Slightly match
17,ISIC Hospital (Verma farm),Verma Farm,Slightly match
18,Vasant Kunj Sec-C-8,Old Police Stn C-8 Vasant Kunj,Slightly match
19,Rang Puri Pahari,Rang Puri Pahari,Match
20,Mahipal Pur Extension,Mahipal Pur,Slightly match
21,Mahipal Pur Extension,Mahipal Pur,Slightly match
22,Rang Puri Pahari,Rang Puri,Slightly match
23,Shiv Murti-1,Shiv Murti-I,Match
24,mile stone,Mile Stone,Match
25,Rajokari Xing,Rajokari Xing,Match
26,Shiv Murti-II,Shiv Murti -II,Match
27,orchid hotel,Orchid Hotel,Match
28,Samalkha Village,Samalka Village,Match
29,Kapashera Crossing,Kapshera Xing,Not matched
30,Kapashera Vill 1,Kapshera Village,Slightly match
31,Pushpan Jali,Pushpanjali Farm,Not matched
32,Bijwason School,Bijwason School / Golk Dham,Slightly match
33,Bijwason Vill,Bijwason SYndicate Bank,Slightly match
34,Bijwason Flyover after Bridge,Bijwasan Railway Flyover (After),Not matched
35,Bamnoli,Bamnoli,Match
36,Desu Power House,Bamnauly Power House,Not matched
37,Check Post,Check post,Match
38,itbp chhawla,ITBP Chhawla,Match
39,BSF Camp Chhawla,BSF Camp Chhawla,Match
40,Sumesh Vihar,Harijan Basti,Not matched
41,Chhawla Village,Chhawla Village,Match
42,Chhawla Village,Chhawla Village,Match
43,Chhawla School,Chhawla School,Match
44,Jhatikara Xing,Jhatikara More,Not matched
45,Goela Dairy Crossing,Goyla Dairy Xing,Not matched
46,Deenpur Village,DeenPur,Slightly match
47,Durga Vihar,Durga Vihar,Match
48,BDO Office Roshan Pura,BDO Office Najafgarh,Not matched
49,ROSHAN PURA,Roshan Pura,Match
50,NajafGarh Dhansa Stand,Dhansa Stand najafgarh,Match
51,P.S. NAJAFGARH,P.S. Najafgarh,Match
52,NajafGarh Dhansa Stand,Dhansa Stand Najafgarh,Match
53,Jharoda Crossing,Jharoda Xing,Not matched
54,Najafgarh Terminal,Najafgarh Nangoi Stand,Not matched
55,Najaf Garh Delhi Gate,Najaf Garh,Slightly match
56,udasin ashram,Udasin Ashram,Match
57,Nirmal Vihar,Nirmal Vihar,Match
58,Dichau Kalan Depot,Dichau Kalan Depot,Match
59,Jai Vihar,Jai Vihar,Match
60,AirForce Station (BaniCamp),Airforce Bani Camp,Not matched
61,Baprola School,Baprolla School,Match
62,Baprola Village,Baprolla Village,Match
63,BakkarWala Crossing,Bakkar Wala Xing,Not matched
64,Chanchal Park,Chanchal Park,Match
65,TILANG PUR KOTLA,Tilang Pur Kotla,Match
66,Vaishno Mata Mandir,MATA MANDIR,Slightly match
67,ranhola villlage,Ranhola Villlage,Match
68,laxmi park extn,Laxmi Park Extn,Match
69,niothi xing,Niothi Xing,Match
70,ShivRam Park,Shiv Ram Park,Match
71,RAM NAGAR COLONY BQS,Ram Nagar Colony,Match
72,KAMARUDDIN NAGAR,Kamruddin Nagar,Match
73,naresh park nagloi,Naresh Park Nagloi,Match
74,nagloi metro station,Nagloi Metro Station,Match
