,OLD_STOPS,NEW_STOPS,OUTPUT
1,Tara Apartments Terminal,Tara Apartment Ternimal G.K.-2,Not matched
2,Alakhnanda Appartment,Alakhnanda Appartments,Match
3,Don Bosco School,DON Basco School,Match
4,S Block Greater Kailash- II,Greater Kailash II S Block,Match
5,Chandan Market Greater Kailash- II,Chandan Market,Slightly match
6,M Block Greater Kailash- II,Greater Kailash II M Block,Match
7,E Block Greater Kailash- II,Greater Kailash II E Block,Match
8,Savitri Cinema (E Block Gurudwara),Savitri Cinema,Slightly match
9,OS Communication / Masjid Moth,Masjid Moth,Slightly match
10,Swami Nagar,Swami Nagar,Match
11,Sadhna Enclave,Sadhna Enclave,Match
12,Panchsheel Clb,Panchsheel Club,Match
13,Shahpur Jat,Shahpur Jat,Match
14,Khel Gaon,Khel Gaon,Match
15,Kamla Nehru College,Kamla Nehru College,Match
16,Kamla Nehru College/Niti Bag,Niti Bagh,Not matched
17,Uday Park,Uday Park / Anand Lok,Slightly match
18,Ayurvigyan Nagar,Ayurvigyan Nagar,Match
19,Andrews Ganj,Andrews Ganj,Match
20,South Extension,South Ext Kotla Petrol Pump,Slightly match
21,South Extension - 1,South Extension 2,Slightly match
22,AIIMS Ring Road,AIIMS,Not matched
23,Kidwai Nagar,Kidwai Nagar,Match
24,INA Market,INA Market,Match
25,SJ Airport,SJ Airport,Match
26,SJ Madrasa,SJ Madarsa,Slightly match
27,Tughlaq Crescent,Tuglak Crescent,Slightly match
28,PS Tughlaq Road,P.S.Tughlak Road,Slightly match
29,Krishan Menon Marg,Krishna Menon Marg,Match
30,Sunheri Masjid/G Block,G Block,Not matched
31,Udyog Bhawan,Udhyog Bhawan,Match
32,Rail Bhawan Metro Station / Krishi Bhawan,Krishi Bhawan,Not matched
33,Aakashwani Bhawan (Imtiyaz Ali Road),Aakashwani Bhawan,Slightly match
34,Red Cross Road,Red Cross Road,Match
35,Gurudwara Rakab Ganj,Gurudwara Rakab Ganj,Match
36,Kendriya Terminal (Church Road),Kendriya Terminal,Slightly match
