,OLD_STOPS,NEW_STOPS,OUTPUT
1,Aya Nagar,Malviya Nagar F-Block,Slightly match
2,malviya nagar xing,Malviya Nagar,Match
3,Moti Nagar Market,Malviya Nagar Market,Slightly match
4,Begumpur (Malviya Nagar),Malviya Nagar Xing,Not matched
5,Bhavishya Nidhi Enclave,Bhavishya Nidhi Enclave,Match
6,Sarvpriya Vihar,Survepriya Vihar,Slightly match
7,IIT Gate,IIT Gate,Match
8,Padmani Enclave,Padmini Enclave,Match
9,Hauz Khas,Hauz Khas ,Match
10,Green Park,Green Park,Match
11,Yusuf Sarai,Yusuf Sarai,Match
12,AIIMS Ring Road,AIIMS,Not matched
13,South Extension,South Ext Kotla Petrol Pump,Slightly match
14,South Extension,South Extension 2,Match
15,Andrews Ganj,Andrews Ganj,Match
16,Gupta Market,Gupta Market,Match
17,Lajpat Nagar 2 Ring Road,Lajpat Nagar,Slightly match
18,PG DAV College / Sri Niwaspuri,Sri Niwas Puri,Slightly match
19,Nehru Nagar,Nehru Nagar,Match
20,Maharani Bagh / Ashram,Maharani Bagh,Slightly match
21,Bala Sahib Gurudwara,Bala Sahib Gurudwara,Match
22,Sarai Kale Khan ISBT,Sarai Kale Khan ISBT,Match
23,Nizamuddin Road Bridge / CPWD Office,Road Bridge East,Slightly match
24,Cpwd Office,CPWD Office,Match
25,Pusta Crossing,Pusta Crossing,Match
26,Samaspur Jagir Village / Pandav Nagar,Samaspur Jagir,Slightly match
27,Patpar Ganj Flyover,Patpar Ganj Flyover,Match
28,Sanjay Lake NH-24,Sanjay Lake NH-24,Match
29,East Vinod Nagar Depot,Vinod Nagar NH-24,Not matched
30,Khichri Pur NH-24,Khichri Pur NH-24,Match
31,National Highway Xing,National Highway Xing,Match
32,Gazipur Village,Gazi Pur Village,Match
33,Gazipur Depot,Gazi Pur Depot,Match
34,ISBT Anand Vihar,Anand Vihar ISBT,Match
35,Ram Prastha Crossing,Ram Prastha Crossing,Match
36,Ram Prastha Temple,Ram Prastha,Slightly match
37,Surya Nagar,Surya Nagar,Match
38,Shahdara Border,Shahdara Border,Match
39,JandK Pocket Dilshad Garden,J&K Pkt Dilshad Garden ,Slightly match
40,Old Seema Puri,Seema Puri,Match
41,New Seema Puri,New Seema Puri ,Match
