,OLD_STOPS,NEW_STOPS,OUTPUT
1,Kapashera Border,Kapashera Border,Match
2,Kapashera Village,Kapashera Village,Match
3,Kapashera Crossing,Kapashera Xing,Slightly match
4,Samalkha Village,Samalka Village,Match
5,Samalkha Crossing,Samalkha Xing,Not matched
6,Shiv Murti (NH-8),Shiv Murti,Slightly match
7,Rang Puri Pahari,Rang Puri,Slightly match
8,Mahipal Pur Village,Mahipal Pur,Slightly match
9,NHW 8,NHW Crossing No-8,Not matched
10,APS Colony,APS Colony,Match
11,APS Colony/ Jharera Gaon,Jharera Village,Not matched
12,Air Force HQ / Subroto Park,Air Force H.Q.,Slightly match
13,RR Hospital,R.R. Hospital,Match
14,Dhaula Kuan,Dhaula Kuan,Match
15,Satya Niketan / Gurudwara Moti Bagh,Satya Niketan,Slightly match
16,South Moti Bagh (Ring Road),Moti Bagh,Slightly match
17,Aradhana Enclave,Aradhna Enclave,Match
18,RK Puram Sec-13,R K Puram Sec-12,Slightly match
19,Hyatt Hotel,Hyatt Hotel,Match
20,Nauroji Nagar,Narouji Nagar,Match
21,S J Hospital,S J Hospital,Match
22,AIIMS Ring Road,AIIMS,Not matched
23,South Extension,South Ext Kotla Petrol Pump,Slightly match
24,South Extension,South Extension 2,Match
25,Andrews Ganj,Andrews Ganj,Match
26,Gupta Market,Gupta Market,Match
27,Lajpat Nagar 2 Ring Road,Lajpat Nagar,Slightly match
28,PG DAV College / Sri Niwaspuri,Sri Niwas Puri,Slightly match
29,Nehru Nagar,Nehru Nagar,Match
30,Maharani Bagh / Ashram,Maharani Bagh,Slightly match
31,Bala Sahib Gurudwara,Bala Sahib Gurudwara,Match
32,Sarai Kale Khan ISBT,Sarai Kale Khan ISBT,Match
33,Nizamuddin Road Bridge / CPWD Office,Road Bridge East,Slightly match
34,Cpwd Office,CPWD Office,Match
35,Pusta Crossing,Pusta Crossing,Match
36,Samaspur Jagir Village / Pandav Nagar,Samas Pur Jagir ,Slightly match
37,Patpar Ganj Flyover,Patpar Ganj Flyover,Match
38,Sanjay Lake NH-24,Sanjay Lake NH-24,Match
39,East Vinod Nagar Depot,Vinod Nagar NH-24,Not matched
40,Khichri Pur NH-24,Khichri Pur NH-24,Match
41,National Highway Xing,National Highway Xing,Match
42,Gazipur Village,Gazi Pur Village,Match
43,Gazipur Depot,Gazi Pur Depot,Match
44,ISBT Anand Vihar,Anand Vihar (ISBT),Match
