,OLD_STOPS,NEW_STOPS,OUTPUT
1,Anand Vihar ISBT Terminal,Anand Vihar (ISBT),Match
2,Anand Vihar ISBT Main Road,Anand Vihar Main Road,Match
3,Maharaj Pur Check Post,Maharaj Pur Check Post,Match
4,Gazipur Depot,Gazi Pur Depot,Match
5,Gazipur Village,Gazi Pur Village,Match
6,Paschim Puri,National Highway Xing,Not matched
7,Khichri Pur NH-24,Khichri Pur NH-24,Match
8,East Vinod Nagar Depot,Vinod Nagar NH-24,Not matched
9,Sanjay Lake NH-24,Sanjay Lake NH-24,Match
10,Patpar Ganj Flyover,Patpar Ganj Flyover,Match
11,Samas Pur Jagir,Samas Pur Jagir ,Match
12,Pusta Crossing / Akhardham Temple,Pusta Crossing,Slightly match
13,CWG Village / PWD Office,CPWD Office,Slightly match
14,Payal Cinema,Road Bridge East,Not matched
15,ISBT Sarai Kale Khan,Sarai Kale Khan ISBT,Match
16,Bala Sahib Gurudwara,Bala Sahib Gurudwara,Match
17,Maharani Bagh (Ashram),Maharani Bagh,Slightly match
18,Nehru Nagar,Nehru Nagar,Match
19,Sri Niwas Puri,Sri Niwas Puri,Match
20,Vanasthali Public School,Lajpat Nagar,Not matched
21,Nizampur Village,Gupta Market,Not matched
22,Andrews Ganj,Andrews Ganj,Match
23,South Extension,South Extension 2,Match
24,South Extn Kotla Petrol Pump,South Ext Kotla Petrol Pump,Match
25,AIIMS,AIIMS,Match
26,Kidwai Nagar,Kidwai Nagar,Match
27,Kidwai Nagar (INA Colony),INA Colony,Slightly match
28,Safdurjung Terminal,Safdarjung Terminal,Match
