,OLD_STOPS,NEW_STOPS,OUTPUT
1,Badarpur Border,Badarpur Border,Match
2,Badarpur M B Road / Rajiv Gandhi Stadium,Badar Pur M.B. Road,Slightly match
3,Prehlad Pur,Prahladpur,Slightly match
4,Surajkund Crossing,Suraj kund Xing,Not matched
5,Lal Kuan,Lal Kuan,Match
6,Prem Nagar,Prem Nagar,Match
7,Tuglaqabad MB Road,Okhla More,Not matched
8,Kaya Maya Hospital,Kaya Maya Hospital,Match
9,Tughalqabad Village,Tuglaka Bad Villlage,Slightly match
10,Tuglakabad F,Tuglkabad Fort,Slightly match
11,Air Force Station,Air Force Station,Match
12,Hamdard Nagar / Sangam Vihar,Hamdard Nagar,Slightly match
13,Batra Hospital (Satya Narayan Mandir),Batra Hospital,Slightly match
14,Vayu Senabad,Vayusena Bad,Match
15,Devoli Road X,Devoli Road Crossing ,Slightly match
16,Ambedkar N D,Ambedkar Nagar Depot,Slightly match
17,C-1 Janak Puri,Ambedkar Nagar Terminal,Not matched
18,Pushp Vihar,Pushp Vihar,Match
19,Pushpa Bhawan,Pushpa Bhawan,Match
20,Sheikh Sarai Ph-II,Seikh Sarai Ph-II,Match
21,Chirag Delhi,Chirag Delhi,Match
22,Panchsheel Enclave,Panchsheel Enclave,Match
23,Krishi Vihar,Krishi Vihar,Match
24,Siri Fort Road,Siri Fort Road,Match
25,Sadiq Nagar,Sadiq Nagar,Match
26,Gargi College,Gargi College,Match
27,K N College,K.N. College,Match
28,Neeti Bagh,Niti Bagh,Slightly match
29,Uday Park,Uday Park / Anand Lok,Slightly match
30,Ayurvigyan Nagar,Ayurvigyan Nagar,Match
31,Andrews Ganj,Andrews Ganj,Match
32,South Extn Kotla Petrol Pump,South Ext Kotla Petrol Pump,Match
33,South Extension - 1,South Extension I,Slightly match
34,Sec A 5 and 8 Narela Desu Colony,AIIMS,Not matched
35,SJ Hospital,S J Hospital,Match
36,RAJ NAGAR,Raj Nagar,Match
37,AB Block Sarojini Nagar,AB Block,Slightly match
38,PS Sarojini Nagar,Sarojini Nagar Police Station,Slightly match
39,Sarojini N Mkt,Sarojini Nagar Market,Slightly match
40,I Block S N,I-Block Sarojini Nagar,Slightly match
41,Sarojini N Mkt,M Block Sarojini Nagar,Slightly match
42,Sarojini N D,Sarojini Nagar Depot,Slightly match
43,Netaji Nagar,Netaji Nagar,Match
44,Bhikaji Cama Place,Bhikaji Cama Place,Match
45,Mohammadpur Village,Mohammad Pur,Slightly match
46,R K Puram Sec-2,R K Puram Sec-2,Match
47,R K Puram Sec-3,R K Puram Sec-3,Match
48,R K Puram Sec-4,RK Puram Sec-4,Match
49,R K Puram Sec-1,R K Puram Sec-1,Match
