,OLD_STOPS,NEW_STOPS,OUTPUT
1,R K Puram Sec-1,R K Puram Sec-1,Match
2,R K Puram Sec-4,RK Puram Sec-4,Match
3,R K Puram Sec-3,R K Puram Sec-3,Match
4,RK Puram Sec-1,R K Puram Sec-2,Slightly match
5,Mohammadpur Village,Mohammad Pur,Slightly match
6,Bhikaji Cama Place,Bhikaji Cama Place,Match
7,Netaji Nagar,Netaji Nagar,Match
8,Sarojini N D,Sarojini Nagar Depot,Slightly match
9,Major Bhupinder Singh Marg,M Block Sarojini Nagar,Not matched
10,I Block S N,I-Block Sarojini Nagar,Slightly match
11,Sarojini N Mkt,Sarojini Nagar Market,Slightly match
12,Police Station Sarojini Nagar,Sarojini Nagar Police Station,Match
13,AB Block Sarojini Nagar,AB Block,Slightly match
14,Raj Nagar,Raj Nagar,Match
15,SJ Hospital,S J Hospital,Match
16,Sec A 5 and 8 Narela Desu Colony,AIIMS,Not matched
17,South Extension,South Extension I,Match
18,South Extn Kotla Petrol Pump,South Ext Kotla Petrol Pump,Match
19,Andrews Ganj,Andrews Ganj,Match
20,Ayurvigyan Nagar,Ayurvigyan Nagar,Match
21,Uday Park,Uday Park / Anand Lok,Slightly match
22,Neeti Bagh,Niti Bagh,Slightly match
23,K N College,K.N. College,Match
24,Gargi College,Gargi College,Match
25,Sadiq Nagar,Sadiq Nagar,Match
26,Siri Fort Road,Siri Fort Road,Match
27,Krishi Vihar,Krishi Vihar,Match
28,Panchsheel Enclave,Panchsheel Enclave,Match
29,Chirag Delhi,Chirag Delhi,Match
30,Sheikh Sarai Phase II,Seikh Sarai Ph-II,Slightly match
31,Pushpa Bhawan,Pushpa Bhawan,Match
32,Pushp Vihar,Pushp Vihar,Match
33,C-1 Janak Puri,Ambedkar Nagar Terminal,Not matched
34,Ambedkar Nagar Depot,Ambedkar Nagar Depot,Match
35,Devoli Road X,Devoli Road Crossing ,Slightly match
36,Vayu Senabad,Vayusena Bad,Match
37,Batra Hospital / Satya Narayan Mandir,Batra Hospital,Slightly match
38,Hamdard Nagar / Sangam Vihar,Hamdard Nagar,Slightly match
39,Air Force Station,Air Force Station,Match
40,Tuglkabad Fort,Tuglkabad Fort,Match
41,Tughalqabad Village,Tuglaka Bad Villlage,Slightly match
42,Kaya Maya Hospital,Kaya Maya Hospital,Match
43,MB Road,Okhla More,Not matched
44,Prem Nagar,Prem Nagar,Match
45,Lal Kuan,Lal Kuan,Match
46,Surajkund Crossing,Suraj kund Xing,Not matched
47,Prehlad Pur,Prahladpur,Slightly match
48,Badarpur M B Road,Badar Pur M.B. Road,Match
49,Badarpur Border,Badarpur Border,Match
