,OLD_STOPS,NEW_STOPS,OUTPUT
1,Minto Road Terminal,Minto Road Terminal,Match
2,Shivaji Park,Shivaji Park,Match
3,Super Bazar,Super Bazar Con Place,Slightly match
4,Regal,Regal,Match
5,P S Parliament / Jantar Mantar,P.S. Parliament,Slightly match
6,Aakashwani Bhawan,Akashwani Bhawan,Match
7,Krishi Bhawan / Rail Bhawan Metro Station,Krishi Bhawan,Not matched
8,Udyog Bhawan,Udhyog Bhawan,Match
9,Sunehri Masjid/ G Block,G Block,Not matched
10,Krishan Menon Marg,Krishna Menon Marg,Match
11,PS Tuglak Road,P.S. Tuglak Road,Match
12,Tughlaq Crescent,Tuglak Crescent,Slightly match
13,SJ Madrasa,SJ Madarsa,Slightly match
14,SJ Airport,SJ Airport,Match
15,INA Colony,INA Market,Not matched
16,Raj Nagar,Kidwai Nagar,Not matched
17,Safderjung Hospital,S J Hospital,Slightly match
18,Yusuf Sarai,Yusuf Sarai,Match
19,Green Park,Green Park,Match
20,Hauz Khas,Hauz Khas,Match
21,Padhmini Enclave,Padhmini Enclave,Match
22,IIT Gate,IIT Gate Aurbindo Marg,Slightly match
23,Survo Priya Vihar,Survo Priya Vihar,Match
24,Bhavishya Nidhi Enclave,Bhavishya Nidhi Enclave,Match
25,Begumpur (Malviya Nagar),Malviya Nagar Xing,Not matched
26,Begum Pur,Begum Pur,Match
27,Malviya Nagar,Malviya Nagar,Match
28,Aurobindo College,Sivalika Arvindo College,Not matched
29,Geetanjali Enclave,Geetanjali Enclave,Match
30,PNB Geetanjali,PNB Geetanjli,Match
31,Saket A Block (Malviya Nagar Metro Station),Saket A Block,Not matched
32,Press Enclave,Press Enclave,Match
33,Modi Hospital,Modi Hospital,Match
34,Hauj Rani,Hauz Rani,Slightly match
35,Khirki Village,Khirki Village,Match
36,PSRI,PSRI,Match
37,Vocational College,Vocational Collage,Match
38,Sheikh Sarai More,Sheikh Sarai More,Match
39,Sheikh Sarai Phase II,Sheikh Sarai PH II,Match
40,Pushpa Bhawan,Pushp Bhawan,Match
41,Pushp Vihar,Pusp Vihar,Match
42,Ambedkar Nagar Terminal,Ambedkar Nagar Terminal,Match
43,Ambedkar Nagar Depot,Ambedkar Nagar Depot,Match
44,Khanpur Extension / Devli Xing,Devali Road Xing,Slightly match
45,Vayu Senabad,Vayu Senabad,Match
46,Batra Hospital / Satya Narayan Mandir,Batra Hospital,Slightly match
47,Hamdrad nagar,Hamdrad nagar,Match
48,tughlaka bad vilage,Tughlaka Bad Vilage,Match
