,OLD_STOPS,NEW_STOPS,OUTPUT
1,Mundka Xing,Mundka,Slightly match
2,Mundka Village Xing,Mundka Crossing,Not matched
3,Swarn Park,Swarn Park,Match
4,Rajdhani Park,Rajdhani Park,Match
5,Qamruddin Nagar Terminal,Qamruddin Nagar Crossing,Not matched
6,Nangloi,Lokesh Cinema,Match at 7 in new_data list
7,Nangloi Metro Station,Nangloi,Not matched
8,Sultan Puri Crossing,Sultanpuri More,Not matched
9,Nangloi,Nangloi JJ Colony 3,Slightly match
10,Jwala Puri / Nangloi Depot,Jwala Puri / Nangloi,Match
11,Udyog Nagar,Udyog Nagar,Match
12,Inder Enclave,Indu Enclave,Slightly match
13,Peera Garhi Metro Station,Peera Garhi Metro Station,Match
14,Peera Garhi Chowk,Peera Garhi,Slightly match
15,Peera Garhi Chowk,Peera Garhi Depot,Not matched
16,P.Vihar Power Houe,Power House,Slightly match
17,Paschim Vihar- Water Tank,Paschim Vihar Water Tank,Match
18,jawala heri market,Jawala Heri Market,Match
19,Paschim Vihar Pocket BG1,B-2 Paschim Vihar,Slightly match
20,Road No 29/30 Xing,Road 29 /30 ing,Slightly match
21,Paschim Vihar BG -5,BG-2 Paschim Vihar,Slightly match
22,Paschim Puri Road No 29,Mother Dairy Paschim Puri,Not matched
23,Paschim Puri,Paschim Puri Ext,Match
24,Punjabi Bagh Extension,Punjabi Bagh Ext,Slightly match
25,Punjabi Bagh Club,Punjabi Bagh Market,Not matched
26,Syndicate Bank,Sindicate Bank,Match
27,West E R Xing,West Avenue Road xing,Slightly match
28,Punjabi B M M,Punjabi Bagh Mini Market,Slightly match
29,Punjabi Bagh More,Punjabi Bagh,Match
30,Punjabi Bagh Club,Punjabi Bagh Club,Match
31,ESI Hospital,ESI Hospital,Match
32,Rajdhani College / Raja Garden,Rajdhani College raja garden,Match
33,Rajouri Garden Market,Rajouri Garden Ring Road,Not matched
34,MAYA PURI DEPOT,Maya Puri Depot,Match
35,Naraina Vihar,Nariana Vihar,Match
36,Naraina Village,Naraina Village,Match
37,COD Ring Road,COD Ring Road,Match
38,Barar Square,Brar Square,Match
39,Garrison Engg.,Garrision Eng.,Match
40,RR Line,R. R. Line,Match
41,Dhaula Kuan (Ring Road),Dhaula Kuan,Slightly match
42,Satya Niketan (Dhaula Kuan),Satya Niketan,Slightly match
43,Satya Niketan / Gurudwara Moti Bagh,Nanak Pura Gurudwara,Slightly match
44,South Moti Bagh (Ring Road),Moti Bagh,Slightly match
45,Aradhana Enclave,Aradhna Enclave,Match
46,RK Puram Sec-13,R K Puram Sec -12,Slightly match
47,Hyatt Hotel,Hyatt Hotel,Match
48,Nauroji Nagar,Narouji Nagar,Match
49,S J Hospital,S J Hospital,Match
50,AIIMS Ring Road,AIIMS,Not matched
51,South Extension,South Extension 1,Match
52,South Extn Kotla Petrol Pump,South Ext Kotla Petrol Pump,Match
53,Andrews Ganj,Andrews Ganj,Match
54,Central School,Central School (K.V.),Match
55,Lady Shri Ram College,L.S.R. Collage,Not matched
56,Kailash Colony,Kailash Colony,Match
57,Sant Nagar,Sant Nagar,Match
58,Nehru Place,Nehru Place,Match
59,Nehru Place,Paras Cinema ,Match at 58 in new_data list
60,Nehru Place,Nehru Place Terminal,Slightly match
