,OLD_STOPS,NEW_STOPS,OUTPUT
1,Qamruddin Nagar Terminal,Qumruddin Nagar ,Slightly match
2,Nangloi JJ Colony Lokesh Cinema,Lokesh Cinema,Slightly match
3,Nangloi Metro Station,nangloi,Not matched
4,Sultan Puri Crossing,Sultan Puri Crossing,Match
5,Nagloi Jj Colony 3,Nangloi JJ Colony 3,Match
6,Jwala Puri / Nangloi Depot,Jwala Puri,Slightly match
7,Inder Enclave,Inder Enclave,Match
8,Udyog Nagar,Udhyog Nagar,Match
9,Peera Garhi Metro Station,Peeragarhi Metro Station,Match
10,Peera Garhi Metro Station,Peera Garhi,Slightly match
11,Peera Garhi Chowk,Peera Garhi Depot,Not matched
12,P.Vihar Power Houe,Power House,Slightly match
13,Paschim Vihar- Water Tank,Paschim Vihar Water Tank,Match
14,IA Block Ashok Vihar,A3 Block Paschim Vihar,Slightly match
15,Paschim Vihar Pocket BG1,A1 Block Paschim Vihar,Not matched
16,Road No 29/30 Xing,Road No 29/30 Crossing,Slightly match
17,Paschim Vihar BG -5,Paschim Vihar BG-2,Match
18,Paschim Puri Road No 29,Paschim Puri Market,Not matched
19,Paschim Puri,Paschim Puri Ext,Match
20,Punjabi Bagh Extension,Punjabi Bagh Ext,Slightly match
21,Punjabi Bagh Club,Punjabi Bagh Market,Not matched
22,Syndicate Bank,Sindicate Bank,Match
23,West E R Xing,West Avenue Road xing,Slightly match
24,Punjabi B M M,Punjabi Bagh Mini Market,Slightly match
25,Punjabi Bagh More,Punjabi Bagh,Match
26,Punjabi Bagh Club,Punjabi Bagh Club,Match
27,ESI Hospital,ESI Hospital,Match
28,Rajdhani College / Raja Garden,Rajdhani College raja garden,Match
29,Rajouri Garden Market,Rajouri Garden Ring Road,Not matched
30,MAYA PURI DEPOT,Mayapuri Depot,Match
31,Naraina Vihar,Naraina Vihar,Match
32,Naraina Village,Naraina Village,Match
33,COD Ring Road,COD Ring Road,Match
34,Barar Square,Brar Square,Match
35,Garrison Engg.,Garrison Engineers,Not matched
36,RR Line,R R Lines,Slightly match
37,Dhaula Kuan (Ring Road),Dhaula Kuan,Slightly match
38,Dhaula Kuan ARSD College,ARSD College,Slightly match
39,Satya Niketan / Gurudwara Moti Bagh,Satya Niketan,Slightly match
40,South Moti Bagh (Ring Road),Moti Bagh,Slightly match
41,Aradhana Enclave,Aradhana Enclave,Match
42,RK Puram Sec-13,R K Puram Sec-12,Slightly match
43,Hyatt Hotel,Hyatt Hotel,Match
44,Nauroji Nagar,Narouji Nagar,Match
45,S J Hospital,S J Hospital,Match
46,AIIMS Ring Road,AIIMS,Not matched
47,South Extension,South Extension 2,Match
48,South Extn Kotla Petrol Pump,South Ext Kotla Petrol Pump,Match
49,Andrews Ganj,Andrews Ganj,Match
50,Gupta Market,Gupta Market,Match
51,Lajpat Nagar 1 Ring Road,Lajpat Nagar,Slightly match
52,PG DAV College / Sri Niwaspuri,PGDAV College,Slightly match
53,Nehru Nagar,Nehru Nagar,Match
54,Maharani Bagh / Ashram,Maharani Bagh,Slightly match
55,Bala Sahib Gurudwara,Bala Sahib Gurudwara,Match
56,Sarai Kale Khan ISBT,Sarai Kale Khan ISBT,Match
