,OLD_STOPS,NEW_STOPS,OUTPUT
1,Q Block Mangol Puri Terminal,Q Block Mangol Puri Terminal,Match
2,E Block Mangol Puri,R Block Mangol Puri,Match
3,T Block Mangol Puri,S Block Mangol Puri,Match
4,T Block Magol Puri,Mangol Puri P Block,Slightly match
5,PS Mangol Puri,Mangol Puri D Block,Slightly match
6,E Block Mangol Puri,Mangol Puri E Block,Match
7,B Block Mangol Puri,Mangol Puri B Block,Match
8,Peeragarhi Chowk,Peeragarhi,Slightly match
9,Paschim Vihar Super Bazar (West Metro Station),Paschim Vihar Super Bazar,Slightly match
10,Multan Nagar,Multan Nagar,Match
11,New Multan Nagar,New Multan Nagar,Match
12,Ordinance Depot,Ordinance Depot,Match
13,Madipur JJ Colony Metro Station,Madipur JJ Colony,Slightly match
14,Madipur Village,Madipur Village,Match
15,SPM College,SPM College,Match
16,Bakhtawar Pur School,Shivaji Park,Not matched
17,Agarsen Hospital,Maharaja Aggrasen Hospital,Slightly match
18,Punjabi Bagh East,Punjabi Bagh,Match
19,Punjabi Bagh Club,Punjabi Bagh Club,Match
20,ESI Hospital,ESI Hospital,Match
21,Rajdhani College / Raja Garden,Rajdhani College Raja Garden,Match
22,Rajouri Garden,Rajouri Garden Ring Road,Slightly match
23,Mahipal Pur Crossing,Mayapuri Depot,Not matched
24,Ludlow Castle,Naraina Vihar,Not matched
25,Subhash Nagar Crossing / Mukherji Park,Naraina Village,Not matched
26,COD Ring Road,COD Ring Road,Match
27,Barar Square,Barar Square,Match
28,Garrison Engg.,Gairison Eng.,Slightly match
29,RR Line,R. R. Line,Match
30,Dhaula Kuan (Ring Road),Dhaula Kuan,Slightly match
31,Dhaula Kuan ARSD College,ARSD College,Slightly match
32,Satya Niketan (Dhaula Kuan),Satya Niketan,Slightly match
33,Satya Niketan / Gurudwara Moti Bagh,Moti Bagh Gurudawara Nanak Pura,Not matched
34,Moti Bagh 1,Moti Bagh,Match
35,South Moti Bagh,Aradhna Enclave,Not matched
36,R K Puram Sec 12,R K Puram Sec 12,Match
37,R K Puram More,R K Puram More,Match
38,Nauroji Nagar,Nauroji Nagar,Match
39,S J Hospital,S J Hospital,Match
40,AIIMS Ring Road,AIIMS,Not matched
41,South Extension,South Extension - 1,Match
42,South Extn Kotla Petrol Pump,South Extn Kotla Petrol Pump,Match
43,Andrews Ganj,Andrews Ganj,Match
44,Central School,Central School,Match
45,Lady Shri Ram College,L.S.R. Collage,Not matched
46,Kailash Colony,Kailash Colony,Match
47,Sant Nagar,Sant Nagar,Match
48,Nehru Place,Nehru Place,Match
49,Nehru Place Crossing / Paras Cinema,Paras Cinema,Slightly match
50,Nehru Place Terminal,Nehru Place Terminal,Match
