,OLD_STOPS,NEW_STOPS,OUTPUT
1,Safdurjung Terminal,Safdarjung Terminal,Match
2,Vikas Sadan,Vikas Sadan,Match
3,INA Colony,INA Colony,Match
4,Kidwai Nagar,Kidwai Nagar,Match
5,SJ Hospital,S J Hospital,Match
6,Nauroji Nagar,Narouji Nagar,Match
7,Hyatt Hotel (GAIL),Hyatt Hotel,Slightly match
8,RK Puram Sec-12,R K Puram Sec -12,Match
9,South Moti Bagh,Aradhna Enclave,Not matched
10,Moti Bagh Gurudawara Nanakpura,Moti Bagh,Not matched
11,Gurudwara N P,Nanak Pura Gurudwara,Slightly match
12,Satya Niketan,Satya Niketan,Match
13,ARSD College (Dhaula Kuan),ARSD College,Slightly match
14,Dhaula Kuan,Dhaula Kuan,Match
15,RR Line,R. R. Line,Match
16,Garrison Engg.,Garrision Eng.,Match
17,Sant Pura Tilak Nagar,Brar Square,Not matched
18,COD Ring Road,COD Ring Road,Match
19,Subhash Nagar Crossing / Mukherji Park,Naraina Village,Not matched
20,Naraina Vihar / Indra Market,Nariana Vihar,Slightly match
21,Mayapuri Depot,Maya Puri Depot,Match
22,Rajouri Garden Market,Rajouri Garden Ring Road,Not matched
23,Rajdhani College / Raja Garden,Rajdhani College Raja Garden,Match
24,ESI Hospital,ESI Hospital,Match
25,Punjabi Bagh Club,Punjabi Bagh Club,Match
26,Punjabi Bagh Terminal (Rohtak Road),Punjabi Bagh,Slightly match
27,Agarsen Hospital,Maharaja Aggrasen Hospital,Slightly match
28,Bakhtawar Pur School,Shivaji Park,Not matched
29,SPM College,SPM College,Match
30,Madipur Village,Madipur Village,Match
31,Madipur JJ Colony Metro Station,Madipur JJ Colony,Slightly match
32,Ordinance Depot,Ordinance Depot,Match
33,Shiva Enclave/ New Multan Nagar,New Multan Nagar,Slightly match
34,Multan Nagar,Multan Nagar,Match
35,Paschim Vihar Super Bazar (West Metro Station),Paschim Vihar Super Bazar,Slightly match
36,Peera Garhi Depot,Peera Garhi,Slightly match
37,B Block Mangol Puri,B Block Mangol Puri,Match
38,E Block Mangol Puri,Mangol Puri E Block,Match
39,PS Mangol Puri,Mangol Puri D-Block,Slightly match
40,T Block Mangol Puri,Mangol Puri P-Block,Slightly match
41,E Block Mangol Puri,S Block Mangol Puri,Match
42,T Block Magol Puri,R Block Mangol Puri,Match
43,Q Block Mangol Puri Terminal,Q Block Mangol Puri Terminal,Match
