,OLD_STOPS,NEW_STOPS,OUTPUT
1,Sultanpuri Terminal,Sultan Puri Terminal,Match
2,Sultanpuri C Block,C-Block Sultan Puri,Not matched
3,Jalebi Chowk Sultan Puri AB Block,B-Block Sutan Puri,Slightly match
4,Sultanpuri Machhi Market,Sultanpuri Machhi Market,Match
5,Jalebi Chowk Sultan Puri AB Block,Jalebi Chowk,Slightly match
6,Sultan Puri AB Block Extension,Sultan Pur Xing,Not matched
7,S Block Mangol Puri,Mangol Puri S-Block,Match
8,T Block Mangol Puri,Mangol Puri R-Block,Slightly match
9,Q-Block Mangolpuri,Mangol Puri Q Block,Match
10,B Block Mangol Puri,B Block Mangol Puri,Match
11,Peera Garhi Depot,Peera Garhi,Slightly match
12,Paschim Vihar Super Bazar (West Metro Station),Paschim Vihar Super Bazar,Slightly match
13,Multan Nagar,Multan Nagar,Match
14,New Multan Nagar,New Multan Nagar,Match
15,Ordinance Depot,Ordinance Depot,Match
16,Madipur JJ Colony Metro Station,Madipur JJ Colony,Slightly match
17,Madipur Village,Madipur Village,Match
18,SPM College,SPM College,Match
19,Bakhtawar Pur School,Shivaji Park,Not matched
20,Agarsen Hospital,Maharaja Aggrasen Hospital,Slightly match
21,Punjabi Bagh East,Punjabi Bagh,Match
22,Punjabi Bagh Club,Punjabi Bagh Club,Match
23,ESI Hospital,ESI Hospital,Match
24,Rajdhani College / Raja Garden,Rajdhani College Raja Garden,Match
25,Rajouri Garden,Rajouri Garden Ring Road,Slightly match
26,Mahipal Pur Crossing,Maya Puri Depot,Not matched
27,Ludlow Castle,Nariana Vihar,Not matched
28,Subhash Nagar Crossing / Mukherji Park,Naraina Village,Not matched
29,Rangpuri,COD Ring Road,Not matched
30,Sant Pura Tilak Nagar,Brar Square,Not matched
31,Garrison Engg.,Garrision Eng.,Match
32,RR Line,R. R. Line,Match
33,Dhaula Kuan (Ring Road),Dhaula Kuan,Slightly match
34,Satya Niketan (Dhaula Kuan),Satya Niketan,Slightly match
35,Satya Niketan / Gurudwara Moti Bagh,Nanak Pura Gurudwara,Slightly match
36,Moti Bagh 1,Moti Bagh,Match
37,South Moti Bagh,Aradhna Enclave,Not matched
38,RK Puram Sec-12,R K Puram Sec -12,Match
39,Hyatt Hotel,Hyatt Hotel,Match
40,Nauroji Nagar,Narouji Nagar,Match
41,SJ Hospital,S J Hospital,Match
42,Kidwai Nagar,Kidwai Nagar,Match
43,Kidwai Nagar (INA Colony),INA Colony,Slightly match
44,Safdurjung Terminal,Safdarjung Terminal,Match
