,OLD_STOPS,NEW_STOPS,OUTPUT
1,SAFDAR JANG TERM.,SAFDAR JANG TERM.,Match
2,Vikas Sadan,VIKAS SADAN,Match
3,INA Colony,INA COLONY,Match
4,Kidwai Nagar,KIDWAI NAGAR,Match
5,SAFDARJANG HOSPITAL,SAFDARJANG HOSPITAL,Match
6,RAJ NAGAR,RAJ NAGAR,Match
7,Nauroji Nagar,NAUROJI NAGAR,Match
8,Africa Avenue,AFRICA AVENUE,Match
9,HAYATT HOTEL,HYATT HOTEL,Not matched
10,RK PURAM SECTOR 12,RK PURAM SEC-12,Match
11,ARADHNA ENCLAVE,ARADHNA ENCLAVE,Match
12,MOTI BAGH,SOUTH MOTI BAGH,Slightly match
13,Moti Bagh Gurudawara Nanakpura,NANAK PURA GURUDWARA,Not matched
14,Satya Niketan,SATYA NIKETAN,Match
15,ARSD College (Dhaula Kuan),A.R.S.D. COLLEGE,Slightly match
16,Dhaula Kuan,DAULA KUAN,Match
17,RR Line,R.R. LINE,Match
18,Garrison Engg.,GARISSON ENG. ,Slightly match
19,Barar Square,BRAR SQUARE,Match
20,COD Ring Road,C.O.D. RING ROAD,Match
21,Naraina Village,NARAINA VILLAGE,Match
22,Naraina Vihar,NARAINA VIHAR,Match
23,Mayapuri Depot,MAYA PURI DEPOT,Match
24,Rajouri Garden Market,RAJOURI GARDEN,Slightly match
25,Raja Garden (Ring Road),RAJA GARDEN,Slightly match
26,Rajdhani College / Raja Garden,RAJDHANI COLLEGE,Slightly match
27,ESI Hospital,ESI HOSPITAL,Match
28,Punjabi Bagh Club,PUNJABI BAGH CLUB,Match
29,Punjabi Bagh Terminal (Rohtak Road),PUNJABI BAGH,Slightly match
30,Agarsen Hospital,MAHARAJA AGARSAIN HOSPITAL,Slightly match
31,Shivaji Park,SHIVAJI PARK,Match
32,SPM College,SPM COLLEGE,Match
33,Madipur Village,MADI PUR VILLAGE,Match
34,Madipur JJ Colony Metro Station,MADI PUR J.J COLONY,Slightly match
35,Ordinance Depot,ORDINANCE DEPOT,Match
36,Shiva Enclave/ New Multan Nagar,AVTAR NAGAR,Not matched
37,Multan Nagar,NEW MULTAN NAGAR,Match
38,Multan Nagar,MULTAN NAGAR,Match
39,Paschim Vihar Super Bazar (West Metro Station), PASHCHIM VIHAR (SUPPER BAZAR),Slightly match
40,Peera Garhi Chowk,PEERA GARHI,Slightly match
41,B Block Mangol Puri,MANGOL PURI B BLOCK,Match
42,E Block Mangol Puri,MANGOL PURI Q BLOCK,Slightly match
43,T Block Mangol Puri,MANGOL PURI R BLOCK,Slightly match
44,E Block Mangol Puri,MANGOL PURI S BLOCK,Slightly match
45,Mangolpuri Y Block,Y-Blk. Mangol Puri,Slightly match
46,Budh Vihar,Budh Vihar,Match
47,Krishna Vihar,Krishan Vihar,Match
48,Brahm Shakti Hospital,Braham Shakti Hospital,Match
49,Pooth Kalan,Pooth Kalan,Match
50,Rohini Sec 20/21 More,Rohini Sec-20/21 Xing,Slightly match
51,Rohini Sec-21,Rohini Sector-21,Slightly match
52,Begumpur,Begam Pur,Slightly match
53,Lakhi Ram Park (Rohini Sector-22),Lakhi Ram Park (Rohini Sector-22),Match
54,Inder Enclave,Inder Enclave,Match
