,OLD_STOPS,NEW_STOPS,OUTPUT
1,Najafgarh Terminal,Najafgarh Terminal,Match
2,Najafgarh/Jharonda Xing,Jharonda Xing,Slightly match
3,Najafgarh Nangloi Stand,Najafgarh Nangloi Stand,Match
4,NAJAFGARH HEALTH CENTER,Health Center,Slightly match
5,Najafgarh Delhi Gate,Najafgarh Delhi Gate,Match
6,Chawla Stand Najafgarh,Chhawala Stand N.Garh,Slightly match
7,BDO Office Roshan Pura,Roshan Pura,Slightly match
8,BDO Office,BDO Office,Match
9,Durga Vihar,Durga Vihar,Match
10,Deenpur Village,Deen Pur Village,Match
11,Goela Dairy Crossing,Goela Crossing,Match
12,Jhatikra Crossing Pandwala Road,Jhatikra Crossing,Slightly match
13,Chhawla School,Chhawala School,Match
14,Chhawla Village Kangan Heri Road,Chhawala Village,Slightly match
15,Ekta Garden- Harijan Basti,Harijan Basti,Slightly match
16,bsf camp chhawla,Chhawala Camp/BSF,Match
17,BSF Staff Quarter,BSF Staff Quarter,Match
18,Check Post,Check Post,Match
19,DESU Powar House,DESU Powar House ,Match
20,Bamnoli,Bamnoli ,Match
21,Bijwason Flyover before Bridge,Bijwason Flyover before Bridge,Match
22,Syndicate Bank,syndicate Bank,Match
23,Bijwason School (Golak Dham),Bijwason School (Golak Dham),Match
24,Pushpanjali (Farm),Pushpanjali (Farm),Match
25,Kapashera Village,Kapashera Village,Match
26,Kapashera Crossing,Kapashera Crossing,Match
27,Samalkha Village,Samalkha Village,Match
28,Samalkha Crossing,Samalkha Xing,Not matched
29,MCD Store (Rajpur Road),Shiv Murti,Not matched
30,Rang Puri Pahari,Rang Puri Village,Not matched
31,Mahipal Pur Village,Mahipal Pur ,Slightly match
32,Mahipal Pur Village,Mahipal Pur Extension,Not matched
33,NHW 8,NHW-8 Crossing,Slightly match
34,APS Colony / Arjun Path,APS Colony,Slightly match
35,Subroto Park (Arjun Path),Subroto Park / Arjun Path,Match
36,Singhnal Enclave,Signal Enclave,Match
37,Vasant Village / Shani Mandir,Vasant Village,Slightly match
38,Pashchimi Marg Vasant Vihar,Pashchimi Marg Vasant Vihar,Match
39,Baprola Vidhyalaya,Swami Malai Mandir,Not matched
40,R K Puram S-5,R.K. Puram Sec-6,Slightly match
41,R K Puram Sec-5,Vasant Vihar Crossing/R.K.Puram Sec-5,Slightly match
42,Vasant Vihar Depot,Vasant Vihar Depot,Match
43,Munirka Village (T),Munirka Village ,Match
44,R K Puram Nab,R.K. Puram Sec-4 (Andh Vidyalaya),Not matched
45,RK Puram Sec-1,R.K. Puram Sec-1,Match
46,Mohammadpur Village,Mohamed Pur Village,Slightly match
47,Bhikaji Cama Place,Bhikaji Kama Place,Match
48,Africa Avenue,Africa Avenue ,Match
49,Nauroji Nagar,Narauji Nagar,Slightly match
50,Raj Nagar,Raj Nagar,Match
51,SJ Hospital,S.J. Hospital ,Match
52,Kidwai Nagar,Kidwai Nagar,Match
53,Kidwai Nagar (INA Colony),INA Colony,Slightly match
54,Safdurjung Terminal,S.J. Terminal,Not matched
