,OLD_STOPS,NEW_STOPS,OUTPUT
1,Uttam Nagar Terminal,Uttam Nagar Terminal,Match
2,Vikas Puri Crossing,Vikas Puri Crossing,Match
3,Dholi Piao,Dholi Piau,Slightly match
4,Dholi Piao,District Centre Janak Puri,Not matched
5,Nangali Jalib,Nangli Jalib,Match
6,Ganesh Nagar,Ganesh Nagar,Match
7,Tilak Nagar Jail Road,Tilak Nagar,Slightly match
8,Fateh Nagar,Fateh Nagar,Match
9,G Block Hari Nagar,Hari Nagar G Block,Match
10,Hari Nagar Depot,Hari Nagar Depot,Match
11,Nari Niketan,Nari Niketan,Match
12,Central Jail Tihar,Central Jail (Tihar),Match
13,Nangal Raya,Nangal Rai,Slightly match
14,Janak Setu,Janak Setu,Match
15,Supply Depot,Supply Depot,Match
16,Kirbi Place,Kirbi Place,Match
17,Thimiyan Park,Thamia park,Slightly match
18,S O Flats Carriappa Marg,Signal Officer Flats,Not matched
19,R R Line,Raj Rif Line,Slightly match
20,Golf Club,Golf Club,Match
21,Dhaula Kuan (Ring Road),Dhaula Kuan,Slightly match
22,Satya Niketan (Dhaula Kuan),Satya Niketan,Slightly match
23,Satya Niketan / Gurudwara Moti Bagh,Nanak Pura Gurudwara,Slightly match
24,Moti Bagh 1,Moti Bagh,Match
25,South Moti Bagh,Aradhna Enclave,Not matched
26,RK Puram Sec-12,R K Puram Sec-12,Match
27,Hyatt Hotel,Hyatt Hotel,Match
28,Nauroji Nagar,Narouji Nagar,Match
29,SJ Hospital,S J Hospital,Match
30,Kidwai Nagar,Kidwai Nagar,Match
31,Kidwai Nagar (INA Colony),INA Colony,Slightly match
32,SJ Airport,S.J. Air Port,Match
33,S J Madrasa,S.J. Madarsa,Slightly match
34,Lodhi Garden / Mousam Bhawan,Lodhi Garden,Slightly match
35,Lodhi Colony 18-Block,Lodhi Cly. 18 Block,Slightly match
36,Lodhi Colony,Lodhi Colony,Match
37,Central School Lodhi Road,Lodhi Road Central School,Match
38,CGO Complex,CGO Complex,Match
39,JLN Stadium (Sunehripulla Depot),J L Nehru Stadium (S. Pullah Nallah),Not matched
