,OLD_STOPS,NEW_STOPS,OUTPUT
1,J L Nehru Stadium (S. Pullah Nallah),J L Nehru Stadium (S. Pullah Nallah),Match
2,CGO Complex,CGO Complex,Match
3,Central School Lodhi Colony,Lodhi Road Central School,Slightly match
4,18-Block Lodhi Colony,Lodhi Colony,Slightly match
5,B.K. Dutt Colony,B.K. Dutt Colony,Match
6,Jor Bagh,Jor Bagh,Match
7,SJ Airport,S.J. Air Port,Match
8,INA Colony,INA Colony,Match
9,Kidwai Nagar,Kidwai Nagar,Match
10,SJ Hospital,S J Hospital,Match
11,Nauroji Nagar,Narouji Nagar,Match
12,Hyatt Hotel (GAIL),Hyatt Hotel,Slightly match
13,RK PURAM SECTOR 12,R K Puram Sec-12,Slightly match
14,ARADHNA ENCLAVE,Aradhna Enclave,Match
15,MOTI BAGH,Moti Bagh,Match
16,Gurudwara N P,Nanak Pura Gurudwara,Slightly match
17,Satya Niketan,Satya Niketan,Match
18,ARSD College (Dhaula Kuan),A.R.S.D College,Slightly match
19,Dhaula Kuan,Dhaula Kuan Ring Road,Slightly match
20,RR Line,Raj Rif Line Ring Road,Not matched
21,Garrison Engg.,Garrision Eng.,Match
22,Brar Square,Brar Sqare (Moude Road,Slightly match
23,Thimiyan Park,Thimia Park,Match
24,Kirbi Place,Kirbi Place,Match
25,Supply Depot,Supply Depot,Match
26,Janak Setu,Janak Setu,Match
27,Nangal Raya Lajwanti Garden,Nangal Rai,Not matched
28,Central Jail (Tihar),Central Jail (Tihar),Match
29,Nari Niketan,Nari Niketan,Match
30,Sarojini Nagar Market,Hari Nagar Depot,Not matched
31,G Block Hari Nagar,Hari Nagar G Block,Match
32,Fateh Nagar,Fateh Nagar,Match
33,Tilak Nagar Crossing (Najafgarh Road),Tilak Nagar,Not matched
34,Ganesh Nagar,Ganesh Nagar,Match
35,Nangli Jalib,Nangli Jalib,Match
36,District Centre Outer Ring Road,District Centre Janak Puri,Not matched
37,Dholi Piao,Dholi Piau,Slightly match
38,Vikaspuri Crossing (Shivaji Marg),Vikas Puri Crossing,Slightly match
39,Uttam Nagar Terminal,Uttam Nagar Terminal,Match
