,OLD_STOPS,NEW_STOPS,OUTPUT
1,South Enclave,Chhatarpur Metro Station,Not matched
2,Teen Murti,Vasant Kunj Sec-A Pkt BC,Match at 32 in new_data list
3,Vasant Kunj Sec-A Pkt-BC,Vasant Kunj Sec-A,Match
4,Vasant Kunj Sec-A ILBS,Kishan Garh,Not matched
5,Kibri Place,"Vasant Kunj Sector D 3,4",Not matched
6,C6 B Janakpuri,KISHAN GARH,Not matched
7,B 3 Vasant Kunj/Central School),B 3 Vasant Kunj/Central School),Match
8,Janak Puri B-3,B-3 Vasant Kunj,Not matched
9,Janakpuri B-2,Mother Dairy Kishan Garh,Not matched
10,B 8 Vasant Kunj,B 8 Vasant Kunj,Match
11,Hari Nagar Shaheed Pawan Sahni Chowk,"B-8,9 (GOYANK SCHOOL) VASANT KUNJ",Not matched
12,Manav Sathali School,Manav Sathali School,Match
13,Beriwala Bagh,B 10/11 Vasant Kunj,Not matched
14,Swarg Ashram,Hill Area /Mall,Not matched
15,DDA Flats Hari Nagar,Power House,Not matched
16,Nelson Mandela Marg Xing,Nelson Mandela Marg Xing,Match
17,BABA GANGANTH MANDIR,BABA GANGANTH MANDIR,Match
18,Vasant Vihar Depot,V V Depot,Slightly match
19,R.K. Puram Sec 5,Poorvi Marg R.K. Puram Sec-5,Slightly match
20,Baprola Vidhyalaya,Swami Malai Mandir,Not matched
21,Radha Swami Satsang,Rk Puram Sector-8,Not matched
22,Prasad Nagar,RK Puram Sec-7,Not matched
23,Satya Niketan,Sangam Cinema,Not matched
24,Kikar Wala Chowk,R. K. Puram Sec-12,Not matched
25,MOTI BAGH,South Moti Bagh,Slightly match
26,Moti Bagh Gurudawara Nanakpura,Moti Bagh,Not matched
27,Prahlad Market,Railway Museum,Not matched
28,German Ambessy,German Ambessy,Match
29,USSR Embassy,USSR Embassy,Match
30,UK High Commision,UK High Commision,Match
31,Chanakya Puri Police Station,Chanakya Puri Police Station,Match
32,Teen Murti,Teen Murti,Match
33,South Enclave,South Block,Not matched
34,Tyag Raj Marg,Tyag Raj Marg,Match
35,Filmistan,Sena Bhawan,Not matched
36,Deepali Chowk,G Block,Not matched
37,Udyog Bhawan,Udhyog Bhawan,Match
38,Madhuban Chowk Outer Ring Road,Krishi Bhawan,Not matched
39,Red Cross Road,Red Course Road,Slightly match
40,Guru Govind Singh Marg,Akashwani Bhawan,Not matched
41,Tibiya College,P.S. Parliament,Not matched
42,Regal,Regal,Match
43,Bakhtawar Pur School,Shivaji Park,Not matched
44,Kamla Market / Ajmeri Gate,Vivekanand Marg,Not matched
45,Dichau Kalan Depot,Kamla Market,Not matched
46,Prem Nagar,New Delhi Railway Station Gate 2,Not matched
