,OLD_STOPS,NEW_STOPS,OUTPUT
1,Prem Nagar,New Delhi Railway Station Gate 2,Not matched
2,Bakhtawar Pur School,Shivaji Park,Not matched
3,PNB STA Road,Super Bazar Con Place,Not matched
4,Regal,Regal,Match
5,Tibiya College,P.S. Parliament,Not matched
6,Guru Govind Singh Marg,Akashwani Bhawan,Not matched
7,Madhuban Chowk Outer Ring Road,Krishi Bhawan,Not matched
8,Udyog Bhawan,Udhyog Bhawan,Match
9,Deepali Chowk,G Block,Not matched
10,Filmistan,Sena Bhawan,Not matched
11,Tyag Raj Marg,Tyag Raj Marg,Match
12,South Enclave,South Block,Not matched
13,Teen Murti,Teen Murti,Match
14,Chanakya Puri Police Station,Chanakya Puri Police Station,Match
15,UK High Commision,UK High Commision,Match
16,USSR Embassy,USSR Embassy,Match
17,German Ambessy,German Ambessy,Match
18,Prahlad Market,Railway Museum,Not matched
19,Moti Bagh 1,Moti Bagh,Match
20,South Moti Bagh,South Moti Bagh,Match
21,Kikar Wala Chowk,R. K. Puram Sec-12,Not matched
22,Satya Niketan,Sangam Cinema,Not matched
23,Prasad Nagar,RK Puram Sec-7,Not matched
24,Radha Swami Satsang,Rk Puram Sector-8,Not matched
25,Baprola Vidhyalaya,Swami Malai Mandir,Not matched
26,R K Puram Sec-5,Poorvi Marg R.K. Puram Sec-5,Slightly match
27,Vasant Vihar Depot,V V Depot,Slightly match
28,BABA GANGANTH MANDIR,BABA GANGANTH MANDIR,Match
29,Nelson Mandela Marg Xing,Nelson Mandela Marg Xing,Match
30,DDA Flats Hari Nagar,Power House,Not matched
31,Swarg Ashram,Hill Area /Mall,Not matched
32,Beriwala Bagh,B 10/11 Vasant Kunj,Not matched
33,Manav Sathali School,Manav Sathali School,Match
34,Hari Nagar Shaheed Pawan Sahni Chowk,"B-8,9 (GOYANK SCHOOL) VASANT KUNJ",Not matched
35,B 8 Vasant Kunj,B 8 Vasant Kunj,Match
36,Janakpuri B-2,Mother Dairy Kishan Garh,Not matched
37,Janak Puri B-3,B-3 Vasant Kunj,Not matched
38,B 3 Vasant Kunj/Central School),B 3 Vasant Kunj/Central School),Match
39,C6 B Janakpuri,KISHAN GARH,Not matched
40,Kibri Place,"Vasant Kunj Sector D 3,4",Not matched
41,Vasant Kunj Sec-A ILBS,Kishan Garh,Not matched
42,Vasant Kunj Sec-A Pkt-BC,Vasant Kunj Sec-A,Match
43,Teen Murti,Vasant Kunj Sec-A Pkt BC,Match at 13 in new_data list
44,South Enclave,Chhatarpur Metro Station,Not matched
