,OLD_STOPS,NEW_STOPS,OUTPUT
1,Anand Parvat Terminal,Anand Parvat,Slightly match
2,Dev Nagar / Khalsa College,Khalsa College,Slightly match
3,Prahlad Market,Prehlad Market,Match
4,Thana DB Gupta Road,P S Desh Bandhu Gupta Road,Not matched
5,DB Gupta Market,DB Gupta Market,Match
6,Faiz Road,Faiz Road,Match
7,Karol Bagh Terminal,Karol Bagh Termainal,Match
8,Jhandewalan,Jhande Walan,Match
9,Rani Jhansi Marg,Rani Jhansi Marg,Match
10,Panchkuian Road Banwari Lal Hospital,Panchkuian Road Banwari Lal Hospital,Match
11,Balmiki Mandir Marg,Balmiki Mandir Mandir Marg,Match
12,Balmiki Mandir Marg,Mandir Marg,Slightly match
13,Laxmi Narayan Temple,Laxmi Narayan Mandir,Not matched
14,Kali Bari Marg,Kali Bari Marg Xing,Match
15,Talkatora Road,Talkatora Stadium,Match at 17 in new_data list
16,RML Hospital,RML Hospital,Match
17,Talkatora Road,Talkatora Road,Match
18,Kendriya Terminal / Gurudwara Rakab Gunj,Gurudwara Rakab Gunj,Slightly match
19,Kendriya Terminal (Pt. Pant Marg),Kendriya Terminal,Slightly match
20,NDPO,NDPO,Match
21,Gurudwara Bangla Sahib,Gurudwara Bangla Sahib,Match
22,Patel Chowk,Patel Chowk,Match
23,Aakashwani Bhawan,Akashwani Bhawan,Match
24,Madhuban Chowk Outer Ring Road,Krishi Bhawan,Not matched
25,T B Hospital,Udhyog Bhawan,Not matched
26,Deepali Chowk,G Block,Not matched
27,Krishan Menon Marg,Krishna Menon Marg,Match
28,PS Tuglak Road,P.S. Tuglak Road,Match
29,DELHI GYMKHANA CLUB,Delhi Gymkhana Club,Match
30,Race Course,Race Course,Match
31,Ashoka Hotel,Ashoka Hotel,Match
32,Vinay Marg,Vinay Marg,Match
33,Palika Club,Palika Club,Match
34,chankiya bhawan,Chankiya Bhawan,Match
35,M Block Sarojini Nagar,M Block Sarojini Nagar,Match
36,Sarojini N D,Sarojini Nagar Depot,Slightly match
37,Africa Avenue,Africa Avenue,Match
38,Bhikaji Cama Place,Bhikaji Cama Place,Match
39,Safdarjung E,Safdarjung Enclave,Slightly match
40,Green Field S,Green Field School,Slightly match
41,Ch Harsukh Marg,Ch Harsukh Marg,Match
42,Arjun Nagar,Arjun Nagar,Match
43,Ncc Office,NCC Office,Match
44,R K Puram Sec-2,R K Puram Sec 2,Match
45,R K Puram Sec-3,R K Puram Sec 3,Match
46,R K Puram Sec-4,R K Puram Sec 4,Match
47,R K Puram Sec-1,RK Puram Sector 1,Slightly match
