,OLD_STOPS,NEW_STOPS,OUTPUT
1,R K Puram Sec 1,R K Puram Sec-1,Match
2,RK Puram Sec 1,RK Puram Sec-4,Match
3,R K Puram Sec-3,R K Puram Sector-3,Match
4,RK Puram Sec-1,R K Puram Sec-2,Slightly match
5,Mohammadpur Village,Mohammad Pur,Slightly match
6,Bhikaji Cama Place,Bhikaji Cama Place,Match
7,Africa Avenue,Africa Avenue,Match
8,Sarojini Nagar Market,Sarojini Nagar Depot,Slightly match
9,M Block Sarojini Nagar,M Block Sarojini Nagar,Match
10,Chanakya Bhawan,Chankiya Bhawan,Match
11,PALIKA CLUB,Palika Club,Match
12,THE LEELA PALACE KEMPINSKI,The Leela Palace Kempinski,Match
13,Vinay Marg,Vinay Marg,Match
14,Ashoka Hotel,Ashoka Hotel,Match
15,HOTEL SAMRAT ASHOK,Hotel Samrat ,Slightly match
16,Race Course,Race Course,Match
17,DELHI GYMKHANA CLUB,Delhi Gymkhana Club,Match
18,PS Tuglak Road,P.S.Tughlak Road,Match
19,Krishan Menon Marg,Krishan Menon Marg,Match
20,Sunheri Masjid/G Block,G Block,Not matched
21,Udyog Bhawan,Udhyog Bhawan,Match
22,Rail Bhawan Metro Station / Krishi Bhawan,Krishi Bhawan,Not matched
23,Red Cross Road,Red Cross Road,Match
24,Aakashwani Bhawan,Aakashwani Bhawan,Match
25,Gurudwara Rakab Ganj Road,Gurudawra Rakab Ganj,Slightly match
26,Kendriya Terminal / Gurudwara Rakab Gunj,Kendriya Terminal,Slightly match
27,Talkatora Road,Talkatora Road,Match
28,RML Hospital,RML Hospital,Match
29,Talkatora Stadium Garden,Talkatora Stadium,Match
30,Kali Bari Marg Crossing,Kali Bari Marg X ing,Slightly match
31,Laxmi Narayan Temple,Laxmi Narayan Mandir,Not matched
32,Balmiki Mandir,Mandir Marg,Not matched
33,Panchkuian Road Banwai Lal Hospital,Panch Kuian Road Banwai Lal Hospital,Match
34,VIDEOCON TOWER,Videocon Tower,Match
35,Jhandewalan,Jhandewalan,Match
36,Karol Bagh Terminal,Karol Bagh Terminal,Match
37,Faiz Road,Faiz Road,Match
38,DB Gupta Market,DB Gupta Market,Match
39,Thana DB Gupta Road,P.S. D.B. Gupta Road,Not matched
40,Prahlad Market,Prehlad Market,Match
41,Khalsa College,Dev Nagar Khalsa College,Slightly match
42,Anand Parvat Terminal,Anand Pravat,Slightly match
43,Sarai Rohila,Sarai Rohilla,Match
44,Shastri Nagar Metro Station,Shastri Nagar Metro Station,Match
45,Shastri Nagar E Block,Shastri Nagar E Block,Match
46,Shastri Nagar Shiv Mandir,Shastri Nagar Shiv Mandir,Match
47,Inderlok Metro Station,Inder Lok Metro Station,Match
48,JJ Colony Wazir Pur,Wazir Pur JJ Colony,Match
49,Kanhaiya Nagar,Kanhaiya Nagar,Match
50,B3 Keshav Puram,B 3 Keshav Puram,Match
51,B-4 Keshav Puram,B 4 Keshav Puram,Match
52,C-4 Keshav Puram,C 4 Keshav Puram,Match
53,C-2 Keshav Puram,C 2 Keshav Puram,Match
54,A 1 Keshav Puram,A 1 Kashav Puram,Match
55,Britannia Chowk Shakurpur,Britania Factory,Not matched
56,TELEPHONE EXCHNAGE,Telephone Exchange,Match
57,Wazirpur DTC Depot / Netaji Subhash Palace,Wazirpur Depot,Slightly match
