,OLD_STOPS,NEW_STOPS,OUTPUT
1,Netaji Subhash Palace (Wazirpur Depot) Road No 41,Wazirpur Depot,Not matched
2,Telephone Exchange,Telephone Exchange,Match
3,Britannia,Britania,Match
4,a 1 kashav puram,A 1 Kashav Puram,Match
5,power house lawrance road,Power House Lawrance Road,Match
6,C-2 Keshav Puram,C 2 Keshav Puram,Match
7,C-4 Keshav Puram,C 4 Keshav Puram,Match
8,B-4 Keshav Puram,B 4 Keshav Puram,Match
9,B-3 Keshav Puram,B 3 Keshav Puram,Match
10,Kanhaiya Nagar,Kanhiya Nagar,Match
11,JJ Colony Wazir Pur,Wazir Pur JJ Colony,Match
12,Inderlok Metro Station,Inder Lok Metro Station,Match
13,Shastri Nagar Shiv Mandir,Shastri Nagar Shiv Mandir,Match
14,Shastri Nagar E Block,Shastri Nagar E Block,Match
15,Shastri Nagar Metro Station,Shastri nagar Metro Station,Match
16,Sarai Rohilla Flyover,Sarai Rohella,Slightly match
17,Liberty Cinema,Liberty Cinema ,Match
18,Dev Nagar / Khalsa College,Dev Nagar,Slightly match
19,Dev Nagar / Khalsa College,Khalsa College,Slightly match
20,Prahlad Market,Prehlad Marke,Slightly match
21,Thana DB Gupta Road,P S Desh Bandhu Gupta Road,Not matched
22,DB Gupta Market,DB Gupta Market,Match
23,Faiz Road,Faiz Road,Match
24,Karol Bagh Terminal,Karol Bagh Termainal,Match
25,Jhandewalan,Jhande Walan,Match
26,Rani Jhansi Marg,Rani Jhansi Marg,Match
27,Panchkuian Road Banwari Lal Hospital,Panchkuian Road Banwari Lal Hospital,Match
28,Balmiki Mandir Marg,Balmiki Mandir Mandir Marg,Match
29,Balmiki Mandir Marg,Mandir Marg,Slightly match
30,Laxmi Narayan Temple,Laxmi Narayan Mandir,Not matched
31,Kali Bari Marg,Kali Bari Marg X ing,Match
32,Talkatora Stadium,Talkatora Stadium,Match
33,Dr. RML Hospital,RML Hospital,Match
34,Talkatora Road,Talkatora Road,Match
35,Kendriya Terminal / Gurudwara Rakab Gunj,Gurudwara Rakab Gunj,Slightly match
36,Kendriya Terminal (Church Road),Kendriya Terminal,Slightly match
37,NDPO,NDPO,Match
38,Gurudwara Bangla Sahib,Gurudwara Bangla Sahib,Match
39,Patel Chowk,Patel Chowk,Match
40,Aakashwani Bhawan,Akashwani Bhawan,Match
41,Krishi Bhawan / Rail Bhawan Metro Station,Krishi Bhawan,Not matched
42,Udyog Bhawan,Udhyog Bhawan,Match
43,Sunehri Masjid/ G Block,G Block,Not matched
44,Krishan Menon Marg,Krishna Menon Marg,Match
45,PS Tuglak Road,P.S. Tuglak Road,Match
46,DELHI GYMKHANA CLUB,Delhi Gymkhana Club,Match
47,Race Course,Race Course,Match
48,Ashoka Hotel,Ashoka Hotel,Match
49,Vinay Marg,Vinay Marg,Match
50,Palika Club,Palika Club,Match
51,chankiya bhawan,Chankiya Bhawan,Match
52,M Block Sarojini Nagar,M Block Sarojini Nagar,Match
53,Hari Nagar Depot,Sarojini Nagar Depot,Slightly match
54,Africa Avenue,Africa Avenue,Match
55,Bhikaji Cama Place,Bhikaji Cama Place,Match
56,Mohammadpur Village,Mohammed Pur,Not matched
57,R K Puram Sec-2,R K Puram Sec-2,Match
58,R K Puram Sec-3,R K Puram Sec-3,Match
59,R K Puram Sec-4,R K Puram Sec-4,Match
60,RK Puram Sec-1,RK Puram Sector-1,Slightly match
