,OLD_STOPS,NEW_STOPS,OUTPUT
1,R K Puram Sec 1,Subhash Nagar ,Not matched
2,RK Puram Sec 9,Subhash Nagar J Block,Not matched
3,Sewa Kutir,Beriwala Bagh,Not matched
4,GTB Nagar / Haqiqat Nagar,Swarg Ashram,Not matched
5,Lig Flats,LIG Flats,Match
6,Metal Forging,Metal Forging,Match
7,TELCO Gazipur,Govt. Press,Not matched
8,Mahipal Pur Crossing,Maya Puri Depot,Not matched
9,Ludlow Castle,Nariana Vihar,Not matched
10,Subhash Nagar Crossing / Mukherji Park,Naraina Village,Not matched
11,Rangpuri,COD Ring Road,Not matched
12,Sant Pura Tilak Nagar,Brar Square,Not matched
13,Garrison Engg.,Garrision Eng.,Match
14,RR Line,R. R. Line,Match
15,Dhaula Kuan (Ring Road),Dhaula Kuan,Slightly match
16,Satya Niketan (Dhaula Kuan),Satya Niketan,Slightly match
17,Satya Niketan / Gurudwara Moti Bagh,Moti Bagh,Not matched
18,South Moti Bagh,Aradhna Enclave,Not matched
19,RK Puram Sec-12,R K Puram Sec-12,Match
20,Hyatt Hotel,Hyatt Hotel,Match
21,Nauroji Nagar,Narouji Nagar,Match
22,Safdurjung Hospital / AIIMS,S J Hospital,Slightly match
23,Sec A 5 and 8 Narela Desu Colony,AIIMS,Not matched
24,South Extn Kotla Petrol Pump,South Ext Kotla Petrol Pump,Match
25,South Extension,South Extension 2,Match
26,Andrews Ganj,Andrews Ganj,Match
27,Nizampur Village,Gupta Market,Not matched
28,Vanasthali Public School,Lajpat Nagar,Not matched
29,PG DAV College / Sri Niwaspuri,Sri Niwas Puri,Slightly match
30,Nehru Nagar,Nehru Nagar,Match
31,Maharani Bagh / Ashram,Maharani Bagh,Slightly match
32,Bala Sahib Gurudwara,Bala Sahib Gurudwara,Match
33,Sarai Kale Khan ISBT,Sarai Kale Khan ISBT,Match
34,Payal Cinema,Road Bridge East,Not matched
35,Harewali Xing,Baba Bishamber Dass Ashram,Not matched
36,Padhmini Enclave,CPWD Office,Not matched
37,Dariyapur Gaon,Pusta Xing,Not matched
38,Mayur Vihar Phase-1 X-Ing,Mayur Vihar Phase-I x-ing,Match
39,Samachar Appartments,Samachar Appartment,Match
40,Aditi College Bawana,OSC Apartment,Not matched
41,DSIDC Bawana/ Dhakewala,Mayur Vihar Ph-1,Not matched
42,36-Block Trilok Puri,36 Block Trilok Puri,Match
43,KarKarDooma Crossing,Trilok Puri 26 Block,Not matched
44,Trilokpuri 13-Block,Trilok Puri 13 Block,Match
45,Chand Cinema,Chand Cinema New,Match
46,Lal Bahadur Shashtri Hospital,Lal Bahadur Shashtri Hospital,Match
47,Kalyan Vas,Kalyan Vas,Match
48,Radha Swami Satsang,Radha Swami Satsang,Match
49,Mayur Vihar Phase II,Mayur Vihar Phase II,Match
