,OLD_STOPS,NEW_STOPS,OUTPUT
1,Dhaula Kuan,Dhaula Kuan,Match
2,Satya Niketan (Dhaula Kuan),Satya Niketan,Slightly match
3,Satya Niketan / Gurudwara Moti Bagh,Moti Bagh,Not matched
4,South Moti Bagh,Aradhna Enclave,Not matched
5,RK Puram Sec-12,R K Puram Sec-12,Match
6,Hyatt Hotel,Hyatt Hotel,Match
7,Nauroji Nagar,Narouji Nagar,Match
8,S J Hospital,S J Hospital,Match
9,AIIMS Ring Road,AIIMS,Not matched
10,South Extn Kotla Petrol Pump,South Ext Kotla Petrol Pump,Match
11,South Extension,South Extension 2,Match
12,Andrews Ganj,Andrews Ganj,Match
13,Nizampur Village,Gupta Market,Not matched
14,Vanasthali Public School,Lajpat Nagar,Not matched
15,Sri Niwas Puri,Sri Niwas Puri,Match
16,Nehru Nagar,Nehru Nagar,Match
17,Maharani Bagh / Ashram,Maharani Bagh,Slightly match
18,Bala Sahib Gurudwara,Bala Sahib Gurudwara,Match
19,Sarai Kale Khan ISBT,Sarai Kale Khan ISBT,Match
20,Payal Cinema,Road Bridge East,Not matched
21,CWG Village / PWD Office,CPWD Office,Slightly match
22,Pusta Crossing,Pusta Crossing,Match
23,Samas Pur Jagir,Samas Pur Jagir,Match
24,Vinod Nagar,East Vinod Nagar,Match
25,Mayur Vihar P 2 P A,Mayur Vihar Phase-2 Market,Slightly match
26,Mayur Vihar Phase-2,Mayur Vihar Phase-2,Match
