,OLD_STOPS,NEW_STOPS,OUTPUT
1,Poorvanchal Hostel,Poorvanchal Hostel,Match
2,Paschima Bad,Paschima Bad,Match
3,Administration Block,Administration Block,Match
4,Central School (MCKR),Central School,Match
5,Godawari Hostel,Godawari Hostel,Match
6,JNU Xing,JNU Xing,Match
7,Baba Gang Nath Marg,Baba Gang Nath Marg,Match
8,Vasant Vihar Depot,Vasant Vihar Depot,Match
9,Munirka Family Planning,Munirka ,Not matched
10,Munirka DDA Flats,DDA Flat Munirka,Match
11,JNU,JNU,Match
12,IIT Hostel,IIT Hostel,Match
13,R K Puram Sec-3,R K Puram Sec-3,Match
14,RK Puram Sec-1,R K Puram Sec-2,Slightly match
15,Mohammadpur Village,Mohammed Pur,Not matched
16,Bhikaji Cama Place,Bhikaji Cama Place,Match
17,Africa Avenue,Africa Avenue,Match
18,Sarojini Nagar Depot,Sarojini Nagar Depot,Match
19,AB Block Sarojini Nagar,M Block Sarojini Nagar,Match
20,PS Sarojini Nagar,I-Block Sarojini Nagar,Slightly match
21,Sarojini Nagar Market,Sarojini Nagar Market,Match
22,Enquiry Office Pilanji Village,Enquiry Office Pilanji Village,Match
23,Laxmibai Nagar,Laxmibai Nagar,Match
24,Kidwai Nagar (INA Colony),INA Colony,Slightly match
25,SJ Airport,SJ Airport,Match
26,SJ Madrasa,SJ Madarsa,Slightly match
27,Prithvi Raj Road,Prithvi Raj Road Crossing,Slightly match
28,Prithvi Raj Road Crossing,Prithvi Raj Road,Slightly match
29,Claridges Hotel,Claridges Hotel,Match
30,National Museum,National Muesum,Match
31,National Archives,National Archives,Match
32,Eastern Court,Eastern Court,Match
33,Janpath Market,Janpath Market,Match
34,Bakhtawar Pur School,Shivaji Park,Not matched
35,Minto Road Terminal,Minto Road Terminal,Match
