,OLD_STOPS,NEW_STOPS,OUTPUT
1,Minto Road Terminal,Minto Road Terminal,Match
2,Bakhtawar Pur School,Shivaji Park,Not matched
3,PNB STA Road,Super Bazar Con Place,Not matched
4,Scindia House / Kailash Bhawan,Scindia House,Slightly match
5,Eastern Court,Eastern Court,Match
6,National Archives,National Archives,Match
7,National Muesum,National Muesum,Match
8,Claridges Hotel,Claridges Hotel,Match
9,Prithvi Raj Road Crossing,Prithvi Raj Road,Slightly match
10,Prithvi Raj Road,Prithvi Raj Road Crossing,Slightly match
11,S J Madrasa,SJ Madarsa,Slightly match
12,SJ Airport,SJ Airport,Match
13,Vikas Sadan,Vikas Sadan,Match
14,Safdurjung Terminal,S.J. Terminal,Not matched
15,INA Colony,INA Colony,Match
16,Laxmi Bai Nagar,Laxmibai Nagar,Match
17,Enquiry Office Pilanji Village,Enquiry Office Pilanji Village,Match
18,Sarojini Nagar Market,Sarojini Nagar Market,Match
19,AB Block Sarojini Nagar,I-Block Sarojini Nagar,Match
20,PS Sarojini Nagar,M Block Sarojini Nagar,Slightly match
21,Sarojini N D,Sarojini Nagar Depot,Slightly match
22,Africa Avenue,Africa Avenue,Match
23,Bhikaji Cama Place,Bhikaji Cama Place,Match
24,Mohammadpur Village,Mohammed Pur,Not matched
25,R K Puram Sec-2,R K Puram Sec-2,Match
26,R K Puram Sec-3,R K Puram Sec-3,Match
27,IIT Hostel,IIT Hostel,Match
28,JNU,JNU,Match
29,DDA FLATS MUNIRKA,DDA Flat Munirka,Match
30,Munirka Family Planning,Munirka ,Not matched
31,Vasant Vihar Depot,Vasant Vihar Depot,Match
32,Baba Gang Nath Marg,Baba Gang Nath Marg,Match
33,JNU Xing,JNU Xing,Match
34,Godawari Hostel,Godawari Hostel,Match
35,Central School (MCKR),Central School,Match
36,Administration Block,Administration Block,Match
37,Paschima Bad,Paschima Bad,Match
38,Poorvanchal Hostel,Poorvanchal Hostel,Match
