,OLD_STOPS,NEW_STOPS,OUTPUT
1,Shivaji Stadium Terminal,Shivaji Stadium,Slightly match
2,Super Bazar,Super Bazar Con Place,Slightly match
3,Regal,Regal,Match
4,P S Parliament / Jantar Mantar,P.S. Parliament,Slightly match
5,Aakashwani Bhawan,Akashwani Bhawan,Match
6,Madhuban Chowk Outer Ring Road,Krishi Bhawan,Not matched
7,T B Hospital,Udhyog Bhawan,Not matched
8,Deepali Chowk,G Block,Not matched
9,Filmistan,Sena Bhawan,Not matched
10,Tyag Raj Marg,Tyag Raj Marg,Match
11,South Enclave,South Block,Not matched
12,Teen Murti,Teen Murti,Match
13,Chanakya Puri Police Station,Chanakya Puri Police Station,Match
14,UK High Commision,UK High Commision,Match
15,USSR Embassy,USSR Embassy,Match
16,German Ambessy,German Ambessy,Match
17,Prahlad Market,Railway Museum,Not matched
18,Moti Bagh 1,Moti Bagh,Match
19,South Moti Bagh,South Moti Bagh,Match
20,RK Puram Sec-12,R. K. Puram Sec-12,Match
21,Satya Niketan,Sangam Cinema,Not matched
22,R K Puram Sec-1,RK Puram Sec-7,Slightly match
23,R K Puram Sec 8,Rk Puram Sector-8,Slightly match
24,Baprola Vidhyalaya,Swami Malai Mandir,Not matched
25,R K Puram S-5,R.K. Puram Sec-5,Slightly match
26,Vasant Vihar Depot,Vasant Vihar Depot,Match
27,Munirka Village (T),Munirka Village,Match
28,Munirka DDA Flats,Munirka DDA Flat,Match
29,ISTM,ISTM,Match
30,IIT Hostel,IIT Hostel,Match
31,Jia Sarai,Jiya Sarai,Match
32,IIT Gate,IIT Gate,Match
33,Hauz Khas,Hauz Khas Terminal,Slightly match
