,OLD_STOPS,NEW_STOPS,OUTPUT
1,Poorvanchal Hostel,Poorvanchal Hostel,Match
2,Paschima Bad,Paschima Bad,Match
3,Administration Block,Administration Block,Match
4,Central School (MCKR),Central School,Match
5,Godawari Hostel,Godawari Hostel,Match
6,JNU Xing,JNU Xing,Match
7,Munirika Vihar,Munirika Vihar,Match
8,Munirka DDA Flats,Munirka DDA Flat,Match
9,Munirka Family Planning,Munirka Village,Slightly match
10,Vasant Vihar Depot,Vasant Vihar Depot,Match
11,Vasant Vihar,Vasant Vihar Poorvi Marg,Slightly match
12,R K Puram S-5,R.K. Puram Sec-5,Slightly match
13,Baprola Vidhyalaya,Swami Malai Mandir,Not matched
14,Radha Swami Satsang,Rk Puram Sector-8,Not matched
15,RK Puram Sector-9,RK Puram Sector-9,Match
16,Prasad Nagar,RK Puram Sec-7,Not matched
17,R K Puram M,M S Market R.K. Puram Sector-6,Slightly match
18,RK Puram Sec 1,RK Puram Sector-1,Slightly match
19,R K Puram Sec-4,Sec-4 R.K. Puram,Match
20,R K Puram Sec-3,R K Puram Sec-3,Match
21,R K Puram Sec 2,R K Puram Sec-2,Match
22,Safdarjung Enclave,Safdarjung Enclave,Match
23,Mohammadpur Village,Mohammad Pur,Slightly match
24,Green Field School,Green Field School,Match
25,Kamal Cinema,Kamal Cinema,Match
26,Raj Nagar,Raj Nagar,Match
27,SJ Hospital,S.J. Hospital,Match
28,Kidwai Nagar,Kidwai Nagar,Match
29,Kidwai Nagar (INA Colony),INA Cly,Not matched
30,SJ Airport,S.J. Air Port,Match
31,S J Madrasa,S.J. Madarsa,Slightly match
32,Prithvi Raj Road,Prithvi Raj Road,Match
33,Prithvi Raj Road Crossing,Prithvi Raj Road Crossing,Match
34,J and K House,J & K House,Match
35,Kotah House,Kotah House,Match
36,Shahjahan Road UPSC,Shahjahan Road,Match
37,Baroda House,Baroda House,Match
38,Patiala House,Patiala House,Match
39,Supreme Court,Supreme Court,Match
40,Tilak Bridge,Tilak Bridge,Match
41,ITO (Agarwal Chowk),ITO BSZ Marg,Not matched
42,Express Building,Express Building,Match
43,Delhi Gate,Delhi Gate,Match
44,Raj Ghat,Rajghat,Match
45,Shanti Vana,Shanti Van,Match
46,Vijay Ghat,Vijay Ghat,Match
47,Yamuna Bazar / GGS Universicy,Yamuna Bazar,Slightly match
48,Guru Govind Singh University (Kashmere Gate),GGS IP University,Slightly match
49,ISBT Ring Road,ISBT Ring Road,Match
50,ISBT Nityanand Marg,I.S.B.T Nityanand marg,Match
51,Mori Gate Terminal,Mori Gate Terminal,Match
