,OLD_STOPS,NEW_STOPS,OUTPUT
1,CPWD Colony Vasant Vihar,Vasant Vihar CPWD Colony,Match
2,Indian AirLine Colony/Priya Cinema,Indian Air Lines Colony Vasant Vihar,Not matched
3,Modern School Vasant Vihar F Block,Modern School Vasant Vihar,Match
4,Vasant Vihar F Block Poorvi Marg,F Block Vasant Vihar,Slightly match
5,Vasant Lok,Vasant Lok,Match
6,Vasant Vihar F Block Poorvi Marg,Poorvi Marg,Slightly match
7,Vasant Vihar Depot,Vasant Vihar Depot,Match
8,Munirka Family Planning,Munirka Village,Slightly match
9,R K Puram Sec-4,R K Puram Sec 4,Match
10,R K Puram Sec-3,R K Puram Sec 1,Match
11,R K Puram Sec-4,R K Puram Sec 4,Match
12,R K Puram Sec-3,R K Puram Sec 3,Match
13,RK Puram Sec-1,R K Puram Sec 2,Slightly match
14,Mohammadpur Village,Mohammed Pur,Not matched
15,Bhikaji Cama Place,Bhikaji Cama Place,Match
16,Africa Avenue,Africa Avenue,Match
17,Africa Avenue,Africa Avenue,Match
18,Nauroji Nagar,Narouji Nagar,Match
19,S J Hospital,S J Hospital,Match
20,AIIMS Ring Road,AIIMS,Not matched
21,South Extension,South Extension 1,Match
22,South Extn Kotla Petrol Pump,South Ext Kotla Petrol Pump,Match
23,PT College Kotla,PT College Kotla,Match
24,Defence Colony,Defence Colony,Match
25,Sewa Nagar Flyover,Sewa Nagar Flyover,Match
26,J L Nehru Stadium,Jawahar Lal Nehru Stadium,Slightly match
27,Pragati Vihar,Pragati Vihar,Match
28,Dayal Singh College,Dayal Singh College,Match
29,Bharti Nagar,Bharti Nagar,Match
30,Sujan Singh Park,Sujan Singh Park,Match
31,Humayun Road Khan Mkt Metro Stn,Humayun Road,Slightly match
32,Kotah House,Kotah House,Match
33,Shahjahan Road UPSC,Shahjahan Road,Match
34,Baroda House,Baroda House,Match
35,Patiala House,Patiala House,Match
36,Supreme Court,Supreme Court,Match
37,Tilak Bridge,Tilak Bridge,Match
38,ITO,ITO (AGCR),Slightly match
39,Delhi Secretariat,Delhi Sect.,Slightly match
40,Delhi Secretariat,Rainy Well,Not matched
41,Laxmi Nagar / Shakarpur Crossing,Laxmi Nagar,Slightly match
42,Shakarpur,Shakarpur,Match
43,Shakarpur Crossing,Shakarpur Xing,Slightly match
44,Nirman Vihar Metro Station,Nirman Vihar,Slightly match
45,Bhor Garh,Swashthya Vihar,Not matched
46,New Rajdhani Enclave,New Rajdhani Enclave,Match
47,KarKarDooma Crossing,Karkardooma Crossing,Match
48,Hargovind Enclave,Hargovind Singh Enclave,Match
49,Amar Joyti Hospital,Amar Joyti Hospital,Match
50,Shanti Vihar,Shanti Vihar,Match
51,AGCR Enclave,AGCR Enclave,Match
52,DDA Flats Kakarduma,DDA Flats Kakarduma,Match
53,Saini Enclave,Saini Enclave,Match
54,Jagriti Enclave,Jagriti Enclave,Match
55,Ram Vihar,Ram Vihar,Match
56,Anand Vihar,Anand Vihar,Match
57,Yamuna Sports Complex,Yamuna Sports Complex,Match
58,Yojana Vihar/ Yamuna Sports Complex,Yojna Vihar,Not matched
59,Mausam Vihar,Mausam Vihar,Match
60,Ram Prastha Temple,Ram Prastha,Slightly match
61,Ram Prastha Crossing,Ram Prastha Crossing,Match
62,Anand Vihar ISBT Main Road,Anand Vihar ISBT Main Road,Match
63,Maharaj Pur Check Post,Maharaj Pur Check Post,Match
64,Gazipur Depot,Gazi Pur Depot,Match
65,Anand Vihar ISBT Terminal,Anand Vihar (ISBT),Match
