,OLD_STOPS,NEW_STOPS,OUTPUT
1,Vishwas Nagar DDA Flats,Vishwas Nagar DDA Flats,Match
2,Vishva Vidyalaya Marg,Vishva Vidyalaya Marg,Match
3,Court Road,Court Road,Match
4,Vishwas Nagar CBD Ground,Vishwas Nagar CBD Ground,Match
5,KarKarDooma Court,Karkardooma Court,Match
6,JagatpuriA Block,Jagat Puri A Block,Match
7,Jagatpuri F-Block,Jagat Puri F Block,Match
8,Karkardooma Crossing,Karkardooma Crossing,Match
9,New Rajdhani Enclave,New Rajdhani Enclave,Match
10,Bhor Garh,Swashthya Vihar,Not matched
11,Nirman Vihar,Nirman Vihar,Match
12,Shakarpur Crossing,Shakarpur Xing,Slightly match
13,Shakarpur,Shakarpur,Match
14,Laxmi Nagar,Laxmi Nagar,Match
15,Delhi Secretariat,Rainy Well,Not matched
16,Delhi Secretariat,Delhi Sect.,Slightly match
17,ITO,ITO-AGCR,Slightly match
18,Tilak Bridge,Tilak Bridge,Match
19,Supreme Court,Supreme Court,Match
20,Patiala House,Patiala House,Match
21,National Stadium,National Stadium,Match
22,Art Gallery,National Art Gallery,Slightly match
23,Shahjahan Road,Shahjahan Road,Match
24,Kotah House,Kotah House,Match
25,Humayun Road,Humayun Road,Match
26,Sujan Singh Park,Sujan Singh Park,Match
27,Bharti Nagar,Bharti Nagar,Match
28,Dayal Singh College,Dayal Singh College,Match
29,Pragati Vihar,Pragati Vihar,Match
30,J L Nehru Stadium,Jawahar Lal Nehru Stadium,Slightly match
31,Sewa Nagar Flyover,Sewa Nagar Flyover,Match
32,Defence Colony (Homyopathic College),Defence Colony,Slightly match
33,PT College Kotla,PT College Kotla,Match
34,South Extn Kotla Petrol Pump,South Ext Kotla Petrol Pump,Match
35,South Extension - 1,South Extension 1,Match
36,AIIMS Ring Road,AIIMS,Not matched
37,SJ Hospital,S J Hospital,Match
38,Nauroji Nagar,Narouji Nagar,Match
39,Africa Avenue,Africa Avenue,Match
40,Africa Avenue,Africa Avenue,Match
41,Bhikaji Cama Place,Bhikaji Cama Place,Match
42,Mohammadpur Village,Mohammed Pur,Not matched
43,R K Puram Sec-2,R K Puram Sec-2,Match
44,R K Puram Sec-3,R K Puram Sec-3,Match
45,R K Puram Sec-4,R K Puram Sec-4,Match
46,R K Puram Sec-3,R K Puram Sec-1,Match
47,R K Puram Sec-4,R K Puram Sec-4,Match
48,Munirka Family Planning,Munirka Village,Slightly match
49,Vasant Vihar Depot,Vasant Vihar Depot,Match
50,Vasant Vihar F Block Poorvi Marg,Poorvi Marg,Slightly match
51,Vasant Lok,Vasant Lok,Match
52,Vasant Vihar F Block Poorvi Marg,F-Block Vasant Vihar,Slightly match
53,Modern SchoolVasant Vihar F Block,Modern School Vasant Vihar,Slightly match
54,Indian AirLines/Priya Cinema,Indian Air Lines Colony Vasant Vihar,Not matched
55,CPWD Colony Vasant Vihar,Vasant Vihar CPWD Colony,Match
56,Nelson Mandela Marg Xing,Nelson Mandela Marg Xing,Match
57,DDA Flats Hari Nagar,Power House,Not matched
58,Swarg Ashram,Hill Area /Mall,Not matched
59,Beriwala Bagh,B 10/11 Vasant Kunj,Not matched
60,Nelson Mandela Marg T point,Nelson Mandela Marg T point,Match
61,Kathuria Public School (Sai Darbar Mandir),Kathuria Public School,Slightly match
62,ISIC Hospital (Verma farm),Verma Farm,Slightly match
63,ISIC Hospital (Verma farm),ISIC Hospital,Slightly match
64,Vasant Kunj Sec-C-8,Old Police Station C-8 Vasant Kunj,Slightly match
65,C 9 Vasant Kunj,C 9 Vasant Kunj,Match
