,OLD_STOPS,NEW_STOPS,OUTPUT
1,CPWD Colony Vasant Vihar,Vasant Vihar CPWD Colony,Match
2,Indian AirLine Colony/Priya Cinema,Indian Air Lines Colony Vasant Vihar,Not matched
3,Modern School Vasant Vihar F Block,Modern School Vasant Vihar,Match
4,Vasant Vihar F Block Poorvi Marg,F-Block Vasant Vihar,Slightly match
5,Vasant Lok,Vasant Lok,Match
6,Vasant Vihar F Block Poorvi Marg,Poorvi Marg,Slightly match
7,Vasant Vihar Depot,Vasant Vihar Depot,Match
8,Munirka Village (T),Munirka Village,Match
9,R K Puram Sec-4,R K Puram Sec-4,Match
10,R K Puram Sec-3,R K Puram Sec-1,Match
11,R K Puram Sec-4,R K Puram Sec-4,Match
12,R K Puram Sec-3,R K Puram Sec-3,Match
13,RK Puram Sec-1,R K Puram Sec-2,Slightly match
14,Mohammadpur Village,Mohammed Pur,Not matched
15,Bhikaji Cama Place,Bhikaji Cama Place,Match
16,Africa Avenue,Africa Avenue,Match
17,Africa Avenue,Africa Avenue,Match
18,Nauroji Nagar,Narouji Nagar,Match
19,S J Hospital,S J Hospital,Match
20,AIIMS Ring Road,AIIMS,Not matched
21,South Extension,South Extension 1,Match
22,South Extn Kotla Petrol Pump,South Ext Kotla Petrol Pump,Match
23,PT College Kotla,PT College Kotla,Match
24,Defence Colony,Defence Colony,Match
25,Sewa Nagar Flyover,Sewa Nagar Flyover,Match
26,J L Nehru Stadium,Jawahar Lal Nehru Stadium,Slightly match
27,Pragati Vihar,Pragati Vihar,Match
28,Dayal Singh College,Dayal Singh College,Match
29,Bharti Nagar,Bharti Nagar,Match
30,Sujan Singh Park,Sujan Singh Park,Match
31,Humayun Road,Humayun Road,Match
32,Kotah House,Kotah House,Match
33,Shahjahan Road UPSC,Shahjahan Road,Match
34,Baroda House,Baroda House,Match
35,Patiala House,Patiala House,Match
36,Supreme Court,Supreme Court,Match
37,Tilak Bridge,Tilak Bridge,Match
38,ITO,ITO-AGCR,Slightly match
39,Delhi Secretariat,Delhi Sect.,Slightly match
40,Rainy Well,Rainy Well,Match
41,Shakarpur Crossing,Laxmi Nagar,Not matched
42,Laxmi Nagar / Shakarpur Crossing,Shakarpur,Not matched
43,Shakarpur Crossing,Shakarpur Xing,Slightly match
44,Nirman Vihar Metro Station,Nirman Vihar,Slightly match
45,Sawarthya Vihar,Swashthya Vihar,Slightly match
46,New Rajdhani Enclave,New Rajdhani Enclave,Match
47,KarKarDooma Crossing,Karkardooma Crossing,Match
48,JagatpuriA Block,Jagat Puri F Block,Slightly match
49,Jagatpuri A Block,Jagat Puri A Block,Match
50,Radheypuri,Radhey Puri,Match
51,Arjun Nagar,Arjun Nagar,Match
52,Hans Apartment,Hans Apartment,Match
53,Krishna Nagar A Block,Krishna Nagar A Block,Match
54,Swaran Cinema,Swaran Cinema,Match
55,Jharkhandi,Jhar Khandi,Match
56,East Azad Nagar,East Azad Nagar,Match
57,Kanti Nagar Extension,Kanti Nagar Extn. / Bihari Colony,Slightly match
58,Shahdara (Shyam Lal College),Shyam Lal College,Slightly match
59,Shahdara Terminal,Shahdara Terminal,Match
