,OLD_STOPS,NEW_STOPS,OUTPUT
1,Shahdara Terminal,Shahdara Terminal,Match
2,Shahdara (Shyam Lal College),Shyam Lal College,Slightly match
3,Bihari Colony/Kanti Nagar,Kanti Nagar Extn. / Bihari Colony,Match
4,Jharkhandi,East Azad Nagar,Match at 5 in new_data list
5,Jharkhandi,Jhar Khandi,Match
6,Swaran Cinema,Swaran Cinema,Match
7,Krishna Nagar A Block,Krishna Nagar A Block,Match
8,Hans Apartment,Hans Apartment,Match
9,Arjun Nagar,Arjun Nagar,Match
10,Radheypuri,Radhey Puri,Match
11,JagatpuriA Block,Jagat Puri A Block,Match
12,Jagatpuri F-Block,Jagat Puri F Block,Match
13,Karkardooma Crossing,Karkardooma Crossing,Match
14,New Rajdhani Enclave,New Rajdhani Enclave,Match
15,Preet Vihar,Swashthya Vihar,Not matched
16,Nirman Vihar,Nirman Vihar,Match
17,Shakarpur Crossing,Shakarpur Xing,Slightly match
18,Shakarpur,Shakarpur,Match
19,Laxmi Nagar / Shakarpur Crossing,Laxmi Nagar,Slightly match
20,Rainy Well,Rainy Well,Match
21,Delhi Secretariat,Delhi Sect.,Slightly match
22,ITO,ITO - AGCR,Slightly match
23,Tilak Bridge,Tilak Bridge,Match
24,Supreme Court,Supreme Court,Match
25,Patiala House,Patiala House,Match
26,National Stadium,National Stadium,Match
27,Art Gallery,National Art Gallery,Slightly match
28,Shahjahan Road,Shahjahan Road,Match
29,Kotah House,Kotah House,Match
30,Humayun Road,Humayun Road,Match
31,Sujan Singh Park,Sujan Singh Park,Match
32,Bharti Nagar,Bharti Nagar,Match
33,Dayal Singh College,Dayal Singh College,Match
34,Pragati Vihar,Pragati Vihar,Match
35,J L Nehru Stadium,Jawahar Lal Nehru Stadium,Slightly match
36,Sewa Nagar Flyover,Sewa Nagar Flyover,Match
37,Defence Colony (Homyopathic College),Defence Colony,Slightly match
38,PT College Kotla,PT College Kotla,Match
39,South Extension,South Ext Kotla Petrol Pump,Slightly match
40,South Extension - 1,South Extension 1,Match
41,AIIMS Ring Road,AIIMS,Not matched
42,SAFDARJANG HOSPITAL,S J Hospital,Slightly match
43,Nauroji Nagar,Narouji Nagar,Match
44,Africa Avenue,Africa Avenue,Match
45,Africa Avenue,Africa Avenue,Match
46,Bhikaji Cama Place,Bhikaji Cama Place,Match
47,Mohammadpur Village,Mohammed Pur,Not matched
48,R K Puram Sec-2,R K Puram Sec-2,Match
49,R K Puram Sec-3,R K Puram Sec-3,Match
50,R K Puram Nab,R K Puram Sec-4,Not matched
51,RK Puram Sec 1,R K Puram Sec-1,Match
52,R K Puram Nab,R K Puram Sec-4,Not matched
53,Munirka Village (T),Munirka Village,Match
54,Vasant Vihar Depot,Vasant Vihar Depot,Match
55,Vasant Vihar F Block Poorvi Marg,Poorvi Marg,Slightly match
56,Vasant Lok,Vasant Lok,Match
57,Vasant Vihar F Block Poorvi Marg,F-Block Vasant Vihar,Slightly match
58,Modern SchoolVasant Vihar F Block,Modern School Vasant Vihar,Slightly match
59,Indian AirLines/Priya Cinema,Indian Air Lines Colony Vasant Vihar,Not matched
60,Vasant Vihar CPWD Colony,Vasant Vihar CPWD Colony,Match
