,OLD_STOPS,NEW_STOPS,OUTPUT
1,Anand Vihar ISBT Terminal,Anand Vihar ISBT,Slightly match
2,Anand Vihar ISBT Main Road,ISBT Anand Vihar Main Road,Match
3,Maharaj Pur Check Post,Mahrajpur Check Post,Match
4,Gazipur Depot,Gazipur Depot,Match
5,Hasanpur Village,Hasan Pur Village,Match
6,Hassanpur Depot,Hasan Pur Depot,Match
7,Ashirwad Apartment,Ashirwad Apartment,Match
8,Mithla Apartment Chandar Vihar,Mithla Apartment (Chander Vihar),Match
9,Prince Apartment,Prince Apartment,Match
10,Neethi Apartment,Nidhi Apartment,Slightly match
11,Himalaya Apartment,Himalaya Apartment,Match
12,Balco Apartment,Balco Appartment,Match
13,Vijaya Laxmi Apartment,Vijay Laxmi Appt.,Not matched
14,Parivar Apartment,Parivar Apartment,Match
15,Ras Vihar Apartment (PS Madhu Vihar),Ras vihar,Not matched
16,Saraswati Kunj,Saraswati Kunj,Match
17,Press Apartment,Press Appartments,Match
18,Govt Model School / Ambedkar Park,Govt Model School,Slightly match
19,Dharma Apartment,Dharma Appartments,Match
20,Mother Dairy,Mother Dairy Xing,Match
21,Mother Dairy,Mother Dairy ,Match
22,Ganesh Nagar,Ganesh Nagar Staff Quarter,Slightly match
23,MCKR Hospital,Shakkar pur School Block,Not matched
24,Laxmi Nagar / Shakarpur Crossing,Laxmi Nagar Crossing,Slightly match
25,Delhi Secretariat,Rainy Well,Not matched
26,Delhi Secretariat,Delhi Sect,Slightly match
27,ITO,ITO -AGCR,Slightly match
28,Tilak Bridge,Tilak Bridge,Match
29,Supreme Court,Supreme Court,Match
30,Patiala House,Patiyala House,Match
31,National Stadium,National Stadium India Gate,Slightly match
32,National Art Galery,National Art Gailary,Match
33,Shahjahan Road,Shajhan Road,Match
34,Kota House,Kota House,Match
35,J and K House,J & K House,Match
36,Prithvi Raj Road Crossing,Prithvi Raj Road Xing,Slightly match
37,Prithvi Raj Road,Prithvi Raj Road,Match
38,S J Madrasa,SJ Madarsa,Slightly match
39,SJ Airport,SJ Airport,Match
40,INA Colony,Ina Colony,Match
41,Kidwai Nagar,Kidwai Nagar,Match
42,SJ Hospital,S J Hospital,Match
43,Nauroji Nagar,Nauroji Nagar,Match
44,Africa Avenue,Africa Avenue,Match
45,Bhikaji Cama Place,Bhikaji Cama Place,Match
46,Mohammadpur Village,Mohammad Pur,Slightly match
47,R K Puram Sec-2,R K Puram Sec-2,Match
48,R K Puram Sec-3,R K Puram Sec-3,Match
49,R K Puram Sec-4,Sec-4 R.K. Puram,Match
50,RK Puram Sec 1,RK Puram Sec-1,Match
51,R K Puram Nab,R K Puram Nab R.K. Puram Sector-4,Slightly match
52,Munirka Family Planning,Munirka Village,Slightly match
