,OLD_STOPS,NEW_STOPS,OUTPUT
1,Munirka Family Planning,Munirka Village,Slightly match
2,R K Puram Nab,R K Puram Nab R.K. Puram Sec-4,Slightly match
3,RK Puram Sec 1,RK Puram Sec-1,Match
4,R K Puram Sec-4,R K Puram Sec-4,Match
5,R K Puram Sec-3,R K Puram Sec-3,Match
6,RK Puram Sec-1,R K Puram Sec-2,Slightly match
7,Mohammadpur Village,Mohammad Pur,Slightly match
8,Bhikaji Cama Place,Bhikaji Cama Place,Match
9,Africa Avenue,Africa Avenue,Match
10,Nauroji Nagar,Narouji Nagar,Match
11,SJ Hospital,S J Hospital,Match
12,Kidwai Nagar,Kidwai Nagar,Match
13,Kidwai Nagar (INA Colony),INA Colony,Slightly match
14,SJ Airport,SJ Airport,Match
15,SJ Madrasa,SJ Madarsa,Slightly match
16,Prithvi Raj Road,Prithvi Raj Road,Match
17,Prithvi Raj Road Crossing,Prithvi Raj Road Xing,Slightly match
18,Kota House,Kota House,Match
19,Shahajahan Road,Shahajahan Road,Match
20,Baroda House,Baroda House,Match
21,Patiala House,Patiyala House,Match
22,Supreme Court,Supreme Court,Match
23,Tilak Bridge,Tilak Bridge,Match
24,ITO,ITO AGCR,Slightly match
25,IP Power House / ITO Ring Road,Delhi Secretariat,Not matched
26,Delhi Secretariat,Rainy Well,Match at 25 in new_data list
27,Laxmi Nagar / Shakarpur Crossing,Laxmi Nagar Crossing,Slightly match
28,MCKR Hospital,Shakkar pur School Block,Not matched
29,Ganesh Nagar,Ganesh Nagar Staff Quarte,Slightly match
30,Mother Dairy,Mother Dairy,Match
31,Mother Dairy Crossing,Mother Dairy Crossing,Match
32,Dharma Apartment,Dharma Apartment,Match
33,Govt Model School / Ambedkar Park,Government Model School,Not matched
34,Press Apartment,Press Apartment,Match
35,Saraswati Kunj,Saraswati Kunj,Match
36,Ras Vihar,Ras Vihar,Match
37,Parivar Apartment,Parivar Appt,Not matched
38,Vijaya Laxmi Apartment,Vijay Laxmi Appt.,Not matched
39,Balco Apartment,Balco Apartment,Match
40,Himalaya Apartment,Himaliya Apartment,Match
41,Neethi Apartment,Nidhi Apartment,Slightly match
42,Govt Model School / Ambedkar Park,Govt. School,Slightly match
43,Mithla Apartment,Mithla Apartment,Match
44,Ashirwad Apartment,Ashirwad Apartment,Match
45,Hassanpur Depot,Hassan Pur Depot,Match
46,Hassanpur Village,Hassan Pur Village,Match
47,Telco Gazipur,Telco Gazipur,Match
48,Gazipur Depot,Gazipur Depot,Match
49,Anand Vihar ISBT Main Road,ISBT Anand Vihar,Slightly match
