,OLD_STOPS,NEW_STOPS,OUTPUT
1,R K Puram Sec-1,R.K. Puram Sec-1,Match
2,R K Puram Sec-4,R.K. Puram Sec-4,Match
3,R K Puram Sec-3,R.K. Puram Sec-3,Match
4,RK Puram Sec-12(Sangam Cinema),R.K. Puram Sec-2,Slightly match
5,ARADHNA ENCLAVE,Mohamed Pur Village,Not matched
6,MOTI BAGH,R.K. Puram Crossing ,Not matched
7,Moti Bagh Gurudawara Nanakpura,R.K. Puram Sec-12 Multi Story,Not matched
8,Satya Niketan,Aradhna Apartment,Not matched
9,ARSD College (Dhaula Kuan),Moti Bagh -I,Not matched
10,bus stop for school childern,South Moti Bagh,Not matched
11,Dhaula Kuan,Nanak Pura ,Match at 13 in new_data list
12,RR Line,Mochi Bagh JJ Cly,Match at 14 in new_data list
13,Garrison Engg.,Dhaula Kuan,Not matched
14,Barar Square,RR Line,Not matched
15,COD Ring Road,Brar Square,Not matched
16,Naraina Village,COD,Match at 17 in new_data list
17,Naraina Vihar,Naraina Village,Match at 18 in new_data list
18,Mayapuri Depot,Naraina Vihar,Not matched
19,MAYAPURI XING,Maya Puri Chowk,Not matched
20,Rajouri Garden Market,Rajauri Garden Extn,Not matched
21,Raja Garden (Ring Road),Raja Garden (rajdhani college),Not matched
22,Rajdhani College / Raja Garden,ESI Hosp.,Not matched
23,ESI Hospital,Punjabi Bagh Club,Not matched
24,Punjabi Bagh Club,Punjabi Bagh Terminal,Not matched
25,Punjabi Bagh Terminal (Rohtak Road),Britania Factory,Not matched
26,Power House,Telephone Exchange,Not matched
27,Shakurpur Shiv Mandir,Wazirpur Depot,Not matched
28,Britannia Chowk Shakurpur,Subhash Place Depot (Punjab Keshri),Not matched
29,Telephone Exchange Shakurpur,Prem Bari Pul,Not matched
30,Wazirpur DTC Depot Ring Road,Shalimar Bagh Ring Road,Not matched
31,Wazirpur Depot / Subhash Place Depot,Ashok Vihar Crossing,Not matched
32,Prem Bari Pull,AE Blk Shalimar Bagh ,Not matched
33,Shalimar Bagh,BR-Blk Shalimar Bagh ,Slightly match
34,Ashok Vihar Xing,BH-Blk Shalimar Bagh ,Not matched
35,Shalimar Bagh BJ Block,,Not matched
36,Shalimar Bagh AE Block,,Not matched
37,Shalimar Bagh BA Block,,Not matched
38,Shalimar Bagh BJ Block,,Not matched
39,jhulelal mandir,,Not matched
40,Shalimar Bagh Community Centre,,Not matched
41,Shalimar Bagh A Block,,Not matched
42,Shalimar Bagh A Block,,Not matched
43,Shalimar Bagh A Block,,Not matched
44,Shalimar Bagh A Block,,Not matched
45,Shalimar Bagh A Block,,Not matched
46,Shalimar Bagh A Block,,Not matched
47,shalimar crossing,,Not matched
48,haider pur hospital,,Not matched
49,Haider Pur Village,,Not matched
