,OLD_STOPS,NEW_STOPS
1,,Kendriya Terminal (Church Road)
2,,Gurudwara Rakab Ganj
3,,Kendriya Terminal
4,,NDPO
5,,Gurudwara Bangla Sahib
6,,Patel Chowk
7,,Aakashwani Bhawan
8,,Krishi Bhawan
9,,Udhyog Bhawan
10,,G Block
11,,Sena Bhawan
12,,Tyag Raj Marg
13,,South Block
14,,Teen Murti
15,,Chanakya Puri Police Station
16,,UK High Commision
17,,USSR Embassy
18,,German Ambessy
19,,Railway Museum
20,,Moti Bagh
21,,South Moti Bagh
22,,R. K. Puram Sec-12
23,,Sangam Cinema
24,,RK Puram Sec-7 X-ing
25,,M S Market/ R.K. Puram Sec-6
26,,R K Puram Sec-1
27,,R K Puram Sec-4
28,,Munirka Village
29,,Munirka DDA Flat
30,,JNU
31,,Ber Sarai
32,,School of Physical Scienec
33,,FAI
34,,Sanskrit Vidyapeeth
35,,Katwaria Sarai
36,,Qutub Enclave
37,,NCERT
38,,Adhchini Village
39,,MMTC
40,,PTS
41,,Geetanjali Enclave
42,,PNB Geetanjali
43,,Saket A Block
44,,Press Enclave
45,,Modi Hospital
46,,Hauz Rani
47,,Saket M Block
48,,Saket Terminal
49,,Saket J Block
50,,Saket Xing
51,,DIPSAR
52,,Ambedkar Nagar Terminal
53,,AMbedkar Nagar Depot
54,,Devoli Road Crossing 
55,,Vayusena Bad
56,,Batra Hospital
57,,Hamdard Nagar
