,OLD_STOPS,NEW_STOPS,OUTPUT
1,Kendriya Terminal (Church Road),Kendriya Terminal (Church Road),Match
2,Gurudwara Rakab Ganj,Gurudwara Rakab Ganj,Match
3,Kendriya Terminal (Pt. Pant Marg),Kendriya Terminal,Slightly match
4,NDPO,NDPO,Match
5,Gurudwara Bangla Sahib,Gurudwara Bangla Sahib,Match
6,Patel Chowk,Patel Chowk,Match
7,Aakashwani Bhawan,Aakashwani Bhawan,Match
8,Madhuban Chowk Outer Ring Road,Krishi Bhawan,Not matched
9,Udyog Bhawan,Udhyog Bhawan,Match
10,Deepali Chowk,G Block,Not matched
11,Filmistan,Sena Bhawan,Not matched
12,Tyag Raj Marg,Tyag Raj Marg,Match
13,South Enclave,South Block,Not matched
14,Teen Murti,Teen Murti,Match
15,Chanakya Puri Police Station,Chanakya Puri Police Station,Match
16,UK High Commision,UK High Commision,Match
17,USSR Embassy,USSR Embassy,Match
18,German Ambessy,German Ambessy,Match
19,Prahlad Market,Railway Museum,Not matched
20,Moti Bagh 1,Moti Bagh,Match
21,South Moti Bagh,South Moti Bagh,Match
22,Kikar Wala Chowk,R. K. Puram Sec-12,Not matched
23,Satya Niketan,Sangam Cinema,Not matched
24,RK Puram Sec-7 X-ing,RK Puram Sec-7 X-ing,Match
25,R K Puram Sec-3,M S Market/ R.K. Puram Sec-6,Slightly match
26,R K Puram Sec-3,R K Puram Sec-1,Match
27,R K Puram Sec-4,R K Puram Sec-4,Match
28,Munirka Family Planning,Munirka Village,Slightly match
29,Munirka DDA Flats,Munirka DDA Flat,Match
30,JNU,JNU,Match
31,Ber Sarai,Ber Sarai,Match
32,School Of Physical Science,School of Physical Scienec,Match
33,FAI,FAI,Match
34,Sanskrit Vidyapeeth,Sanskrit Vidyapeeth,Match
35,Katwaria Sarai,Katwaria Sarai,Match
36,Qutub Hotel,Qutub Enclave,Not matched
37,NCERT,NCERT,Match
38,Adhchini Village,Adhchini Village,Match
39,MMTC,MMTC,Match
40,PTS,PTS,Match
41,Geetanjali Enclave,Geetanjali Enclave,Match
42,PNB Geetanjali,PNB Geetanjali,Match
43,Saket A Block (Malviya Nagar Metro Station),Saket A Block,Not matched
44,Press Enclave,Press Enclave,Match
45,HaujRani / MaxHospital,Modi Hospital,Not matched
46,Hauj Rani,Hauz Rani,Slightly match
47,Saket M Block,Saket M Block,Match
48,Saket Terminal,Saket Terminal,Match
49,Saket J Block,Saket J Block,Match
50,Dispensary Paharganj,Saket Xing,Not matched
51,C-1 Janak Puri,DIPSAR,Not matched
52,C-1 Janak Puri,Ambedkar Nagar Terminal,Not matched
53,Pushp Vihar,Pushp Vihar,Match
54,Pushpa Bhawan,Pushpa Bhawan,Match
55,P.S. Madan Gir,P.S. Madan Gir,Match
56,Ambedkar Nagar Sec-4 virat Cinema,Ambedkar Nagar Sec-4 virat Cinema,Match
