,OLD_STOPS,NEW_STOPS,OUTPUT
1,Narela Terminal,NARELA TERMINAL,Match
2,P.S. NARELA,P.S. NARELA,Match
3,RAM DEV CHOWK,RAM DEV CHOWK,Match
4,Sec A-9 Narela,NARELA A-9,Match
5,S.Raja Harish Chander Hospital,RAJA HARISH CHAND HOSP.,Slightly match
6,Muneem Ji Ka Bagh,MUNIMJI KA BAGH,Slightly match
7,NARELA NEW ANAJ MANDI,NARELA NEW ANAJ MANDI,Match
8,NARELA RAILWAY X-ING,NARELA RAILWAY X-ING,Match
9,VISHAL BAGH,VISHAL BAGH,Match
10,BAL BICHU GHAR,BAL BICHU GHAR,Match
11,Swatantra Ngr,SWATANTRA NAGAR,Match
12,Maharaja Agrassen School,MAHARAJA AGGRASEN PUBLIC SCHOOL,Slightly match
13,Bharat Mata School,BHARAT MATA PUBLIC SCHOOL,Match
14,Kaushal Devi Netraheen Ashram,KAUSHALYA DEVI BLIND ASHRAM,Not matched
15,SANNOTH X-ING,SANNOTH X-ING,Match
16,GHOGA AIR FORCE STATION,GHOGA AIR FORCE STATION,Match
17,Jain Shukla Mandir,JAIN SHUKLA MANDIR,Match
18,JJ Colony Bawana Crpf Camp,J J COLONY BAWANA,Slightly match
19,DSIDC Bawana Sec 2,BAWANA,Not matched
20,Bawana Depot,BAWANA DEPOT,Match
21,PS Bawana,PS BAWANA,Match
22,DARYA PUR VILLAGE,DARYA PUR VILLAGE,Match
23,DARIA PUR SCHOOL,DARIA PUR SCHOOL,Match
24,HAREWALI MORE,HAREWALI MORE,Match
25,Auchandi Village,AUCHANDI VILLAGE,Match
26,Auchandi Border,AUCHANDI BORDER,Match
27,Mangesh Pur,MUNGESH PUR VILLAGE,Slightly match
28,Jawahar Navodya School,JAWAHAR NAVODAYA SCHOOL,Match
29,Katevara Xing,KATEWDA XING,Not matched
30,Qutub Garh Enclave,QUTUB GARH,Slightly match
31,Jat Khor Crossing,JAT KHOR,Slightly match
32,PUNJAB KHOR,PUNJAB KHOR,Match
33,Tatesar Gurukul,TATESAR GURUKUL,Match
34,Tatesar Village,TATESAR VILLAGE,Match
35,Jonti Village,JOUNTI VILLAGE,Match
36,Jonti Crossing,JOUNTI CROSSING,Match
37,S. VIVEKANAND SCHOOL,S. VIVEKANAND SCHOOL,Match
38,Ladpur Village,LADPUR,Slightly match
39,Nirmal Hospital,NIRMAL HOSPITAL,Match
40,Kanjhawala Chowk,KANJHAWALA CHOWK,Match
41,Shivam Plywood,SHIVAM PLYWOOD,Match
42,Radha Swami Satsang / Rupali Enclave,RUPALI ENCLAVE -RS SATSANG,Slightly match
43,Shiv vihar/Bheem chowk,SHIV VIHAR BHEEM CHOWK,Match
44,Desu Office Karala,DESU OFFICE,Slightly match
45,Karala Crossing,KARALA,Slightly match
46,Karala Crossing,KARALA CROSSING,Match
47,Madanpur Dabas,MADANPUR DABAS,Match
48,Mubarak Pur Crossing,MUBARAK PUR X-ING,Slightly match
49,Rani Khera School / Bhagya Vihar,RANI KHERA,Not matched
50,Friends Enclave Mundka,WEST BLOCK FRIENDS ENCLAVE MUNDKA,Slightly match
51,Mundka Village (Metro Station),MUNDKA VILLAGE,Slightly match
52,Mundka Village Xing,MUNDKA CROSSING,Not matched
53,Swarn Park,SWARAN PARK,Match
54,Rajdhani Park,RAJDHANI PARK,Match
55,QUMRUDDIN NAGAR CROSSING,QUMRUDDIN NAGAR CROSSING,Match
56,NANGLOI JJ COLONY-2,NANGLOI JJ COLONY-2,Match
57,Nangloi JJ Colony Lokesh Cinema,LOKESH CINEMA,Slightly match
58,Nangloi Metro Station,NANGLOI,Not matched
59,KAMARUDDIN NAGAR,KAMARUDDIN NAGAR,Match
60,SHIV RAM PARK,SHIV RAM PARK,Match
61,SHIV RAM PARK,SHIV RAM PARK,Match
62,NILOTHI,NILOTHI,Match
63,NILOTHI CROSSING,NILOTHI CROSSING,Match
64,RANHOLA,RANHOLA,Match
65,TILANG PUR KOTLA,TILANG PUR KOTLA,Match
66,CHANCHAL PARK,CHANCHAL PARK,Match
67,SATYAM VIHAR,SATYAM VIHAR,Match
68,BAKKARWALA MORE,BAKKARWALA MORE,Match
69,Baprola School,BAPROLA SCHOOL,Match
70,Baprola Village,BAPROLA,Slightly match
71,AirForce Station (BaniCamp),BUNNY CAMP,Not matched
72,Jai Vihar,JAI VIHAR,Match
73,Dichau Kalan Depot,DK DEPOT,Slightly match
74,NAJAFGARH NANGLOI STAND,NAJAFGARH NANGLOI STAND,Match
75,NAJAFGARH HEALTH CENTER,NAJAFGARH HEALTH CENTER,Match
76,NajafGarh Delhi Gate,NAJAFGARH DELHI GATE,Match
77,Chawla Stand Najafgarh,NAJAFGARH CHAWLA STAND,Match
78,Police Station Najafgarh,P.S. NAJAFGARH,Slightly match
79,Najafgarh Dhansa More,DHANSA STAND NAJAFGARH,Slightly match
80,Jharoda Crossing,JHARODA XING,Not matched
81,NAJAFGARH TERMINAL,NAJAFGARH TERMINAL,Match
