,OLD_STOPS,NEW_STOPS
1,,Lampur Border
2,,Lampur Village
3,,Lampur School
4,,Bankner School
5,,Bankner Village
6,,New Bakner Basti
7,,VISHAL BAGH
8,,BAL BICHU GHAR
9,,SWATANTRA NAGAR
10,,MAHARAJA AGGRASEN PUBLIC SCHOOL
11,,BHARAT MATA PUBLIC SCHOOL
12,,KAUSHALYA DEVI BLIND ASHRAM
13,,SANNOTH X-ING
14,,GHOGA AIR FORCE STATION
15,,JAIN SHUKLA MANDIR
16,,J J COLONY BAWANA
17,,BAWANA
18,,DSIDC BAWANA SEC-1
19,,PRIMARY SCHOOL BAWANA
20,,PANCHAYAT GHAR BAWANA
21,,ISWAR COLONY
22,,BAJIT PUR X-ING
23,,SHRI KRISHNA DAIRY FARM
24,,PREM PIAO
25,,CHAND PUR X-ING
26,,KANJHAWALA CHOWK
27,,KANJHAWALA VILLAGE
28,,KANJHAWALA DEPOT
29,,KANJHAWALA SUB STATION
30,,KANJHAWALA SCHOOL
31,,SIR CHHOTU RAM POLYTECHNIC
32,,GHEVRA VILLAGE
33,,GHEVRA FATAK
34,,GAHEVRA X-ING
35,,HIRAN KUDNA MORE
36,,MILE STONE FACTORY
37,,SHIV SHANKAR DHARAM KANTA
38,,MUNDKA SCHOOL
39,,MUNDKA VILLAGE
40,,MUNDKA CROSSING
41,,SWARAN PARK
42,,RAJDHANI PARK
43,,QUMRUDDIN NAGAR CROSSING
44,,LOKESH CINEMA
45,,NANGLOI
46,,KAMARUDDIN NAGAR
47,,SHIV RAM PARK
48,,SHIV RAM PARK
49,,NILOTHI
50,,NILOTHI CROSSING
51,,RANHOLA
52,,TILANG PUR KOTLA
53,,CHANCHAL PARK
54,,SATYAM VIHAR
55,,BAKKARWALA MORE
56,,BAPROLA SCHOOL
57,,BAPROLA
58,,BUNNY CAMP
59,,JAI VIHAR
60,,DK DEPOT
61,,DICHAON KALAN DTC BUS DEPOT
62,,NAJAFGARH TERMINAL
