,OLD_STOPS,NEW_STOPS,OUTPUT
1,Narela Terminal,NARELA TERMINAL,Match
2,Narela Terminal,P.S. NARELA,Match at 1 in new_data list
3,shafiabad more,SHAFIABAD MORE ,Match
4,RAM DEV CHOWK,RAM DEV CHOWK,Match
5,Sec A-9 Narela,NARELA A-9,Match
6,S.Raja Harish Chander Hospital,RAJA HARISH CHAND HOSP.,Slightly match
7,Muneem Ji Ka Bagh,MUNIM JI KA BAGH,Match
8,New Anaj Mandi,NARELA NEW ANAJ  MANDI,Slightly match
9,Kurani More,KURENI,Not matched
10,narela railway xing,NARELA RAILWAY X-ING,Match
11,VISHAL BAGH,VISHAL BAGH,Match
12,BAL BICHU GHAR,BAL BICHU GHAR,Match
13,Swatantra Ngr,SWATANTRA NAGAR,Match
14,Maharaja Agrassen School,MAHARAJA AGGRASEN PUBLIC SCHOOL,Slightly match
15,Bharat Mata School,BHARAT MATA PUBLIC SCHOOL,Match
16,Kaushal Devi Netraheen Ashram,KAUSHALYA DEVI BLIND ASHRAM,Not matched
17,SANNOTH X-ING,SANNOTH X-ING,Match
18,GHOGA AIR FORCE STATION,GHOGA AIR FORCE STATION,Match
19,Jain Shukla Mandir,JAIN SHUKLA MANDIR,Match
20,DSIDC Bawana/ Dhakewala,J J COLONY BAWANA,Not matched
21,Bawana JJ Colony / CRPF,BAWANA,Not matched
22,DSIDC Office Bawana,DSIDC BAWANA SEC-1,Not matched
23,Bawana School,PRIMARY SCHOOL BAWANA,Slightly match
24,Bawana Village,PANCHAYAT GHAR BAWANA,Not matched
25,ISWAR COLONY,ISWAR COLONY,Match
26,Bajit Pur X-lng,BAJIT PUR X-ING,Match
27,Shri Krishna Gaushala,SHRI KRISHNA DAIRY FARM,Not matched
28,Prem Piyau,PREM PIAO,Slightly match
29,CHAND PUR X-ING,CHAND PUR X-ING,Match
30,Kanjhawala Chowk,KANJHAWALA CHOWK,Match
31,Kanjhawala Village,KANJHAWALA VILLAGE,Match
32,Kanjhawala Depot (Narela Road),KANJHAWALA DEPOT,Slightly match
33,Desu Sub Station,KANJHAWALA SUB STATION,Not matched
34,Kanjhawala Haryana Shakti C-School,KANJHAWALA SCHOOL,Slightly match
35,Sir Chhotu Ram Polytechnic,SIR CHHOTU RAM POLYTECHNIC,Match
36,Ghevra Village,GHEVRA VILLAGE,Match
37,FCI Ghevra,GHEVRA FATAK,Not matched
38,Ghevra Crossing (Kanjhawala Road),GAHEVRA X-ING,Not matched
39,Hiran Kudna Crossing,HIRAN KUDNA MORE,Not matched
40,Mile Stone / Shiv Shankar Dharam Kanta,MILE STONE FACTORY,Not matched
41,Mile Stone / Shiv Shankar Dharam Kanta,SHIV SHANKAR DHARAM KANTA,Slightly match
42,Mundka Industrial Area / Mundka School,MUNDKA SCHOOL,Slightly match
43,Mundka Village (Metro Station),MUNDKA VILLAGE,Slightly match
44,Mundka Village Xing,MUNDKA CROSSING,Not matched
45,Swarn Park,SWARAN PARK,Match
46,Rajdhani Park,RAJDHANI PARK,Match
47,Qamruddin Nagar Terminal,QUMRUDDIN NAGAR CROSSING,Not matched
48,Nangloi JJ Colony Lokesh Cinema,LOKESH CINEMA,Slightly match
49,Nangloi JJ Colony Lokesh Cinema,NANGLOI,Not matched
50,Qamruddin Nagar Terminal,KAMARUDDIN NAGAR,Slightly match
51,SHIV RAM PARK,SHIV RAM PARK,Match
52,SHIV RAM PARK,SHIV RAM PARK,Match
53,NILOTHI,NILOTHI,Match
54,NILOTHI CROSSING,NILOTHI CROSSING,Match
55,RANHOLA,RANHOLA,Match
56,TILANG PUR KOTLA,TILANG PUR KOTLA,Match
57,CHANCHAL PARK,CHANCHAL PARK,Match
58,SATYAM VIHAR,SATYAM VIHAR,Match
59,BakkarWala Crossing,BAKKARWALA MORE,Not matched
60,Baprola Village,BAPROLA SCHOOL,Not matched
61,Baprola School,BAPROLA,Slightly match
62,BUNNY CAMP,BUNNY CAMP,Match
63,Jai Vihar,JAI VIHAR,Match
64,Dk Depot,DK DEPOT,Match
65,NAJAFGARH NANGLOI STAND,NAJAFGARH NANGLOI STAND,Match
66,NAJAFGARH HEALTH CENTER,NAJAFGARH HEALTH CENTER,Match
67,NajafGarh Delhi Gate,NAJAFGARH DELHI GATE,Match
68,Chawla Stand Najafgarh,NAJAFGARH CHAWLA STAND,Match
69,P.S. NAJAFGARH,P.S. NAJAFGARH,Match
70,Dhansa Stand Nfg,DHANSA STAND NAJAFGARH,Slightly match
71,Jharonda X-Ing,JHARODA XING,Slightly match
72,NAJAFGARH,NAJAFGARH TERMINAL,Slightly match
