,OLD_STOPS,NEW_STOPS,OUTPUT
1,Uttam Nagar Terminal,UTTAM NAGAR TERMINAL,Match
2,Uttam Nagar / A1 Janak Puri,A 1 JANAKPURI,Slightly match
3,Tilak Pul,TILAK PUL,Match
4,Jivan park,JEEVAN PARK,Slightly match
5,C-1 Janak Puri,JANAK PURI C 1,Match
6,C2D Janak Puri,Janak Puri C 2A,Not matched
7,Dabri Crossing (Pankha Road),Dabri Crossing,Slightly match
8,Janak Cinema,Janak Cinema,Match
9,Desu Colony Janak Puri,DESU COLONY JANAKPURI,Match
10,SagarPur Vashisht Park,SAGAR PUR VASHISHTH PARK,Match
11,D Block Janakpuri (Pankha Road),D BLOCK JANAKPURI,Slightly match
12,Old Nangal,OLD NANGAL BRIDGE  PANKHA ROAD,Slightly match
13,Old Nangal Bridge (Pankha Road),OLD NANGAL,Slightly match
14,Supply Depot,SUPPLY DEPOT,Match
15,Kirbi Place,KIRBI PLACE,Match
16,Thimiyan Park,THIMIYA PARK,Match
17,S O Flats Carriappa Marg/Carriappa Vihar,SIGNAL OFFICERS FLATS,Not matched
18,R R Line,R. R.  LINE,Match
19,Golf Club,GOLF CLUB,Match
20,ARSD College (Dhaula Kuan),DHAULA KUAN,Slightly match
21,Satya Niketan / Gurudwara Moti Bagh,SATYA NIKETAN,Slightly match
22,Satya Niketan / Gurudwara Moti Bagh,MOTI BAGH NANAKPURA GURUDWARA,Not matched
23,South Moti Bagh,SOUTH MOTI BAGH,Match
24,R K Puram Sec-7,RK PURAM SECTOR 12,Not matched
25,RK Puram Sec-12(Sangam Cinema),SANGAM CINEMA,Slightly match
26,R K Puram Sec-4,R K PURAM SEC 7Som Vihar,Slightly match
27,RK Puram Sec-10,R K PURAM SEC 10,Match
28,Mohan Singh Market,MOHAN SINGH MARKET,Match
29,R K Puram Sec-1,RK PURAM SECTOR 1,Slightly match
30,R K Puram Sec-4,RK PURAM SEC 4,Match
31,RK Puram Sec 1,RK PURAM SECTOR 3,Slightly match
32,R K Puram Nab,RK PURAM SECTOR 2,Not matched
33,Mohammadpur Village,MOHAMMADPUR VILLAGE,Match
34,Bhikaji Cama Place,BHIKAJI CAMA PLACE,Match
35,Africa Avenue,AFRICA AVENUE,Match
36,Nauroji Nagar,NAUROJI NAGAR,Match
37,Raj Nagar,RAJ NAGAR,Match
38,S J Hospital,SAFDARJANG HOSPITAL,Slightly match
39,AIIMS Ring Road,AIIMS,Not matched
40,South Extension,SOUTH EXTENTION 2,Slightly match
41,South Extension,SOUTH EXTENSION,Match
42,Andrews Ganj,ANDREWS GANJ,Match
43,moolchand hospital,MOOLCHAND HOSPITAL,Match
44,Gupta Market,GUPTA MARKET,Match
45,Lajpat Nagar 2 Ring Road,LAJPAT NAGAR,Slightly match
46,PG DAV College / Sri Niwaspuri,DAV PG COLLEGE,Slightly match
47,Nehru Nagar,NEHRU NAGAR,Match
48,Maharani Bagh / Ashram,MAHARANI BAGH,Slightly match
49,Bala Sahib Gurudwara,GURUDWARA BALA SAHIB,Match
50,Sarai Kale Khan ISBT,SARAI KALE KHAN,Match
