,OLD_STOPS,NEW_STOPS
1,,Dhool Siras
2,,Dhool Siras Crossing
3,,Pochanpur Phase 2
4,,Dwarka Sector 23 Pochanpur
5,,Dwarka Sector 22 23 Crossing
6,,Dwarka Sector 19 20 Crossing
7,,Dwarka Sector 7 9 6 10 Crossing
8,,Dwarka Sector 6 7 Crossing Telephone Exchange
9,,Dwarka Gate
10,,Palam Village
11,,Palam Colony
12,,Palam Railway Crossing
13,,Prahladpur
14,,Indian Oil
15,,More Lines
16,,Palam Modh
17,,Palam Tanky
18,,Gopi Nath Bazaar
19,,Mall Road Delhi Cantt
20,,Rr Line
21,,Golf Club
22,,Dhaula Kuan
23,,Taj Hotel
24,,Railway Colony
25,,Bharat Sadhu Samaj
26,,11 Murti
27,,Talkatora Garden
28,,Rml Hospital
29,,Kendriya Terminal
30,,Ndpo
31,,Shivaji Stadium
