,OLD_STOPS,NEW_STOPS,OUTPUT
1,Kapashera Border,Kapashera Border,Match
2,Kapashera Village,Kapashera Village,Match
3,Kapashera Crossing,Kapashera Xing,Slightly match
4,Samalkha Village,Samalka Village,Match
5,Samalkha Crossing,Samalkha Xing,Not matched
6,Shiv Murti (NH-8),Shiv Murti,Slightly match
7,Rang Puri Pahari,Rang Puri,Slightly match
8,Mahipal Pur Village,Mahipal Pur,Slightly match
9,Rang Puri Pahari,Rang Puri Pahari,Match
10,Vasant Kunj Sec-C-8,Sec C-8 Vasant Kunj,Match
11,ISIC Hospital (Verma farm),Verma Farm (ISIC HOSPITAL),Match
12,ISIC Hospital (Verma farm),ISIC Hosp,Slightly match
13,Kathuria Public School (Sai Darbar Mandir),Kathuria Public School,Slightly match
14,Masood Pur Dairy,Masood Pur Dairy,Match
15,Masood Pur Village,Masood Pur Village,Match
16,Vasant Kunj sec-B1,Sec B1 Vasant Kunj,Match
17,Vasant Kunj Sec-D/3-4,Sec D vasant Kunj,Match
18,Kishan Garh,Kishan Garh,Match
19,Vasant Kunj Sec-A ILBS,Vasant Kunj Sec-A,Match
20,Vasant Kunj Sec-A Pkt-BC,Vasant Kunj Sec-A Pkt BC,Match
21,Andheria Bagh More,Andheria More,Match
22,Qutub Minar Metro Sation,Qutab Metro Station,Not matched
23,Ahinsa Sthal,Ahinsa Sthal,Match
24,Lado Sarai Crossing,Lado Sarai Xing,Slightly match
25,Dhaula Peer / Lado Sarai,Lado Sarai,Slightly match
26,Dhola Peer,Dhola Peer,Match
27,Said ul zeb Village,Said ul zeb Village,Match
28,Maidan Garhi Crossing (SDM Court),Maidan Garhi Xing,Slightly match
29,Saket Crossing,Saket Xing,Not matched
30,Asian Market,Asian Market,Match
31,DIPSAR College of Pharmacy,DIPSAR,Not matched
32,Ambedkar Nagar Terminal,Ambedkar Nagar Terminal,Match
33,Ambedkar Nagar Depot,Ambedkar Nagar Depot,Match
34,Khanpur Extension / Devli Xing,Devoli Road Crossing ,Not matched
35,Vayusena Bad,Vayusena Bad,Match
36,Batra Hospital / Satya Narayan Mandir,Batra Hosp,Not matched
37,Hamdard Nagar / Sangam Vihar,Hamdard Nagar,Slightly match
38,Air Force Station,Air Force Station,Match
39,Tuglkabad Fort,Tuglkabad Fort,Match
40,Tughalqabad Village,Tuglaka Bad Villlage,Slightly match
41,Kaya Maya Hospital,Kaya Maya Hospital,Match
42,MB Road,Okhla More,Not matched
43,Prem Nagar,Prem Nagar,Match
44,Lal Kuan,Lal Kuan,Match
45,Surajkund Crossing,Suraj kund Xing,Not matched
46,Prehlad Pur,Prehladpur,Match
47,Badarpur M B Road,Badar Pur M.B. Road,Match
48,Badarpur Border,Badarpur Border,Match
