,OLD_STOPS,NEW_STOPS,OUTPUT
1,IGI Airport Terminal 2 (Air India Office),IGI Airport Terminal 2,Slightly match
2,Air Traffic Control,Air Traffic Control (ATC),Match
3,Cargo / Express Terminal Gate,Cargo Terminal,Slightly match
4,Centaur Hotel / New Custom House,Santoor Hotel,Not matched
5,Radission Hotel,Radission Hotel,Match
6,Mahipal Pur Village,Mahipal Pur,Slightly match
7,Rang Puri Pahari,Rang Puri Pahari,Match
8,Vasant Kunj Sec-C-8,Sec C 8 Vasant Kunj ,Match
9,ISIC Hospital (Verma farm),Verma Farm,Slightly match
10,ISIC Hospital (Verma farm),ISIC Hosp,Slightly match
11,Kathuria Public School (Sai Darbar Mandir),Kathuria Public School,Slightly match
12,Masood Pur Dairy,Masood Pur Dairy,Match
13,Masood Pur Village,Masood Pur Village,Match
14,Vasant Kunj sec-B1,Sec B1 Vasant Kunj ,Match
15,Vasant Kunj Sec-D/3-4,Sec D Vasant Kunj ,Match
16,Kishan Garh,Kishan Garh,Match
17,Vasant Kunj Sec-A ILBS,Vasant Kunj Sec A,Match
18,Vasant Kunj Sec-A Pkt-BC,Vasant Kunj Sec A Pkt BC,Match
19,Andheria Bagh More,Andheria More,Match
20,Qutub Minar Metro Sation,Qutab Metro Station,Not matched
21,Ahinsa Sthal,Ahinsa Sthal,Match
22,Lado Sarai Crossing,Lado Sarai Xing,Slightly match
23,Dhaula Peer / Lado Sarai,Lado Sarai,Slightly match
24,Dhola Peer,Dhola Peer,Match
25,Said ul zeb Village,Said ul zeb Village,Match
26,Maidan Garhi Crossing (SDM Court),Maidan Garhi Xing,Slightly match
27,Saket Crossing,Saket X ing,Not matched
28,Asian Market,Asian Market,Match
29,DIPSAR College of Pharmacy,DIPSAR,Not matched
30,Ambedkar Nagar Terminal,Ambedkar Nagar Terminal,Match
31,Ambedkar Nagar Depot,Ambedkar Nagar Depot,Match
32,Khanpur Extension / Devli Xing,Devoli Road Crossing ,Not matched
33,Vayusena Bad,Vayusena Bad,Match
34,Batra Hospital / Satya Narayan Mandir,Batra Hosp,Not matched
35,Hamdard Nagar / Sangam Vihar,Hamdard Nagar,Slightly match
36,Air Force Station,Air Force Station,Match
37,Tuglkabad Fort,Tuglkabad Fort,Match
38,Tughalqabad Village,Tuglaka Bad Villlage,Slightly match
39,Kaya Maya Hospital,Kaya Maya Hospital,Match
40,MB Road,Okhla More,Not matched
41,Prem Nagar,Prem Nagar,Match
42,Lal Kuan,Lal Kuan,Match
43,Surajkund Crossing,Suraj kund Xing,Not matched
44,Prehlad Pur,Prehladpur,Match
45,Badarpur M B Road,Badar Pur M.B. Road,Match
46,Badarpur Border,Badarpur Border,Match
