,OLD_STOPS,NEW_STOPS,OUTPUT
1,Badarpur Border,Badarpur Border,Match
2,Badarpur M B Road / Rajiv Gandhi Stadium,Badar Pur M.B. Road,Slightly match
3,Prehlad Pur,Prehladpur,Match
4,Surajkund Crossing,Suraj kund Xing,Not matched
5,Lal Kuan,Lal Kuan,Match
6,Prem Nagar,Prem Nagar,Match
7,Okhla More,Okhla More,Match
8,Kaya Maya Hospital,Kaya Maya Hospital,Match
9,Tughalqabad Village,Tuglaka Bad Villlage,Slightly match
10,Tuglakabad F,Tuglkabad Fort,Slightly match
11,Air Force Station,Air Force Station,Match
12,Hamdard Nagar / Sangam Vihar,Hamdard Nagar,Slightly match
13,Batra Hospital (Satya Narayan Mandir),Batra Hosp,Not matched
14,Vayu Senabad,Vayusena Bad,Match
15,Devoli Road X,Devoli Road Crossing ,Slightly match
16,Ambedkar Nagar Depot,Ambedkar Nagar Depot,Match
17,Ambedkar Nagar Depot,Ambedkar Nagar Terminal,Not matched
18,Ambedkar Nagar Terminal / DIPSAR,DIPSAR,Not matched
19,Asian Market,Asian Market,Match
20,Saket Crossing,Saket X ing,Not matched
21,Maidan Garhi Xing,Maidan Garhi Xing,Match
22,Saidul-A-Jab,Said ul zeb Village,Not matched
23,Dhaula Peer,Dhola Peer,Slightly match
24,Lado Sarai Crossing,Lado Sarai,Slightly match
25,Dhaula Peer Lado Sarai,Lado Sarai Xing,Not matched
26,Ahinsa Sthal,Ahinsa Sthal,Match
27,Qutub Minar Metro Sation,Qutab Metro Station,Not matched
28,Andheria Bagh More / Chhatarpur Metro Station,Andheria More,Not matched
29,Vasant Kunj Sec-A Pkt-BC,Vasant Kunj Sec A Pkt BC,Match
30,Vasant Kunj Sec-A ILBS,Vasant Kunj Sec A ,Match
31,Kishan Garh,Kishan Garh,Match
32,Vasant Kunj Sec-A ILBS,Sec D Vasant Kunj ,Slightly match
33,Vasant Kunj sec-B1,Sec B1 Vasant Kunj ,Match
34,Masood Pur Village,Masood Pur Village,Match
35,Masood Pur Dairy,Masood Pur Dairy,Match
36,Kathuria Public School (Sai Darbar Mandir),Kathuria Public School,Slightly match
37,ISIC Hosp,ISIC Hosp,Match
38,ISIC Hospital (Verma farm),Verma Farm,Slightly match
39,Vasant Kunj Sec-C-8,Sec C 8 Vasant Kunj ,Match
40,Rang Puri Pahari,Rang Puri Pahari,Match
41,Mahipal Pur Village,Mahipal Pur,Slightly match
42,Raddison Hotel,Radission Hotel,Slightly match
43,Santoor Hotel,Santoor Hotel,Match
44,Cargo,Cargo Terminal,Slightly match
45,Air Traffic Control (ATC),Air Traffic Control (ATC),Match
46,IGI Airport Terminal 2,IGI Airport Terminal 2,Match
