,OLD_STOPS,NEW_STOPS,OUTPUT
1,Kapashera Border,Kapashera Border,Match
2,Kapashera Village,Kapashera Village,Match
3,Kapashera Crossing,Kapashera X-ing,Not matched
4,Samalkha Village,Samalka Village,Match
5,Samalkha Crossing,Samalkha X-ing,Not matched
6,Puspanjali G Block,Pushpanjali,Slightly match
7,Puspanjali G Block,Puspanjali G-Block,Match
8,Dwarka 21/25,Dwarka 21/25,Match
9,Supreme Court / Pragati Maidan Metro Station,Dwarka Sec-25,Not matched
10,Dwarka Sec-21 Crossing,Dwarka Sec-22/23 Crossing,Slightly match
11,Dwarka Sec-21 Crossing,Dwarka Sec-20/21 Crossing,Match
12,SECTOR-8 METRO STATION,SECTOR-8 METRO STATION,Match
13,Dwarka Sec 9 Metro Station,Sector-9 Metro Station,Not matched
14,Dwarka Sec 8 DTC Depot,Sector-8 DTC Bus Depot,Not matched
15,Royal Residency (Dwarka),Royal Residency,Slightly match
16,Dwarka Sec-6/7,Dwarka Sec-6/10 X-ing,Slightly match
17,Princess Park/ Airforce Noval Office Enclave,Princes Apartment Sec-7,Not matched
18,Dwarka Sec-6/7,Dwarka Sec-6,Match
19,Dwarka Sec-6 Telephone Exchange,Dwarka Telephone Exchange,Match
20,Dwarka Sec-1 Mahalaxmi Apartment,Dwarka Sec-2,Not matched
21,SFS Flats Sec-2 Power House,SFS Flat Sector-2,Slightly match
22,Mahaveer Enclave Part IIandIII,"Mahvir Enclave part II,III",Slightly match
23,Vijay Enclave (New Dwarka Road),Vijay Enclave,Slightly match
24,Dashrath Puri,Dashrath Puri,Match
25,Dabri Village,Dabri Village,Match
26,Dabri Xing,Dabri X-ing,Match
27,Dabri Xing,Dabri X-ing,Match
28,C-2 Janak Puri,Janak Puri B-1,Slightly match
29,C-1 Janak Puri,Janak Puri C-1,Match
30,Jivan park,Jeewan Park,Not matched
31,Tilak Pul,Tilak Pul,Match
32,Uttam Nagar / A1 Janak Puri,A-1 Janakpuri,Slightly match
33,Uttam Nagar Terminal,Uttam Nagar Terminal,Match
