,OLD_STOPS,NEW_STOPS,OUTPUT
1,Uttam Nagar Terminal,Uttam Nagar Terminal,Match
2,Uttam Nagar / A1 Janak Puri,A-1 Janakpuri,Slightly match
3,Tilak Pul,Tilak Pul,Match
4,Jivan park,Jeewan Park,Not matched
5,C-1 Janak Puri,Janak Puri C-1,Match
6,C2D Janak Puri,Janak Puri B-1,Not matched
7,Dabri Xing,Dabri X-ing,Match
8,Dabri Xing,Dabri X-ing,Match
9,Dabri Village,Dabri Village,Match
10,Dashrath Puri,Dashrath Puri,Match
11,Vijay Enclave (New Dwarka Road),Vijay Enclave,Slightly match
12,Mahaveer Enclave Part IIandIII,"Mahvir Enclave part II,III",Slightly match
13,SFS Flat Sec-2 Power House,SFS Flat Sector-2,Slightly match
14,Dwarka Sec-1 Mahalaxmi Apartment,Dwarka Sec-2,Not matched
15,Dwarka Sec-6 Telephone Exchange,Dwarka Telephone Exchange,Match
16,Dwarka Sec-6/7,Dwarka Sec-6,Match
17,Princess Park/ Airforce Noval Office Enclave,Princes Apartment Sec-7,Not matched
18,Dwarka Sec6/10 X-ing,Dwarka Sec6/10 X-ing,Match
19,President Cabinet Apartment,President Cabinet Apartment,Match
20,Sector 8 DTC Bus Depot,Sector 8 DTC Bus Depot,Match
21,Sector 9 Metro Station,Sector 9 Metro Station,Match
22,DwarkaSec-9/10 X-ing,DwarkaSec-9/10 X-ing,Match
23,R.D.Rajpal School,R.D.Rajpal School,Match
24,Dwarka Sec-8 Metro Station,SECTOR 8 METRO STATION,Not matched
25,Dwarka Sec-20/21 Crossing,"Dwarka Sec-20, 21 Crossing",Match
26,Dwarka Sec-21 Crossing,Dwarka Sec-22/23 Crossing,Slightly match
27,Supreme Court / Pragati Maidan Metro Station,Dwarka Sec-25,Not matched
28,Dwarka 21/25,Dwarka 21/25,Match
29,Puspanjali G Block,Puspanjali G-Block,Match
30,Puspanjali G Block,Pushpanjali,Slightly match
31,Samalkha Crossing,Samalkha X-ing,Not matched
32,Samalkha Village,Samalka Village,Match
33,Kapashera Crossing,Kapashera X-ing,Not matched
34,Kapashera Village,Kapashera Village,Match
35,Kapashera Border,Kapashera Border,Match
