,OLD_STOPS,NEW_STOPS,OUTPUT
1,Shahdara Terminal,Shahdara Terminal,Match
2,Shahdara (Shyam Lal College),Shyam Lal College,Slightly match
3,Bihari Colony/Kanti Nagar,Kanti Nagar Extn. / Bihari Colony,Match
4,Jharkhandi,East Azad Nagar,Match at 5 in new_data list
5,Jharkhandi,Jhar Khandi,Match
6,Swaran Cinema,Swaran Cinema,Match
7,Krishna Nagar A Block,Krishna Nagar A Block,Match
8,Hans Apartment,Hans Apartment,Match
9,Arjun Nagar,Arjun Nagar,Match
10,Radheypuri,Radhey Puri,Match
11,JagatpuriA Block,Jagat Puri A Block,Match
12,Jagatpuri F-Block,Jagat Puri F Block,Match
13,Karkardooma Crossing,Karkardooma Crossing,Match
14,New Rajdhani Enclave,New Rajdhani Enclave,Match
15,Preet Vihar,Swashthya Vihar,Not matched
16,Nirman Vihar,Nirman Vihar,Match
17,Shakarpur Crossing,Shakarpur XING,Slightly match
18,Shakarpur,Shakarpur,Match
19,Laxmi Nagar / Shakarpur Crossing,Laxmi Nagar,Slightly match
20,Rainy Well,Rainy Well,Match
21,Delhi Secretariat,Delhi Sect.,Slightly match
22,ITO,ITO-AGCR,Slightly match
23,Tilak Bridge,Tilak Bridge,Match
24,Mandi House,Mandi House,Match
25,K.G.Marg Xing,K.G. Marg Xing,Match
26,Firozshah Road,Firoz Shah Road,Match
27,Windsor Place,Windsor Place,Match
28,Krishi Bhawan / Rail Bhawan Metro Station,Krishi Bhawan,Not matched
29,Udyog Bhawan,Udhyog Bhawan,Match
30,Sunehri Masjid/ G Block,G Block,Not matched
31,Sena Bhawan,Sena Bhawan,Match
32,Tyag Raj Marg,Tyag Raj Marg,Match
33,South Enclave,South Block,Not matched
34,Teen Murti,Teen Murti,Match
35,Chanakya Puri Police Station,Chanakya Puri Police Station,Match
36,malcha marg,Malcha Marg,Match
37,Railway Colony (Sardar Patel Marg),Railway Colony,Slightly match
38,Bapu Dham,Bapu Dham,Match
39,Taj Hotel,Taj Hotel,Match
40,Golf Club,Dhaula Kuan,Match at 41 in new_data list
41,R R Line,Golf Club,Not matched
42,St. Martin School,Raj Rif Line,Match at 43 in new_data list
43,Mall Road Delhi Cantt.,St. Martin School,Match at 44 in new_data list
44,Shastri Bazar,Mall Road Delhi Cantt.,Match at 45 in new_data list
45,Kabul Line,Shastri Bazar,Match at 46 in new_data list
46,Ps Sadar Bazar,Kabul Line,Match at 47 in new_data list
47,Kirbi Place,P S Sadar Bazar,Match at 48 in new_data list
48,Supply Depot,Kirbi Place,Match at 49 in new_data list
49,Janak Setu,Supply Depot,Match at 50 in new_data list
50,Nangal Raya Lajwanti Garden,Janak Setu,Not matched
51,Desu Colony,Nangal Rai,Not matched
52,SagarPur Vashisht Park,D Block Janakpuri,Not matched
53,C-1 Janak Puri,Sagar Pur-Vashishth Park,Not matched
54,C-3 Janakpuri,Desu Colony Janakpuri,Slightly match
55,C-4H Janakpuri,C-5A Janak Puri,Slightly match
56,C-3 Janakpuri,Janakpuri C4H,Slightly match
57,C4E Janakpuri,C-3 Janak Puri,Slightly match
58,C2B Janak Puri,Janakpuri C4E,Not matched
59,C-3 Janakpuri,Janakpuri C2B,Slightly match
60,gov saryoda kanya vidhalay,District Park Janak Puri,Match at 61 in new_data list
61,Janakpuri C3,Gov Saryoda Kanya Vidhalay,Not matched
62,C-1 Janak Puri,B-3 Janak Puri,Slightly match
63,,B-1 Janak Puri,
