,OLD_STOPS,NEW_STOPS,OUTPUT
1,Badu Sarai Village,Badu Sarai,Slightly match
2,Kangan Heri - II,Kangan Heri,Match
3,Chhawala Village,Chhawala Village,Match
4,Ekta Garden- Harijan Basti,Harijan Basti,Slightly match
5,bsf camp chhawla,Chhawala Camp/BSF,Match
6,BSF Staff Quarter,BSF Staff Quarter,Match
7,Check Post,Check Post,Match
8,Bamnoli Power Station,DESU Powar House ,Not matched
9,Bamnoli Crossing,Bamnoli ,Slightly match
10,Bijwason Flyover before Bridge,Bijwason Flyover before Bridge,Match
11,Syndicate Bank,syndicate Bank,Match
12,Bijwason School (Golak Dham),Bijwason School (Golak Dham),Match
13,Pushpanjali (Farm),Pushpanjali (Farm),Match
14,Kapashera Village,Kapashera Village,Match
15,Kapashera Crossing,Kapashera Crossing,Match
16,Samalkha Village,Samalkha Village,Match
17,Samalkha Crossing,Samalkha Xing,Not matched
18,Shiv Murti (NH-8),Shiv Murti,Slightly match
19,Rang Puri Pahari,Rang Puri Village,Not matched
20,Mahipal Pur Village,Mahipal Pur ,Slightly match
21,Mahipal Pur Village,Mahipal Pur Extension,Not matched
22,NHW 8,NHW-8 Crossing,Slightly match
23,APS Colony,APS Colony,Match
24,APS Colony/ Jharera Gaon,Jharera Village,Not matched
25,Air Force HQ / Subroto Park,Air Force H.Q.,Slightly match
26,RR Hospital,R.R. Hospital,Match
27,Dhaula Kuan,Dhaula Kuan,Match
28,Railway Colony (Sardar Patel Marg),Sardar Patel Marg,Slightly match
29,Bapu Dham,Bapu Dham,Match
30,Railway Colony (Sardar Paltel Marg),Railway Colony,Slightly match
31,Bhartiya Sadhu Samaj,Bhart Sadhu Samaj,Match
32,Palika Kutumb,Palika Kutumb,Match
33,11 Murti,11-Murti,Match
34,Talkatora Stadium Garden,Talkatora Garden,Slightly match
35,Dr. RML Hospital,Dr. RML Hospital,Match
36,Talkatora Road,Talkatora Road,Match
37,Kendriya Terminal / Gurudwara Rakab Gunj,Gurudwara Racab Ganj,Slightly match
38,Kendriya Terminal (Church Road),Kendriya Terminal,Slightly match
39,NDPO,NDPO,Match
40,Gurudwara Bangla Sahib,Gurudwara Bangla Sahib,Match
41,Patel Chowk,Patel Chowk,Match
42,Windsor Place,Windsor Place,Match
43,Firoz Shah Road,Firozshah Road,Match
44,K.G. Marg Xing,K.G.Marg Xing,Match
45,Mandi House,Mandi House,Match
46,Tilak Bridge,Tilak Bridge,Match
47,ITO (Agarwal Chowk),ITO B.S.Z. Marg,Not matched
48,Express Building,Express Building,Match
49,Delhi Gate,Delhi Gate,Match
50,Delhi Gate / Ambedkar Stadium Terminal,Ambedkar Stadium,Slightly match
51,Rajghat Gandhi Darshan,Gandhi Darshan,Slightly match
52,Delhi Sectt.,Delhi Sectt.,Match
