,OLD_STOPS,NEW_STOPS,OUTPUT
1,Delhi Sachivalaya (Raj Ghat Power House),Delhi Sectt.,Not matched
2,Rajghat Gandhi Darshan,Gandhi Darshan,Slightly match
3,Ambedkar Stadium Terminal,Ambedkar Stadium,Slightly match
4,Delhi Gate,Delhi Gate,Match
5,Express Building-DC2809,Express Building,Match
6,ITO,ITO B.S.Z. Marg,Not matched
7,Tilak Bridge,Tilak Bridge,Match
8,Mandi House,Mandi House,Match
9,K.G.Marg Xing,K.G.Marg Xing,Match
10,Firozshah Road,Firozshah Road,Match
11,Windsor Place,Windsor Place,Match
12,Patel Chowk (Ashoka Road),Patel Chowk,Slightly match
13,Gurudwara Bangla Sahib,Gurudwara Bangla Sahib,Match
14,NDPO,NDPO,Match
15,Kendriya Terminal (Pt. Pant Marg),Kendriya Terminal,Slightly match
16,Gurudwara Rakab Ganj,Racab Ganj Gurdwara,Slightly match
17,Talkatora Road,Talkatora Road,Match
18,RML Hospital,Dr. RML Hospital,Match
19,Talkatora Stadium Garden,Talkatora Garden,Slightly match
20,Sardar Patel Road Xing (11 Murti),11-Murti,Not matched
21,Palika Kutumb,Palika Kutumb,Match
22,Bhartiya Sadhu Samaj,Bhart Sadhu Samaj,Match
23,Railway Colony (Sardar Patel Marg),Railway Colony,Slightly match
24,Bapu Dham,Bapu Dham,Match
25,Taj Hotel,Taj Hotel,Match
26,Dhaula Kuan,Dhaula Kuan,Match
27,RR Hospital / Maharana Pratap Chowk,R.R. Hospital,Slightly match
28,Air Force HQ / Subroto Park,Air Force H.Q.,Slightly match
29,APS Colony,Jharera Village,Match at 30 in new_data list
30,APS Colony,APS Colony,Match
31,NHW 8,NHW Crossing No-8 ,Not matched
32,Mahipal Pur Extension,Mahipal Pur Extension,Match
33,Mahipal Pur Extension,Mahipal Pur,Slightly match
34,Rang Puri Pahari,Rang Puri Village,Not matched
35,MCD Store (Rajpur Road),Shiv Murti,Not matched
36,Rajpur Road Transport Deptt,Rajokari Xing,Not matched
37,PNB STA Road,Shiv Murti-II,Not matched
38,Samalkha Crossing,Samalkha X-ing,Not matched
39,Samalkha Village,Samalkha Village,Match
40,Kapashera Crossing,Kapashera Crossing,Match
41,Kapashera Village,Kapashera Village,Match
42,Pushpanjali (Farm),Pushpanjali (Farm),Match
43,Bijwason School,Bijwason School,Match
44,Syndicate Bank,Syndicate Bank,Match
45,Bijwason Flyover after Bridge,Bijwason Flyover after Bridge,Match
46,Bamnoli,Bamnoli ,Match
47,Desu Power House,DESU Powar House ,Match
48,Check Post,Check Post,Match
49,Bsf Staff Quarter,BSF Staff Quarter,Match
50,Chhawala Camp,Chhawala Camp,Match
51,Sumesh Vihar,Harijan Basti (Somesh Vihar),Slightly match
52,Chhawla Village,Chhawala Village,Match
53,Kangan Heri - II,Kangan Heri,Match
54,Badu Sarai,Badu Sarai,Match
