,OLD_STOPS,NEW_STOPS,OUTPUT
1,Badarpur Bordr,Badarpur Border,Match
2,Badarpur M B Road,Badar Pur M.B. Road,Match
3,Badarpur Border,Badarpur,Slightly match
4,Power House,Power House NTPC,Match
5,Onida Factory,Onida Factory,Match
6,Ali Village,Ali Village,Match
7,Madanpur Khadar Crossing,Madanpur Xing,Not matched
8,Sarita Vihar,Sarita Vihar,Match
9,Apollo Hospital,Apollo Hospital,Match
10,Okhla Tank,Okhla Tank,Match
11,CRRI,CRRI,Match
12,Sukhdev Vihar Depot,Sukhdev Vihar Depot,Match
13,Kalkaji Xing,Kalkaji Mode,Not matched
14,Ishwar Nagar,Ishwar Nagar,Match
15,New Friends Colony,New Friends Colony,Match
16,Ashram Chowk,Ashram,Slightly match
17,Nehru Nagar,Nehru Nagar,Match
18,Sri Niwaspuri / PG DAV College Lajpat Nagar,Shri Niwas Puri,Not matched
19,Lajpat Nagar Ring Road,Lajpat Nagar,Slightly match
20,Gupta Market,Gupta Colony,Not matched
21,Andrews Ganj,Andrews Ganj,Match
22,South Extension,South Ext Kotla Petrol Pump,Slightly match
23,South Extension - 1,South Extension 2,Slightly match
24,Aiims,AIIMS,Match
25,SAFDARJANG HOSPITAL,S J Hospital,Slightly match
26,Nauroji Nagar,Narouji Nagar,Match
27,Hyatt Hotel (GAIL),Hyatt Hotel,Slightly match
28,RK PURAM SECTOR 12,R K Puram Sec-12,Slightly match
29,ARADHNA ENCLAVE,Aradhna Enclave,Match
30,MOTI BAGH,Moti Bagh,Match
31,Gurudwara N P,Nanak Pura Gurudwara,Slightly match
32,Satya Niketan,Satya Niketan,Match
33,ARSD College (Dhaula Kuan),ARSD College,Slightly match
34,Dhaula Kuan,Dhaula Kuan Ring Road,Slightly match
35,RR Line,Raj Rif Line Ring Road,Not matched
36,Garrison Engg.,Garrision Eng.,Match
37,Brar Square,Brar Squre (Maude Road),Slightly match
38,Thimiyan Park,Thamia park,Slightly match
39,Kirbi Place,Kirbi Place,Match
40,Supply Depot,Supply Depot,Match
41,Janak Setu,Janak Setu,Match
42,Nangal Raya Lajwanti Garden,Lajwanti Garden,Slightly match
43,D Block Janak Puri,D Block Janakpuri,Match
44,SagarPur Vashisht Park,Sagar Pur - Vashishth Park,Match
45,C-1 Janak Puri,Desu Colony Janakpuri,Not matched
46,C-3 Janakpuri,C-5A Janak Puri,Slightly match
47,C-4H Janakpuri,Janakpuri C4H,Slightly match
48,C-3 Janakpuri,C-3 Janak Puri,Match
49,C4E Janakpuri,Janakpuri C4E,Match
50,C2B Janak Puri,Janakpuri C2B,Match
51,C2D Janakpuri,Janakpuri C2A,Slightly match
52,C2B Janak Puri,Janakpuri C2,Slightly match
53,C-1 Janak Puri,Janakpuri C1,Slightly match
54,Jivan park,Jeewan Park,Not matched
55,Tilak Pul,Tilak Pul,Match
56,Uttam Nagar / A1 Janak Puri,A-1 Janak Puri,Slightly match
57,Uttam Nagar Terminal,Uttam Nagar Terminal,Match
