,OLD_STOPS,NEW_STOPS,OUTPUT
1,DDA Market kalka Ji,Kalkaji Ext DDA Flat alaknanda,Not matched
2,DDA Market kalka Ji,DDA Flats KalkaJi,Not matched
3,DDA Flats Kalkaji,DDAFlate Kalkaji Market,Match at 2 in new_data list
4,C R Park Market 1,C R Park Market-2,Match
5,cr park mela ground,CR Park Mela Ground,Match
6,C R Park,CR Park Market,Slightly match
7,C R Park,CR Park,Match
8,Savitri Cinema,Savitri Cinema,Match
9,OS Communication / Masjid Moth,Masjid Moth,Slightly match
10,Krishi Vihar,Krishi Vihar,Match
11,Siri Fort Road,Siri Fort Road,Match
12,Sadiq Nagar,Sadiq Nagar,Match
13,Gargi College,Gargi College,Match
14,K N College,K.N. College,Match
15,Kamla Nehru College/Niti Bag,Niti Bagh,Not matched
16,Uday Park,Uday Park / Anand Lok,Slightly match
17,Ayurvigyan Nagar,Ayurvigyan Nagar,Match
18,Andrews Ganj,Andrews Ganj,Match
19,South Extension,South Ext Kotla Petrol Pump,Slightly match
20,South Extension - 1,South Extension 2,Slightly match
21,Aiims,AIIMS,Match
22,SAFDARJANG HOSPITAL,S J Hospital,Slightly match
23,Nauroji Nagar,Narouji Nagar,Match
24,Hyatt Hotel (GAIL),Hyatt Hotel,Slightly match
25,RK PURAM SECTOR 12,R K Puram Sec-12,Slightly match
26,ARADHNA ENCLAVE,Aradhna Enclave,Match
27,MOTI BAGH,Moti Bagh,Match
28,Gurudwara N P,Nanak Pura Gurudwara,Slightly match
29,Satya Niketan,Satya Niketan,Match
30,ARSD College (Dhaula Kuan),ARSD College,Slightly match
31,Dhaula Kuan,Dhaula Kuan Ring Road,Slightly match
32,RR Line,Raj Rif Line Ring Road,Not matched
33,Garrison Engg.,Garrision Eng.,Match
34,Brar Square,Brar Squre (Maude Road),Slightly match
35,Thimiyan Park,Thamia park,Slightly match
36,Kirbi Place,Kirbi Place,Match
37,Supply Depot,Supply Depot,Match
38,Janak Setu,Janak Setu,Match
39,Nangal Raya Lajwanti Garden,Nangal Rai,Not matched
40,D Block Janak Puri,D Block Janakpuri,Match
41,SagarPur Vashisht Park,Sagar Pur-Vashishth Park,Match
42,C-1 Janak Puri,Desu Colony Janakpuri,Not matched
43,C-3 Janakpuri,C-5A Janak Puri,Slightly match
44,C-4H Janakpuri,Janakpuri C4H,Slightly match
45,C-3 Janakpuri,C-3 Janak Puri,Match
46,C4E Janakpuri,Janakpuri C4E,Match
47,C2B Janak Puri,Janakpuri C2B,Match
48,C2D Janakpuri,Janakpuri C2A,Slightly match
49,C2B Janak Puri,Janakpuri C2,Slightly match
50,C-1 Janak Puri,Janakpuri C1,Slightly match
51,Jivan park,Jeewan Park,Not matched
52,Tilak Pul,Tilak Pul,Match
53,Uttam Nagar / A1 Janak Puri,A-1 Janak Puri,Slightly match
54,Uttam Nagar Terminal,Uttam Nagar Terminal,Match
