,OLD_STOPS,NEW_STOPS,OUTPUT
1,Uttam Nagar Terminal,Uttam Nagar Terminal,Match
2,Uttam Nagar / A1 Janak Puri,A-1 Janak Puri,Slightly match
3,Tilak Pul,Tilak Pul,Match
4,Jivan park,Jeewan Park,Not matched
5,C-1 Janak Puri,Janakpuri C1,Slightly match
6,C2B Janak Puri,Janakpuri C2,Slightly match
7,C2D Janakpuri,Janakpuri C2A,Slightly match
8,C2B Janak Puri,Janakpuri C2B,Match
9,C4E Janakpuri,Janakpuri C4E,Match
10,C-3 Janakpuri,C-3 Janak Puri,Match
11,C-4H Janakpuri,Janakpuri C4H,Slightly match
12,Janakpuri C-5A,C-5A,Not matched
13,Desu Colony,Desu Colony Janakpuri,Slightly match
14,SagarPur Vashisht Park,Sagar Pur-Vashishth Park,Match
15,D Block Janak Puri,D Block Janakpuri,Match
16,Lajwanti Garden (Carriappa Marg),Lajwanti Garden,Slightly match
17,Janak Setu,Janak Setu,Match
18,Supply Depot,Supply Depot,Match
19,Kirbi Place,Kirbi Place,Match
20,Thimiyan Park,Thamia park,Slightly match
21,S O Flats Carriappa Marg/Carriappa Vihar,Signal Officer Flats,Not matched
22,R R Line,Raj Rif Line,Slightly match
23,Golf Club,Golf Club,Match
24,ARSD College (Dhaula Kuan),Dhaula Kuan,Slightly match
25,Satya Niketan (Dhaula Kuan),Satya Niketan,Slightly match
26,Satya Niketan / Gurudwara Moti Bagh,Nanak Pura Gurudwara,Slightly match
27,South Moti Bagh (Ring Road),Moti Bagh,Slightly match
28,Aradhana Enclave,Aradhna Enclave,Match
29,RK Puram Sec-13,R K Puram Sec,Slightly match
30,Hyatt Hotel,Hyatt Hotel,Match
31,Nauroji Nagar,Narouji Nagar,Match
32,S J Hospital,S J Hospital,Match
33,AIIMS Ring Road,AIIMS,Not matched
34,South Extension,South Extension 2,Match
35,South Extn Kotla Petrol Pump,South Ext Kotla Petrol Pump,Match
36,Andrews Ganj,Andrews Ganj,Match
37,Ayurvigyan Nagar,Ayurvigyan Nagar,Match
38,Anandlok,Uday Park / Anand Lok,Not matched
39,Niti Bagh,Niti Bagh,Match
40,K N College,K.N. College,Match
41,Daulat Ram College,Gargi College,Not matched
42,Sadiq Nagar,Sadiq Nagar,Match
43,Siri Fort Road,Siri Fort Road,Match
44,Krishi Vihar,Krishi Vihar,Match
45,Masjid Moth,Masjid Moth,Match
46,Savitri Cinema (E Block Gurudwara),Savitri Cinema,Slightly match
47,C R Park,CR Park,Match
48,C R Park Market 1,CR Park Market,Slightly match
49,C R Park Market 1,CR Park Mela Ground,Not matched
50,C R Park,C R Park Market-2,Slightly match
51,DDA Market Kalkaji,DDAFlate Kalkaji Market,Slightly match
52,DDA Flats KalkaJi,DDA Flats KalkaJi,Match
53,DDA Flats Kalkaji,Kalkaji Ext DDA Flat alaknanda,Slightly match
