,OLD_STOPS,NEW_STOPS,OUTPUT
1,NEHRU PLACE BUS TERMINAL,Nehru Place Terminal,Match
2,Nehru Place Crossing / Paras Cinema,Paras Cinema ,Slightly match
3,Nehru Place,Nehru Place,Match
4,Sant Nagar,Sant Nagar,Match
5,Kailash Colony,Kailash Colony,Match
6,Lady Shri Ram College,L.S.R. Collage,Not matched
7,Central School (KV),Central School ,Match
8,Andrews Ganj,Andrews Ganj,Match
9,South Extension,South Ext Kotla Petrol Pump,Slightly match
10,South Extension - 1,South Extension 2,Slightly match
11,Aiims,AIIMS,Match
12,SAFDARJANG HOSPITAL,S J Hospital,Slightly match
13,Nauroji Nagar,Narouji Nagar,Match
14,Hyatt Hotel (GAIL),Hyatt Hotel,Slightly match
15,RK PURAM SECTOR 12,R K Puram Sec-12,Slightly match
16,ARADHNA ENCLAVE,Aradhna Enclave,Match
17,MOTI BAGH,Moti Bagh,Match
18,Gurudwara N P,Nanak Pura Gurudwara,Slightly match
19,Satya Niketan,Satya Niketan,Match
20,ARSD College (Dhaula Kuan),ARSD College,Slightly match
21,Dhaula Kuan,Dhaula Kuan Ring Road,Slightly match
22,RR Line,Raj Rif Line Ring Road,Not matched
23,Garrison Engg.,Garrision Eng.,Match
24,Brar Square,Brar Squre (Maude Road),Slightly match
25,Thimiyan Park,Thamia park,Slightly match
26,Kirbi Place,Kirbi Place,Match
27,Supply Depot,Supply Depot,Match
28,Janak Setu,Janak Setu,Match
29,Nangal Raya Lajwanti Garden,Nangal Rai,Not matched
30,D Block Janak Puri,D Block Janakpuri,Match
31,SagarPur Vashisht Park,Sagar Pur - Vashishth Park,Match
32,C-1 Janak Puri,Desu Colony Janakpuri,Not matched
33,C-3 Janakpuri,C-5A Janak Puri,Slightly match
34,C-4H Janakpuri,Janakpuri C4H,Slightly match
35,C-3 Janakpuri,C-3 Janak Puri,Match
36,C4E Janakpuri,Janakpuri C4E,Match
37,C2B Janak Puri,Janakpuri C2B,Match
38,C2D Janakpuri,Janakpuri C2A,Slightly match
39,C2B Janak Puri,Janakpuri C2,Slightly match
40,C-1 Janak Puri,Janakpuri C1,Slightly match
41,Jivan park,Jeewan Park,Not matched
42,Tilak Pul,Tilak Pul,Match
43,Uttam Nagar / A1 Janak Puri,A-1 Janak Puri,Slightly match
44,Uttam Nagar Terminal,Uttam Nagar Terminal,Match
