,OLD_STOPS,NEW_STOPS,OUTPUT
1,Dwarka Sector 19 Pkt-2,Dwarka Sec-19 Pocket-3,Slightly match
2,Dwarka Sector-11 SBI,Dwarka Sector-11 SBI,Match
3,Dwarka Sec 13-3 Xing,Dwarka sec 4/5 & 11/12 Xing,Slightly match
4,Dwarka sec 4 / 5 Xing,Dwarka sec 4/5 Xing,Match
5,Madhu Vihar,Madhu Vihar,Match
6,Dwarka Sec 2-6,Dwarka Sector 2/6 Xing,Slightly match
7,J M International School,J.M. International School,Match
8,Dwarka Sec-1 Mahalaxmi Apartment,Dwarka Sec-1/2,Slightly match
9,SFS Flats Sec-2 Power House,SFS Flat Sector-2,Slightly match
10,Mahaveer Enclave Part IIandIII,"Mahvir Enclave part II,III",Slightly match
11,Vijay Enclave (New Dwarka Road),Vijay Enclave,Slightly match
12,Dashrath Puri,Dashrath Puri,Match
13,Dabri Village,Dabri Village,Match
14,Dabri Xing,Dabri Xing,Match
15,Janak Cinema,Janak Cinema,Match
16,Desu Colony Janak Puri,Desu Colony Janak Puri,Match
17,SagarPur Vashisht Park,Sagar Pur - Vashishth Park,Match
18,D Block Janak Puri,D Block Janakpuri,Match
19,Lajwanti Garden (Carriappa Marg),Lajwanti Garden,Slightly match
20,Janak Setu,Janak Setu,Match
21,Supply Depot,Supply Depot,Match
22,Kirbi Place,Kirbi Place,Match
23,Thimiyan Park,Thamia park,Slightly match
24,S O Flats Carriappa Marg/Carriappa Vihar,Signal Officer Flats,Not matched
25,R R Line,Raj Rif Line,Slightly match
26,Golf Club,Golf Club,Match
27,ARSD College (Dhaula Kuan),Dhaula Kuan,Slightly match
28,Satya Niketan (Dhaula Kuan),Satya Niketan,Slightly match
29,Satya Niketan / Gurudwara Moti Bagh,Nanak Pura Gurudwara,Slightly match
30,South Moti Bagh (Ring Road),Moti Bagh,Slightly match
31,Aradhana Enclave,Aradhna Enclave,Match
32,RK Puram Sec-13,R K Puram Sec-12,Slightly match
33,Hyatt Hotel,Hyatt Hotel,Match
34,Nauroji Nagar,Narouji Nagar,Match
35,S J Hospital,S J Hospital,Match
36,AIIMS Ring Road,AIIMS,Not matched
37,South Extension,South Extension 2,Match
38,South Extn Kotla Petrol Pump,South Ext Kotla Petrol Pump,Match
39,Andrews Ganj,Andrews Ganj,Match
40,Central School,Central School ,Match
41,Lady Shri Ram College,L.S.R. Collage,Not matched
42,Kailash Colony,Kailash Colony,Match
43,Sant Nagar,Sant Nagar,Match
44,Nehru Place,Nehru Place,Match
45,Nehru Place,Paras Cinema ,Match at 44 in new_data list
46,Nehru Place,Nehru Place Terminal,Slightly match
