,OLD_STOPS,NEW_STOPS,OUTPUT
1,Dwarka More Metro Station (Sewak Park),Dwarka More Metro Station,Match
2,Netaji Subhash Inst of Techni,Netaji Subhash Inst of Technic,Match
3,Dwarka Sec 13,Dwarka Sec-13,Match
4,Dwarka Sec 3/4,Dwarka Sec-3/4 Xing,Match
5,DPS Matiyala,Matiyala Crossing,Not matched
6,Matiyala Xing,Delhi Pub. School (Matiala) / Madhu Vihar,Not matched
7,Raja Puri,Raja Puri,Match
8,Madhu Vihar,Madhu Vihar,Match
9,Dwarka Sec 2-6,Dwarka sec 2/6 Crossing,Slightly match
10,J M International School,J M International School,Match
11,Dwarka Sec 1,Dwarka Sec-1,Match
12,Dwarka Crossing / Maharaja Agrasen Hospital,Dwarka More,Not matched
13,Health Centre,Palam Health Centre,Match
14,Dwarka Flyover Palam Village,Palam Village,Slightly match
15,Dwarka Sec 1,Mangla Puri Xing,Match at 11 in new_data list
16,Palam Colony,Palam Colony,Match
17,Palam R Xing,Palam Railway Xing,Slightly match
18,Prehlad Pur,Prahlad Pur,Match
19,Indian Oil Station,Indian Oil Station,Match
20,Hanuman Mandir / Shivaji Stadium,Hanuman Mandir,Slightly match
21,AIRPORT,Palam Airport,Slightly match
22,Sampada Bhawan,Sampada Bhawan,Match
23,NHW 8,NHW Crossing No. 8,Not matched
24,APS Colony / Arjun Path,APS Colony,Slightly match
25,Subroto Park (Arjun Path),Arjun Path,Slightly match
26,Singhnal Enclave,Singhnal Enclave,Match
27,Vasant Village,Vasant Village,Match
28,R K Puram Sec-8,R.K. Puram Sec-8,Match
29,RK Puram Sec-9,R.K. Puram Sec-9,Match
30,RK Puram Sec-10,R.K. Puram Sec-10,Match
31,Mohan Singh Market,Mohan Singh Market,Match
32,R K Puram Sec-1,RK Puram Sector-1,Slightly match
33,Mohammadpur Village,Mohd. Pur,Not matched
34,Bhikaji Cama Place,Bhikaji Kama Place,Match
35,Africa Avenue,Africa Avenue,Match
36,Nauroji Nagar,Narouji Nagar,Match
37,Safdurjung Hospital / AIIMS,S J Hospital,Slightly match
38,Sec A 5 and 8 Narela Desu Colony,AIIMS,Not matched
39,South Extension,South Extension 1,Match
40,South Extn Kotla Petrol Pump,South Ext Kotla Petrol Pump,Match
41,Andrews Ganj,Andrews Ganj,Match
42,MCKR Hospital,Mool Chand Hospital,Not matched
43,Defence Colony,Defence Colony P.P,Match
44,Pant Nagar,Pant Nagar,Match
45,CGO Complex,CGO Complex,Match
46,Ishpat Bhawan,Ishpat Bhawan,Match
47,JLN Stadium (Sunehripulla Depot),JLNStadium,Not matched
