,OLD_STOPS,NEW_STOPS,OUTPUT
1,jlnstadium,JLNStadium,Match
2,Ishpat Bhawan,Ishpat Bhawan,Match
3,CGO Complex,CGO Complex,Match
4,Pant Nagar,Pant Nagar,Match
5,Defence Colony (Homyopathic College),Defence Colony P.P,Slightly match
6,MCKR Hospital,Mool Chand Hospital,Not matched
7,Andrews Ganj,Andrews Ganj,Match
8,South Extension,South Ext Kotla Petrol Pump,Slightly match
9,South Extension - 1,South Extension 1,Match
10,AIIMS Ring Road,AIIMS,Not matched
11,SAFDARJANG HOSPITAL,S J Hospital,Slightly match
12,Nauroji Nagar,Narouji Nagar,Match
13,Hyatt Hotel (GAIL),Hyatt Hotel,Slightly match
14,RK Puram Crossing,R K Puram Crossing,Match
15,RK Puram Sec-1,RK Puram Sector-1,Slightly match
16,Mohan Singh Market,Mohan Singh Market,Match
17,R K Puram Sec-1,R.K. Puram Sec-7 (Som Vihar),Slightly match
18,R K Puram Sec 8 / 9,R.K. Puram Sec-8,Match
19,South Moti Bagh,Shanti Niketan,Not matched
20,Shanti Niketan / RK Puram Sec 9,Vasant Village,Not matched
21,Arjun Path / Subroto Park,Singhnal Enclave,Not matched
22,Arjun Path,Arjun Path,Match
23,APS Colony,APS Colony,Match
24,NHW 8,NHW Crossing No 8,Not matched
25,Palam More,Palam Colony Mehram Nagar,Not matched
26,Palam Airport Bypass,Palam Airport,Slightly match
27,HANUMAN MANDIR,Hanuman Mandir,Match
28,Indian Oil Station,Indian Oil Station,Match
29,Prehlad Pur,Prahlad Pur,Match
30,Palam Colony Flyover,Palam Railway Xing,Not matched
31,PALAM COLONY,Palam Colony,Match
32,Mangla Puri Xing,Mangla Puri Xing,Match
33,Dwarka Flyover Palam Village,Palam Village,Slightly match
34,Dwarka Gate (Palam Health Center),Palam Health Centre,Slightly match
35,Sarita Vihar,Dwarka More,Not matched
36,Madanpur Khadar Crossing,Dwarka Sec-1,Not matched
37,J M International School,J M International School,Match
38,Dwarka Sec 2-6,Dwarka sec 2/6 Crossing,Slightly match
39,Madhu Vihar,Madhu Vihar,Match
40,Power House,Raja Puri,Not matched
41,Delhi Pub School Matiala,Delhi Pub. School (Matiala) / Madhu Vihar,Slightly match
42,Dwarka Sec 3-4,Matiyala Crossing,Not matched
43,Dwarka Sec 13-3 Xing,Dwarka Sec-3/4 Xing,Match
44,Dwarka Sec 13,Dwarka Sec-13,Match
45,Netaji Subhash Institute of Technology,Netaji Subhash Inst of Technic,Slightly match
46,Dwarka More Metro Stati,Dwarka More Metro Station,Match
