,OLD_STOPS,NEW_STOPS,OUTPUT
1,Najafgarh Terminal,Najafgarh Terminal,Match
2,Jharoda Crossing/Nazafgarh Terminal,Jharoda Xing,Not matched
3,Health Centre,Health Centre,Match
4,Najafgarh Delhi Gate,Najafgarh (Delhi Gate),Match
5,Chawla Stand Najafgarh,Najafgarh Chhawala Stand,Match
6,BDO Office Roshan Pura,Roshan Pura,Slightly match
7,BDO Office,BDO Office Najafgarh,Slightly match
8,Durga Vihar,Durga Vihar,Match
9,Deenpur Village,Dinpur Village,Slightly match
10,Goela Dairy Crossing,Goela Dairy More,Not matched
11,GOYLA VILLAGE BUS STAND,GOYLA VILLAGE BUS STAND,Match
12,GOELA VILLAGE,GOELA VILLAGE,Match
13,PRADHAN SOLANKI,PRADHAN SOLANKI,Match
14,GOELA DAIRY,GOELA DAIRY,Match
15,Police Check Post (Chhawla Kakrola Nalah),Police Check Post (Chhawla Kakrola Nalah),Match
16,Dwarka Sec-19Pkt-2,Dwarka Sec-19Pkt-2,Match
17,Dwarka Sec-19/20 X-ing,Dwarka Sec-19/20 X-ing,Match
18,Royal Residency (Dwarka),Royal Residency,Slightly match
19,Dwarka Sec-6/7,Dwarka Sec-6/10 X-ing,Slightly match
20,Princess Park/ Airforce Noval Office Enclave,Princes Apartment Sec-6,Not matched
21,Dwarka Sec-6/7,Dwarka Sec-6/7,Match
22,Dwarka Sec-6 Telephone Exchange,Dwarka Telephone Exchange,Match
23,Kaveri Appartment Dwarka Sec-6,Dwarka Sector 1,Not matched
24,Dwarka Crossing / Maharaja Agrasen Hospital,Dwarka X-ing,Not matched
25,Health Centre,Health Centre,Match
26,Dwarka Flyover Palam Village,Palam Village,Slightly match
27,Mangla Puri,Mangla Puri,Match
28,Palam Colony Flyover,Palam Colony,Slightly match
29,PALAM COLONY,Palam Railway X-ing,Not matched
30,Prehlad Pur,Prahlad Pur,Match
31,Indian Oil Station,Indian Oil,Slightly match
32,More Lines,More Lines,Match
33,Geeta Ashram,Geeta Ashram,Match
34,Sadar Bazar,Sadar Bazar Delhi cantt.,Slightly match
35,P S Sadar Bazar,P S Sadar Bazar,Match
36,Kabul Line,Kabul Line,Match
37,Shastri Bazar,Shastri Bazar,Match
38,Mall Road/Delhi Cantt.,Mall Road Delhi Cantt.,Match
39,St. Martin School,St. Martin School,Match
40,R R Line,Raj Rif Line,Slightly match
41,Golf Club,Golf Club,Match
42,Dhaula Kuan,Dhaula Kuan,Match
43,Budha Jayanti Park,Budha Jyanti park,Match
44,R Block Rajinder Nagar,R-Block Rajainder Nagar More,Slightly match
45,Ridge Road,Ridge Road,Match
46,Ravinder Rangshala,Ravinder Rang Shala,Match
47,Karol Bagh Gurgaon Stand,Karol Bagh,Slightly match
48,Meghdoot Bhawan,Meghdoot Bhawan,Match
49,Banwari Lal Hosp,Banwai Lal Hospital,Slightly match
50,Panchkuian Road,Punchkuain Road,Slightly match
51,Kalawati Hospital,Kalawati Saran Hospital,Match
52,Sucheta Kriplani Hospital,Sucheta Kriplani Hospital,Match
53,Bakhtawar Pur School,Shivaji Park,Not matched
54,Ajmeri Gate / Kamla Market,Vivekanand Marg,Not matched
55,PS Kamla Market,P.S. Kamla Market,Match
56,New Delhi Railway Station Gate 2,New Delhi Railway Station Gate No.2,Match
