,OLD_STOPS,NEW_STOPS,OUTPUT
1,Kapashera Border,Kapashera Border,Match
2,Kapashera Village,Kapashera Village,Match
3,Kapashera Crossing,Kapashera Xing,Slightly match
4,Samalkha Village,Samalka Village,Match
5,Samlakha Xing,Samalkha Xing,Match
6,Shiv Murti-Ii,Shiv Murti,Match
7,Aruna Asaf Ali Hospital,Rang Puri,Not matched
8,Mahipal Pur Village,Mahipal Pur,Slightly match
9,NHW 8,NHW Crossing No-8,Not matched
10,APS Colony,APS Colony,Match
11,APS Colony/ Jharera Gaon,Jharera Village,Not matched
12,Air Force HQ / Subroto Park,Air Force H.Q.,Slightly match
13,RR Hospital,R.R. Hospital,Match
14,Dhaula Kuan,Dhaula Kuan,Match
15,Taj Hotel,Taj Hotel,Match
16,Bapu Dham,Bapu Dham,Match
17,Railway Colony (Sardar Paltel Marg),Railway Colony,Slightly match
18,Bhartiya Sadhu Samaj,Bhart Sadhu Samaj,Match
19,Palika Kutumb,Palika Kutumb,Match
20,11 Murti,11-Murti,Match
21,Talkatora Stadium Garden,Talkatora Garden,Slightly match
22,Dr. RML Hospital,Dr. RML Hospital,Match
23,Talkatora Road,Talkatora Road,Match
24,Kendriya Terminal (Pt. Pant Marg),Kendriya Terminal,Slightly match
25,NDPO,NDPO,Match
26,Gurudwara Bangla Sahib,Gurudwara Bangla Sahib,Match
27,Palika Kender,Palika Kendra,Match
28,Regal,Regal,Match
29,Bakhtawar Pur School,Shivaji Park,Not matched
30,Ajmeri Gate / Kamla Market,Vivekanad Marg,Not matched
31,JLN Marg,Jawahar Lal Nehru Marg,Not matched
32,Zakir Husain College,Zakir Hussain College,Match
33,Turkman Gate / G B Pant Hosipatal,Turkman Gate,Slightly match
34,Delite Cinema,Delight Cinema,Slightly match
35,Delhi Gate,Delhi Gate,Match
36,Golcha Cinema,Golcha Cinema,Match
37,Darya Ganj,Darya Ganj,Match
38,Subhash Park,Subhash Park,Match
39,Jama Masjid,Jama Masjid,Match
40,Red Fort,Red Fort,Match
41,GPO,GPO Kashmere Gate,Not matched
42,Guru Govind Singh University (Kashmere Gate),GGS IP University,Slightly match
43,ISBT Kashmere Gate,ISBT K.Gate,Slightly match
44,ISBT Nityanand Marg,I.S.B.T Nityanand Marg,Match
45,Mori Gate Terminal,Mori Gate terminal,Match
