,OLD_STOPS,NEW_STOPS,OUTPUT
1,Anand Vihar ISBT Main Road,ISBT Anand Vihar,Slightly match
2,Anand Vihar ISBT Main Road,Anand Vihar ISBT Main Road,Match
3,Maharaj Pur Check Post,Mahrajpur Check Post,Match
4,Gazipur Depot,Gazipur Depot,Match
5,Hasanpur Village,Hasan Pur Village,Match
6,Hasanpur Depot,Hasan Pur Depot,Match
7,Karkardooma Xing,Karkardooma Crossing,Slightly match
8,New Rajdhani Enclave,New Rajdhani Enclave,Match
9,Bhor Garh,Swashthya Vihar,Not matched
10,Nirman Vihar,Nirman Vihar,Match
11,Shakarpur Crossing,Shakarpur X ing,Not matched
12,Shakarpur,Shakarpur,Match
13,Laxmi Nagar,Laxmi Nagar,Match
14,Delhi Secretariat,Rainy Well,Not matched
15,Delhi Secretariat,Delhi Sect.,Slightly match
16,ITO,ITO  AGCR,Slightly match
17,Tilak Bridge,Tilak Bridge,Match
18,Mandi House,Mandi House,Match
19,Modern School,Modern School Bara Khamba Road,Slightly match
20,Barakhamba Metro Station,Barakhamba Road Metro Station,Match
21,Statesman House,Statsman House,Match
22,Hanuman Mandir / Shivaji Stadium,Hanuman Mandir,Slightly match
23,Gurudwara Bangla Sahib,Gurudwara Bangla Sahib,Match
24,NDPO,NDPO,Match
25,Kendriya Terminal (Pt. Pant Marg),Kendriya Terminal,Slightly match
26,Kendriya Terminal / Gurudwara Rakab Gunj,Gurudwara Rakab Gunj,Slightly match
27,Talkatora Road,Talkatora Road,Match
28,Dr. RML Hospital,RML Hospital,Match
29,Talkatora Stadium,Talkatora Stadium,Match
30,Upper Ridge Road,Ridge Road,Slightly match
31,New Rajinder Nagar Post Office,New Rajinder Nagar,Slightly match
32,Shankar Road,Shankar Road,Match
33,West Patel Nagar,East Patel Nagar,Slightly match
34,South Patel Nagar (Metro Station),South Patel Nagar,Slightly match
35,West Patel Nagar,West Patel Nagar,Match
36,Shadipur DTC Colony Metro Station,Shadipur Metro Station,Slightly match
37,Shadipur Colony,DTC Colony Shadi Pur,Not matched
38,Pandav Nagar,Pandav Nagar,Match
39,Naraina Depot,Naraina Depot,Match
40,Bentex,Bentax,Slightly match
41,Loha Mandi,Loha Mandi,Match
42,Payal Cinema,Payal Cinema,Match
43,Ludlow Castle,Naraina Vihar,Not matched
44,Mayapuri Depot,Maya Puri Depot,Match
45,Government Press,Govt. Press,Not matched
46,Metal Forging,Metal Forging,Match
47,LIG Flats,LIG Flats,Match
48,GTB Nagar / Haqiqat Nagar,Swarg Ashram,Not matched
49,Sewa Kutir,Beriwala Bagh,Not matched
50,DDU Hospital,DDU Hospital,Match
51,Hari Nagar Shaheed Pawan Sahni Chowk,Hari Nagar Shaheed Pawan Sahni Chowk,Match
52,DA Block Hari Nagar,BA Blk Hari nagar,Slightly match
53,Hari Nagar Depot,Hari Nagar Depot,Match
54,G Block Hari Nagar,Hari Nagar G Block,Match
55,Fateh Nagar,Fateh Nagar,Match
56,Tilak Nagar Jail Road,Tilak Nagar,Slightly match
