,OLD_STOPS,NEW_STOPS,OUTPUT
1,Anand Vihar ISBT Main Road,ISBT Anand Vihar,Slightly match
2,Anand Vihar ISBT Main Road,Anand Vihar ISBT Main Road,Match
3,Maharaj Pur Check Post,Mahrajpur Check Post,Match
4,Gazipur Depot,Gazipur Depot,Match
5,Hasanpur Village,Hasan Pur Village,Match
6,Hasanpur Depot,Hasan Pur Depot,Match
7,New Surya Kiran Apartment,New Surya Kiran Apartment,Match
8,Balco Apartment,Balco Apartment,Match
9,Vijaya Laxmi Apartment,Vijaya Laxmi Apartment,Match
10,Parivar Apartment,Parivar Apartment,Match
11,Ras Vihar Apartment (PS Madhu Vihar),Ras Vihar,Not matched
12,Saraswati Kunj,Saraswati Kunj,Match
13,Press Apartment,Press Appartments,Match
14,Govt Model School / Ambedkar Park,Government Model School,Not matched
15,Dharma Apartment,Dharma Appartments,Match
16,Mother Dairy,Mother Dairy Xing,Match
17,Mother Dairy Crossing,Mother Dairy,Slightly match
18,MCKR Hospital,Shakkar pur School Block,Not matched
19,Defence Colony,Laxmi Nagar Xing,Not matched
20,Delhi Secretariat,Rainy Well,Not matched
21,Delhi Secretariat,Delhi Sect.,Slightly match
22,ITO,ITO AGCR,Slightly match
23,Tilak Bridge,Tilak Bridge,Match
24,Mandi House,Mandi House,Match
25,K.G.Marg Xing,K.G. Marg Xing,Match
26,Firozshah Road,Firoz Shah Road,Match
27,Windsor Place,Windsor Place,Match
28,Madhuban Chowk Outer Ring Road,Krishi Bhawan,Not matched
29,Red Cross Road,Red Cross Road,Match
30,Aakashwani Bhawan,Aakashwani Bhawan,Match
31,Kendriya Terminal (Pt. Pant Marg),Kendriya Terminal,Slightly match
32,Talkatora Road,Talkatora Road,Match
33,RML Hospital,Dr. RML Hospital,Match
34,Talkatora Stadium Garden,Talkatora Garden,Slightly match
35,Sardar Patel Road Xing (11 Murti),11 Murti,Not matched
36,Palika Kutumb,Palika Kutumb,Match
37,Bhartiya Sadhu Samaj,Bhart Sadhu Samaj,Match
38,Railway Colony (Sardar Patel Marg),Railway Colony,Slightly match
39,Bapu Dham,Bapu Dham,Match
40,Taj Hotel,Taj Hotel,Match
41,Dhaula Kuan,Dhaula Kuan,Match
42,Golf Club,Golf Club,Match
43,R R Line,Raj Rif Line,Slightly match
44,St. Martin School,St. Martin School,Match
45,Mall Road Delhi Cantt.,Mall Road Delhi Cantt.,Match
46,Shastri Bazar,Shastri Bazar,Match
47,Kabul Line,Kabul Line,Match
48,Ps Sadar Bazar,P S Sadar Bazar,Match
49,Kirbi Place,Kirbi Place,Match
50,Supply Depot,Supply Depot,Match
51,Janak Setu,Janak Setu,Match
52,Nangal Raya Lajwanti Garden,Nangal Rai,Not matched
53,D Block Janak Puri,D Block Janakpuri,Match
54,SagarPur Vashisht Park,Sagar Pur Vashisth Park,Match
55,Desu Colony Janak Puri,Desu Colony Janakpuri,Match
56,Janak Cinema,Janak Cinema,Match
57,Dabri Crossing,Dabri Xing,Not matched
58,Dabri Village,Dabri Village,Match
59,Dashrath Puri,Dashrath Puri,Match
60,Vijay Enclave (New Dwarka Road),Vijay Enclave,Slightly match
61,Mahaveer Enclave Part IIandIII,"Mahvir Enclave part II,III",Slightly match
62,SFS Flat Sec-2 Power House,SFS Flat Sector 2,Slightly match
63,Dwarka Sec-1 Mahalaxmi Apartment,Dwarka Sec 1,Slightly match
64,Dwarka Sec 1,Dwarka Sector 1,Slightly match
65,Dwarka Crossing / Maharaja Agrasen Hospital,Dwarka Xing,Not matched
66,Health Centre,Health Center,Match
67,Dwarka Sec 1,Mangla Puri Xing,Match at 63 in new_data list
68,Mangla Puri,Mangla Puri,Match
