,OLD_STOPS,NEW_STOPS,OUTPUT
1,Katewara Village,Katevara Village,Match
2,Katevara X-ing,Katewara Xing,Slightly match
3,Qutab Garh,Qutab Garh,Match
4,Jat Khor Vill,Jat Khore,Not matched
5,PUNJAB KHOR,Punjab Khore,Match
6,Tatesar Gurukul,Tatesar Gurukul,Match
7,Tatesar Village,Tatesar Village,Match
8,Jonti Village,Jonti,Slightly match
9,Jonti Crossing,Jounti Crossing,Match
10,S. VIVEKANAND SCHOOL,S. Vivekanand School,Match
11,Ladpur Village,Lad Pur,Not matched
12,Nirmal Hospital,Nirmal Hospital,Match
13,Kanjhawala Chowk,Kanjhawala Chowk,Match
14,Shivam Plywood,Shivam Plywood,Match
15,Radha Swami Satsang / Rupali Enclave,Rupali Enclave RS Satsang,Slightly match
16,Shiv vihar/Bheem chowk,Shiv Vihar Bheem Chowk,Match
17,Desu Office Karala,Desu Office,Slightly match
18,Karala Crossing,Karala,Slightly match
19,Karala Village,Karala School,Not matched
20,Karala School,Rama Vihar,Match at 19 in new_data list
21,Rama Vihar,Rajiv Nagar,Match at 20 in new_data list
22,Rajeev Nagar,Begam Pur,Not matched
23,Begumpur,Rohini Sector-21,Not matched
24,Aggarsain Hospital (Rohini Sec 22),Rohini Sec-20/21 Xing,Not matched
25,Rohini Sec 20/21 More,Pooth Kalan,Not matched
26,Pooth Kalan,Braham Shakti Hospital,Match at 25 in new_data list
27,Brahm shakti hospital,Krishna Vihar,Not matched
28,Krishna Vihar,Budh Vihar,Match at 27 in new_data list
29,Buddh vihar,Y-Block Mangol Puri,Not matched
30,Mangol Puri Y Block,Mangolpur khurd,Not matched
31,Mangol Pur Khurd,Avantika Xing,Match at 30 in new_data list
32,Avantika Xing,Mangol Pur Kalan,Match at 31 in new_data list
33,Mangol Pur Khurd,Mangol Pur School,Match at 30 in new_data list
34,Mangol Pur School (Kanjhawla Road),West Enclave,Not matched
35,West Enclave,B-Block Mangol Puri Ring Road,Match at 34 in new_data list
36,Mangol Puri B Block / Vidya Vihar,Peera Garhi ,Not matched
37,Peera Garhi Chowk,Peera Garhi Depot,Not matched
38,Peera Garhi Depot,Paschim Vihar Power House,Match at 37 in new_data list
39,P.Vihar Power Houe,Sunder Apartment,Not matched
40,Sundar Apartments,Sunder Vihar ,Not matched
41,Sunder Vihar,Meera Bagh Apartment,Match at 40 in new_data list
42,Meera Bagh,Meera Bagh,Match
43,Meera Bagh Apartment,Kesho Pur Depot,Match at 41 in new_data list
44,Keshopur Depot,Major Bhupender Singh Nagar,Match at 43 in new_data list
45,Major Bhupinder Singh Nagar,CRPF Camp,Not matched
46,CRPF Camp,Manohar Nagar,Match at 45 in new_data list
47,Manohar Nagar,Krishna Park Extn.,Match at 46 in new_data list
48,Krishna Park,Kangra Niketan,Not matched
49,Kangra Niketan,District Centre Janak Puri,Match at 48 in new_data list
50,District Centre Outer Ring Road,Dholi Piau,Not matched
51,Dholi Piao,Vikas Puri Crossing,Not matched
52,Vikaspuri Crossing (Shivaji Marg),Uttam Nagar Terminal,Not matched
53,Uttam Nagar Terminal,,Match at 52 in new_data list
