,OLD_STOPS,NEW_STOPS,OUTPUT
1,Jyonti Shivaly,JYONTI SHIVALA,Match
2,St Vivekanand,S. VIVEKANAND SCHOOL,Slightly match
3,Ladpur Village,LADPUR,Slightly match
4,Nirmal Hospital,NIRMAL HOSPITAL,Match
5,Kanjhawla Chowk,KANJHAWALA CHOWK,Match
6,Shivam Plywood,SHIVAM PLYWOOD,Match
7,Radha Swami Satsang / Rupali Enclave,RUPALI ENCLAVE -RS SATSANG,Slightly match
8,Shiv vihar/Bheem chowk,SHIV VIHAR,Slightly match
9,Desu Office Karala,DESU OFFICE,Slightly match
10,Karala Village,KARALA VILLAGE,Match
11,Karala School,KARALA SCHOOL,Match
12,Rama Vihar,RAMA VIHAR,Match
13,Karala Patshala,KARALA PATHSHALA,Match
14,Rajeev Nagar,RAJEEV NAGAR,Match
15,Begumpur,BEGUM PUR,Match
16,Aggarsain Hospital (Rohini Sec 22),ROHINI SECTOR-21,Not matched
17,Rohini Sec 20/21 More,ROHINI SEC-20-21 X-ING,Slightly match
18,Pooth Kalan,POOTH KALAN,Match
19,Brahm shakti hospital,BRAHAM SHAKTI HOSPITAL,Match
20,Krishna Vihar,KRISHNA VIHAR,Match
21,Buddh vihar,BUDH VIHAR,Match
22,Mangol Puri Y Block,Y BLOCK MANGOLPURI,Match
23,Mangol Pur Khurd,MANGOL PUR KHURD,Match
24,Avantika Xing,AVANTIKA X-ING,Match
25,Mangolpur Kalan Village,MANGOLPUR KALAN,Slightly match
26,Mangol Pur School (Kanjhawla Road),MANGOL PUR SCHOOL,Slightly match
27,Mangolpur School,MANGOL PURI POLICE LINE,Match at 26 in new_data list
28,West Enclave,WEST ENCLAVE,Match
29,Mangol Puri B Block / Vidya Vihar,MANGOLPURI B BLOCK,Slightly match
30,Peera Garhi Chowk,PEERA GARHI,Slightly match
31,Peera Garhi Depot,PEERA GARHI DEPOT,Match
32,P.Vihar Power Houe,POWER HOUSE PASCHIM VIHAR,Not matched
33,Sundar Apartments,SUNDER APARTMENT,Match
34,Sunder Vihar,SUNDER VIHAR,Match
35,Meera Bagh,MEERA BAGH,Match
36,Keshopur Depot,KESHO PUR DEPOT,Match
37,Major Bhupinder Singh Nagar,MAJOR BHUPINDER SINGH NAGAR,Match
38,CRPF Camp,CRPF CAMP,Match
39,Manohar Nagar,MANOHAR NAGAR,Match
40,Krishna Park,KRISHNA PARK EXTN,Match
41,Kangra Niketan,KANGRA NIKETAN,Match
42,District Centre Nazafgarh Road,DISTRICT CENTRE JANAKPURI,Not matched
43,Dholi Piao,DHOLI PIAU,Slightly match
44,Uttam Nagar Terminal,UTTAM NAGAR TERMINAL,Match
45,Uttam Nagar / A1 Janak Puri,A-1 JANAKPURI,Slightly match
46,Tilak Pul,TILAK PUL,Match
47,Jivan park,JEEVAN PARK,Slightly match
48,C-1 Janak Puri,C-1 JANAK PURI,Match
49,C2D Janak Puri,C2 JANAKPURI,Match
50,Dabri Crossing,DABRI CROSSING,Match
51,Seeta Puri Ext,SEETA PURI EXT,Match
52,Dabri Village,DABRI VILLAGE,Match
53,Vijay Enclave (Palam-Dabri Road),VIJAY ENCLAVE,Slightly match
54,Dashrath Puri,DASHRATH PURI,Match
55,Mahaveer Enclave III,MAHAVIR ENCLAVE,Not matched
56,Sulabh International Centre,SULABH,Not matched
57,Health Centre,HEALTH CENTER,Match
58,Dwarka Sec 1,MANGLA PURI XING,Not matched
59,Mangla Puri,MANGLA PURI,Match
