,OLD_STOPS,NEW_STOPS,OUTPUT
1,Mangla Puri Terminal,MANGLA PURI,Slightly match
2,Dwarka Sec 1,MANGLA PURI XING,Not matched
3,Health Centre,HEALTH CENTER,Match
4,Sulabh International Centre,SULABH,Not matched
5,Mahaveer Enclave III,MAHAVIR ENCLAVE ,Not matched
6,Dashrath Puri,DASHRATH PURI,Match
7,Vijay Enclave (Palam-Dabri Road),VIJAY ENCLAVE,Slightly match
8,Dabri Village,DABRI VILLAGE,Match
9,Seeta Puri Ext,SEETA PURI EXTENSION,Slightly match
10,Dabri Crossing (Pankha Road),DABRI CROSSING,Slightly match
11,C-2 Janak Puri,JANAK PURI C-2,Match
12,C-1 Janak Puri,JANAK PURI C-1,Match
13,Jivan park,JEEVAN PARK,Slightly match
14,Tilak Pul,TILAK PUL,Match
15,Uttam Nagar / A1 Janak Puri,A-1 JANAKPURI-DC2228,Not matched
16,Uttam Nagar Terminal,UTTAM NAGAR TERMINAL,Match
17,Vikas Puri Crossing,VIKAS PURI X-ING,Not matched
18,Dholi Piao,DHOLI PIAO,Match
19,District Centre Najafgarh Road,DISTRICT CENTER,Slightly match
20,Kangra Niketan,KANGRA NIKETAN,Match
21,Krishna Park,KRISHNA PARK EXTN,Match
22,Manohar Nagar,MANOHAR NAGAR,Match
23,CRPF Camp Keshopur,CRPF CAMP,Slightly match
24,Major Bhupinder Singh Marg,MAJOR BHUPINDER SINGH NAGAR,Match
25,Keshopur Depot,KESHO PUR DEPOT,Match
26,Meera Bagh Apartments,MEERA BAGH,Slightly match
27,Sunder Vihar,SUNDER VIHAR,Match
28,Sunder Apartment,SUNDER APARTMENT,Match
29,P.Vihar Power Houe,POWER HOUSE PASCHIM VIHAR,Not matched
30,Peera Garhi Depot,PEERA GARHI DEPOT,Match
31,Peera Garhi Chowk,PEERA GARHI,Slightly match
32,Mangol Puri B Block / Vidya Vihar,MANGOLPURI B BLOCK,Slightly match
33,West Enclave,WEST ENCLAVE,Match
34,Mangolpur School,MANGOL PURI POLICE LINE,Match at 35 in new_data list
35,Mangol Pur School (Kanjhawla Road),MANGOL PUR SCHOOL,Slightly match
36,Mangolpur Kalan Village,MANGOLPUR KALAN,Slightly match
37,Avantika Xing,AVANTIKA X-ING,Match
38,Mangol Pur Khurd,MANGOLPUR KHURD,Match
39,Mangolpuri Y Block,Y BLOCK MANGOLPURI,Match
40,Budh Vihar,BUDH VIHAR,Match
41,Krishna Vihar,KRISHNA VIHAR,Match
42,Brahm Shakti Hospital,BRAHAM SHAKTI HOSPITAL,Match
43,Pooth Kalan,POOTH KALAN,Match
44,Rohini Sec 20/21 More,ROHINI SEC-20-21 X-ING,Slightly match
45,Rohini Sec-21,ROHINI SEC-21 POCKET-1,Slightly match
46,Begumpur,BEGAM PUR,Slightly match
47,Rajiv Nagar,RAJIV NAGAR,Match
48,Karala Patshala,KARALA PATHSHALA,Match
49,Rama Vihar,RAMA VIHAR,Match
50,Karala School,KARALA SCHOOL,Match
51,Karala Village,KARALA VILLAGE,Match
52,Desu Office,DESU OFFICE,Match
53,Shiv Vihar Bheem Chowk,SHIV VIHAR,Slightly match
54,Radha Swami Satsang,RUPALI ENCLAVE-RS SATSANG,Not matched
55,Shivam Plywood,SHIVAM PLYWOOD,Match
56,Kanjhawla Chowk,KANJHAWALA CHOWK,Match
57,Nirmal Hospital,NIRMAL HOSPITAL,Match
58,Ladpur Village,LADPUR,Slightly match
59,St Vivekanand,S. VIVEKANAND SCHOOL,Slightly match
60,Jyonti Shivaly,JYONTI SHIVALAYA,Match
