,OLD_STOPS,NEW_STOPS,OUTPUT
1,Daulat Pur Village,Daulat Pur,Slightly match
2,Daulat Pur Crossing,Daulat Pur Crossing,Match
3,Kangan Heri - I,Kangan Heri,Match
4,Chhawla Village,Chhawala Village,Match
5,Chhawala Extn.,Chhawala Extn.,Match
6,Chhawala Camp/BSF,Chhawala Camp/BSF,Match
7,BSF Staff Quarter,BSF Staff Quarter,Match
8,Check Post,Check Post,Match
9,DESU Powar House,DESU Powar House ,Match
10,Bamnoli,Bamnoli Crossing,Slightly match
11,Bamnoli More,Bamnoli Village,Not matched
12,Dhool Siras,Dhool Siras More,Match
13,Pochan Pur Village,Pochan Pur Mandir,Not matched
14,Dwarka Sec 21 Crossing Bharthal Chowk,Dwarka Sec-22/25,Not matched
15,Dwarka Rly. Line Under Pass,Dwarka Rly. Line Under Pass,Match
16,Puspanjali G Block,G-Block Pushpanjali ,Match
17,Samalkha Crossing,Samalkha X-ing,Not matched
18,MCD Store (Rajpur Road),Shiv Murti,Not matched
19,Rang Puri Pahari,Rang Puri Village,Not matched
20,Mahipal Pur Village,Mahipal Pur ,Slightly match
21,Mahipal Pur Village,Mahipal Pur Extension,Not matched
22,NHW 8,NHW-8 Crossing,Slightly match
23,APS Colony / Arjun Path,APS Colony,Slightly match
24,Subroto Park (Arjun Path),Arjun Path,Slightly match
25,Singhnal Enclave,Singhnal Enclave,Match
26,Vasant Village,Vasant Village,Match
27,R K Puram Sec-8,R.K. Puram Sec-8,Match
28,RK Puram Sec-9,R.K. Puram Sec-9,Match
29,RK Puram Sec-10,R.K. Puram Sec-10,Match
30,Mohan Singh Market,Mohan Singh Market,Match
31,R K Puram Sec-1,RK Puram Sector 1,Slightly match
32,Mohammadpur Village,Mohd. Pur,Not matched
33,Bhikaji Cama Place,Bhikaji Kama Place,Match
34,Africa Avenue,Africa Avenue,Match
35,Nauroji Nagar,Narouji Nagar,Match
36,SJ Hospital,S J Hospital,Match
37,Kidwai Nagar,Kidwai Nagar,Match
38,Kidwai Nagar (INA Colony),INA Colony,Slightly match
39,SJ Airport,S.J. Air Port,Match
40,S J Madrasa,S.J. Madarsa,Slightly match
41,Lodhi Garden / Mousam Bhawan,Lodhi Garden,Slightly match
42,Lodhi Colony 18-Block,Lodhi Cly. 18-Block,Slightly match
43,Lodhi Colony,Lodhi Colony,Match
44,Central School Lodhi Road,Lodhi Road Central School,Match
45,CGO Complex,CGO Complex,Match
46,Sunehari Pulla Depot / Jawahar Lal Nehru Stadium Terminal,J L Nehru Stadium (S. Pullah Nallah),Slightly match
