,OLD_STOPS,NEW_STOPS,OUTPUT
1,Uttam Nagar Terminal,Uttam Nagar Terminal,Match
2,Uttam Nagar / A1 Janak Puri,A 1 Janak Puri ,Slightly match
3,Tilak Pul,Tilak Pul,Match
4,Jivan park,Jeewan Park,Not matched
5,C-1 Janak Puri,Janakpuri C1,Slightly match
6,C2B Janak Puri,Janakpuri C2,Slightly match
7,C2D Janakpuri,Janakpuri C2A,Slightly match
8,C2B Janak Puri,Janakpuri C2B,Match
9,C4E Janakpuri,Janakpuri C4E,Match
10,C-3 Janakpuri,C 3 Janak Puri,Match
11,C-4H Janakpuri,Janakpuri C4H,Slightly match
12,Janakpuri C-5A,C 5 A Janak Puri,Slightly match
13,Desu Colony,Desu Colony Janakpuri,Slightly match
14,SagarPur Vashisht Park,Sagar Pur  Vashishth Park,Match
15,D Block Janak Puri,D Block Janakpuri,Match
16,Lajwanti Garden,Lajwanti Garden,Match
17,Maya Enclave,Maya Enclave,Match
18,Zunk Market,Zink Market,Match
19,Gulab House,Gulab House,Match
20,Bobby Soap,Bobby Shop,Slightly match
21,PS Mayapuri,PS Maya Puri,Match
22,BE Block Hari Nagar/ESI Dispensary,BE Block Hari Nagar,Slightly match
23,Metal Forging,Metal Forging,Match
24,Government Press,Govt. Press,Not matched
25,Mayapuri Depot,Maya Puri Depot,Match
26,Naraina Vihar / Indra Market,Naraina Vihar,Slightly match
27,Payal Cinema,Payal Cinema,Match
28,Loha Mandi,Loha Mandi,Match
29,Bentax,Bentax,Match
30,Naraina Depot,Naraina Depot,Match
31,Pandav Nagar,Pandav Nagar,Match
32,Shadipur Colony,DTC Colony Shadi Pur,Not matched
33,Shadipur Metro Station,Shadi Pur Metro Station,Match
34,West Patel Nagar,West Patel Nagar,Match
35,South Patel Nagar (Metro Station),South Patel Nagar,Slightly match
36,East Patel Nagar,East Patel Nagar,Match
37,Rajendra Place,Rajindera Place Metro Station,Slightly match
38,Telephone Exchange Karol Bagh,Telephone Exchange,Slightly match
39,Karol Bagh Metro Station,Karol Bagh Metro Station,Match
40,Pusa Road Petrol Pump Sadhu Vaswani Marg,Sadhu Vasvani Marg ,Slightly match
41,Meghdoot Bhawan,Meghdoot Bhawan,Match
42,Videocon Tower,Videocon Tower,Match
43,Paharganj Police Station,P.S. Pahar Gunj,Not matched
44,Dispensary Paharganj,Paharganj Dispensary,Match
45,Ajmeri Gate / Kamla Market,Ajmeri Gate,Slightly match
46,PS Kamla Market,Kamla Market,Match
47,JLN Marg,J.L. Nehru Marg,Slightly match
48,Zakir Husain College,Zakir Hussain College,Match
49,Turkman Gate / G B Pant Hosipatal,Turkman Gate,Slightly match
50,Delite Cinema,Delight Cinema,Slightly match
51,Delhi Gate,Delhi Gate,Match
52,Golcha Cinema,Golcha Cinema,Match
53,Darya Ganj,Darya Ganj,Match
54,Subhash Park,Subhash Park,Match
55,Jama Masjid,Jama Masjid,Match
56,Red Fort,Red Fort,Match
57,GPO,GPO Kashmere Gate,Not matched
58,Guru Govind Singh University (Kashmere Gate),GGS IP University,Slightly match
59,ISBT Kashmere Gate,ISBT K.Gate,Slightly match
60,ISBT Nityanand Marg,I.S.B.T Nityanand Marg,Match
61,Mori Gate Terminal,Mori Gate terminal,Match
