,OLD_STOPS,NEW_STOPS,OUTPUT
1,ISBT Kashmere Gate Terminal,Mori Gate terminal,Slightly match
2,ISBT Nityanand Marg,I.S.B.T Nityanand Marg,Match
3,ISBT Kashmere Gate (Lothian Road),ISBT K.Gate,Slightly match
4,Guru Govind Singh University (Kashmere Gate),GGS IP University,Slightly match
5,G P O Kasmiri Gate,GPO Kashmere Gate,Not matched
6,Red Fort,Red Fort,Match
7,Jama Masjid,Jama Masjid,Match
8,Darya Ganj,Darya Ganj,Match
9,GOLCHA CINEMA,Golcha Cinema,Match
10,Delhi Gate (JLN Marg),Delhi Gate,Slightly match
11,LNJP Hospital,LNJP Hospital,Match
12,Zakir Husain College,Zakir Hussain College,Match
13,PS Kamla Market,Kamla Market,Match
14,Kamla Market / Ajmeri Gate,Ajmeri Gate,Slightly match
15,Dispensary Paharganj,Paharganj Dispensary,Match
16,P.S. Pahar Gunj,P.S. Pahar Gunj,Match
17,Rani Jhansi Marg,Rani Jhansi Marg,Match
18,Meghdoot Bhawan,Meghdoot Bhawan,Match
19,Sadhu Vasvani Marg,Sadhu Vasvani Marg ,Match
20,Karol Bagh Metro Station,Karol Bagh Metro Station,Match
21,Telephone Exchange Karol Bagh,Telephone Exchange,Slightly match
22,RAJENDER PLACE METRO STATION,Rajindera Place Metro Station,Match
23,West Patel Nagar,East Patel Nagar,Slightly match
24,South Patel Nagar (Metro Station),South Patel Nagar,Slightly match
25,West Patel Nagar,West Patel Nagar,Match
26,Shadipur Colony,Shadi Pur Metro Station,Not matched
27,Shadipur Colony,DTC Colony Shadi Pur,Not matched
28,Pandav Nagar,Pandav Nagar,Match
29,Naraina Depot,Naraina Depot,Match
30,Bentex,Bentax,Slightly match
31,Loha Mandi,Loha Mandi,Match
32,Payal Cinema,Payal Cinema,Match
33,Naraina Vihar / Indra Market,Naraina Vihar,Slightly match
34,Mayapuri Depot,Maya Puri Depot,Match
35,Government Press,Govt. Press,Not matched
36,Metal Forging,Metal Forging,Match
37,BE Block Hari Nagar/ESI Dispensary,BE Block Hari Nagar,Slightly match
38,PS Mayapuri,PS Maya Puri,Match
39,Bobby Soap,Bobby Shop,Slightly match
40,Gulab House,Gulab House,Match
41,Zunk Market,Zink Market,Match
42,Maya Enclave,Maya Enclave,Match
43,Lajwanti Garden,Lajwanti Garden,Match
44,Desu Colony,D Block Janakpuri,Not matched
45,SagarPur Vashisht Park,Sagar Pur  Vashishth Park,Match
46,C-1 Janak Puri,Desu Colony Janakpuri,Not matched
47,C-3 Janakpuri,C 5 A Janak Puri,Slightly match
48,C-4H Janakpuri,Janakpuri C4H,Slightly match
49,C-3 Janakpuri,C 3 Janak Puri,Match
50,C4E Janakpuri,Janakpuri C4E,Match
51,C2B Janak Puri,Janakpuri C2B,Match
52,C2D Janakpuri,Janakpuri C2A,Slightly match
53,C2B Janak Puri,Janakpuri C2,Slightly match
54,C-1 Janak Puri,Janakpuri C1,Slightly match
55,Jivan park,Jeewan Park,Not matched
56,Tilak Pul,Tilak Pul,Match
57,Uttam Nagar / A1 Janak Puri,A 1 Janak Puri ,Slightly match
58,Uttam Nagar Terminal,Uttam Nagar Terminal,Match
