,OLD_STOPS,NEW_STOPS,OUTPUT
1,NEHRU PLACE BUS TERMINAL,Nehru Place Terminal,Match
2,Paras Cinema,Paras Cinema,Match
3,Pumposh Enclave,Pumpose Enclave,Match
4,OS Communication / Masjid Moth,Masjid Moth,Slightly match
5,Swami Nagar,Swami Nagar,Match
6,Sadhna Enclave,Sadhna Enclave,Match
7,Sarvpriya Vihar,Survpriya Vihar,Match
8,IIT Gate,IIT Gate,Match
9,Jia Sarai,Jiya Sarai,Match
10,IIT Hostel,IIT Hostel,Match
11,ISTM,ISTM,Match
12,DDA Flat Munirka,DDA Flat Munirka,Match
13,Munirka Family Planning,Munirka Village,Slightly match
14,Vasant Vihar Depot,Vasant Vihar Depot,Match
15,R K Puram S-5,R K Puram Sec 5,Match
16,Baprola Vidhyalaya,Swami Malai Mandir,Not matched
17,Vasant Village / Shani Mandir,Vasant Village,Slightly match
18,Signal Enclave,Singhnal Enclave,Match
19,Arjun Path,Arjun Path,Match
20,APS Colony,APS Colony,Match
21,Shankar Vihar/ National Highway 8,NHW8 Crossing,Not matched
22,Police Colony (Mehram Nagar),Police Colony Mehram Nagar,Match
23,Palam Airport Bypass,Palam Airport,Slightly match
24,Indian Oil Station,Indian Oil Station,Match
25,Prehlad Pur,Prahlad Pur,Match
26,Palam Colony Flyover,Palam Rly Flyover,Slightly match
27,Dwarka Crossing / Maharaja Agrasen Hospital,Dwarka Xing,Not matched
28,Dwarka Sec 1,Dwarka Sector 1,Slightly match
29,J M International School,J M International School,Match
30,Dwarka Sec 2-6,Dwarka Sec 2/6 Crossing,Slightly match
31,Madhu Vihar,Madhu Vihar,Match
32,Raja Puri,Raja Puri,Match
33,DPS Matiyala,Delhi Pub School Matiala,Not matched
34,DPS Matiyala,Matiyala Crossing,Not matched
35,Dwarka Sec 3-4,Dwarka Sec 3/4 Xing,Match
36,Dwarka Sec 13,Dwarka Sec 13,Match
37,NSIT (Netaji Subhas Institute) / Sulahkul Mandir,Netaji Subhash Institute of Technology,Not matched
38,Dwarka More Metro Station (Sewak Park),Dwarka More Metro Stati,Slightly match
39,Kakrola More,Kakrola Crossing (Najfgargh Road),Not matched
40,Kakrola Bridge,Kakrola Bridge,Match
41,Nangli Dairy,Nangli Dairy,Match
42,Arjun Park,Arjun Park,Match
43,Nangli Sakrawati Crossing,Nangli Sakrawati Xing,Slightly match
44,Nangli Sakrawati,Nangli Sakrawati,Match
45,Sai Baba Mandir (Nazafgarh),Sai Baba Mandir,Slightly match
46,Power House NajafGarh,Power House Najafgarh,Match
47,Tuda Mandi,najafgarh Tuda Mandi,Slightly match
48,Najafgarh Delhi Gate,najaf Garh Delhi Gate,Match
49,Nfg Chawala Stand,najafgarh Chhawala Stand,Slightly match
50,Police Station Najafgarh,P S Najafgarh,Slightly match
51,Dhansa Stand Nfg,Dhansa Stand Najafgarh,Slightly match
52,Najafgarh/Jharonda Xing,Jharonda Xing,Slightly match
53,Najafgarh Terminal,Najafgarh Terminal,Match
