,OLD_STOPS,NEW_STOPS,OUTPUT
1,NEHRU PLACE BUS TERMINAL,Nehru Place Terminal,Match
2,Paras Cinema,Paras Cinema,Match
3,Pumposh Enclave,Pumpose Enclave,Match
4,OS Communication / Masjid Moth,Masjid Moth,Slightly match
5,Swami Nagar,Swami Nagar,Match
6,Sadhna Enclave,Sadhna Enclave,Match
7,Sarvpriya Vihar,Sarvo priya Vihar,Slightly match
8,IIT Gate,IIT Gate,Match
9,Jia Sarai,Jiya Sarai,Match
10,IIT Hostel,IIT Hostel,Match
11,ISTM,ISTM,Match
12,DDA Flat Munirka,Munirka DDA Flat,Match
13,Munirka Family Planning,Munirka Village,Slightly match
14,Vasant Vihar Depot,Vasant Vihar Depot,Match
15,Vasant Vihar,R.K. Puram Sec 5,Not matched
16,Baprola Vidhyalaya,Swami Malai Mandir,Not matched
17,Vasant Village / Shani Mandir,Vasant Village,Slightly match
18,Signal Enclave,Singhnal Enclave,Match
19,Arjun Path,Arjun Path,Match
20,APS Colony,APS Colony,Match
21,NHW 8,NHW Crossing No 8,Not matched
22,Palam More,Palam Colony Mehram Nagar,Not matched
23,Palam Airport Bypass,Palam Airport More ,Not matched
24,Indian Oil Station,Indian Oil Station,Match
25,Prehlad Pur,Prehlad Pur (Shekhawati Lane),Slightly match
26,Palam Rly Fly Over,Palam Rly Fly Over,Match
27,Dwarka Crossing / Maharaja Agrasen Hospital,Dwarka More,Not matched
28,Dwarka Sec 1,Dwarka Sec 1,Match
29,Dwarka Sector-18/18A,Dwarka Sector 6/7,Slightly match
30,Dwarka Sector-11 SBI,Dwarka SECTOR 6,Slightly match
31,Dwarka 6/10 Xing,Dwarka Sec 6/7 & 9/10 Xing,Slightly match
32,Dwarka Sector 9/10,Dwarka Sector 9/10,Match
33,Dwarka Sector 19/20 Xing,Dwarka Sector 19/20 Xing,Match
34,Dwarka Sec 9 Metro Station,Dwarka Sector 9 Metro Station,Match
35,Dwarka Sec 8 DTC Depot,Dwarka Depot Sector 8,Not matched
