,OLD_STOPS,NEW_STOPS,OUTPUT
1,Najafgarh Terminal,Najaf Garh Terminal,Match
2,Jharoda Crossing,Jharoda Xing,Not matched
3,Najafgarh Nangloi Stand,Najafgarh Nangloi Stand,Match
4,NAJAFGARH HEALTH CENTER,Health Centre/Najafgarh,Match
5,NajafGarh Delhi Gate,Nangfgarh delhi gate,Slightly match
6,Tuda Mandi,Najafgarh Tuda Mandi,Slightly match
7,Power House NajafGarh,Power House Najafgarh,Match
8,Sai Baba Mandir (Nazafgarh),Sai Baba Mandir,Slightly match
9,Nangli Sakrawati,Nangloi Sakrawati village,Slightly match
10,Nangli Sakrawati Crossing,Nangli Sakrawati Xing,Slightly match
11,Arjun Park,Arjun Park,Match
12,Nangli Dairy,Nangli Dairy,Match
13,Kakrola Bridge,Kakorla Bridge,Match
14,Kakrola More,Kakrola Crossing (Najfgargh Road),Not matched
15,Dwarka More Metro Station (Sewak Park),Dwarka More Metro Station,Match
16,Netaji Subhash Inst of Techni,Netaji Subhash Inst of Techni,Match
17,Dwarka Sec 13,Dwarka Sec 13,Match
18,Dwarka Sec 3/4,Dwarka Sec 3/4 Xing,Match
19,Matiyala Xing,Matiyala Crossing,Not matched
20,Dwarka Sec 3/4,Delhi Public School Matiala,Not matched
21,Raja Puri,Raja Puri,Match
22,Madhu Vihar,Madhu Vihar,Match
23,Dwarka Sec 2-6,Dwarka Sec 2/6 Crossing,Slightly match
24,J M International School,J M International School,Match
25,Dwarka Sec 2-6,Dwarka Sec 1 ,Slightly match
26,Dwarka Crossing / Maharaja Agrasen Hospital,Dwarka Mode,Not matched
27,Health Centre,Health Centre,Match
28,Dwarka Sec 1,Mangla Puri Xing,Match at 25 in new_data list
29,Mangla Puri,Mangla Puri,Match
30,Palam Rly Fly Over,Palam Rly Fly Over,Match
31,Prehlad Pur,Prehlad Pur,Match
32,Indian Oil Station,Indian Oil Station,Match
33,Palam Airport More,Palam Airport More,Match
34,More Lines,Raksha Sampada Bhawan,Not matched
35,Palam More NH 8 Crossing,Palam More NH 8 Crossing,Match
36,APS Colony / Arjun Path,APS Colony,Slightly match
37,Subroto Park (Arjun Path),Arjun Path,Slightly match
38,Singhnal Enclave,Singhnal Enclave,Match
39,Basant Village,Basant Village,Match
40,Baprola Vidhyalaya,Swami Malai Mandir,Not matched
41,R K Puram S-5,RK Puram sec 5,Slightly match
42,Vasant Vihar Depot,Vasant Vihar Depot,Match
43,Munirka Family Planning,Munirka Village,Slightly match
44,Munirka DDA Flats,Munirka DDA Flat,Match
45,ISTM,ISTM,Match
46,IIT Hostel,IIT Hostel,Match
47,Jia Sarai,Jiya Sarai,Match
48,IIT Gate,IIT Gate,Match
49,Survo Priya Vihar,Survo Priya Vihar,Match
50,Sadhna Enclave,Sadhna Enclave,Match
51,Swami Nagar,Swami Nagar,Match
52,OS Communication / Masjid Moth,Masjid Moth,Slightly match
53,OS Communications,O S Communication,Match
54,Pumposh Enclave,Pumpose Enclave,Match
55,Nehru Place Crossing / Paras Cinema,Paras Cinema,Slightly match
56,Nehru Place Terminal,Nehru Place Terminal,Match
