,OLD_STOPS,NEW_STOPS,OUTPUT
1,Madhu Vihar,Madhu Vihar,Match
2,Dwarka Sec 2-6,Dwarka Sector 2/6 Xing,Slightly match
3,J M International School,J.M. International School,Match
4,Dwarka Sec 1,Dwarka Sector 1,Slightly match
5,Dwarka Crossing / Maharaja Agrasen Hospital,Dwarka Xing,Not matched
6,Health Centre,Health Centre,Match
7,Manglapuri / Palam Village,Palam Village,Slightly match
8,Mangla Puri,Mangla Puri,Match
9,Palam Colony,Palam Colony,Match
10,Palam Railway X ing,Palam Railway Xing,Match
11,Prehlad Pur,Prahlad Pur,Match
12,Indian Oil Station,Indian Oil,Slightly match
13,More Lines,More Lines,Match
14,Geeta Ashram,Geeta Ashram,Match
15,Sadar B D Cant,Sadar Bazar Delhi cantt.,Slightly match
16,P.S. Sadar Bazar,P S Sadar Bazar,Match
17,Kabul Line,Kabul Line,Match
18,Shastri Bazar,Shastri Bazar,Match
19,Mall Road/Delhi Cantt.,Mall Road Delhi Cantt.,Match
20,St. Martin School,St. Martin School,Match
21,R R Line,Raj Rif Line,Slightly match
22,Golf Club,Golf Club,Match
23,Dhaula Kuan,Dhaula Kuan,Match
24,Taj Hotel,Taj Hotel,Match
25,Bapu Dham,Bapu Dham,Match
26,Railway Colony (Sardar Paltel Marg),Railway Colony,Slightly match
27,Bhartiya Sadhu Samaj,Bhart Sadhu Samaj,Match
28,Palika Kutumb,Palika Kutumb,Match
29,11 Murti,11-Murti,Match
30,Talkatora Stadium Garden,Talkatora Garden,Slightly match
31,Dr. RML Hospital,Dr. RML Hospital,Match
32,Talkatora Road,Talkatora Road,Match
33,Kendriya Terminal (Church Road),Kendriya Terminal,Slightly match
34,NDPO,NDPO,Match
35,Gurudwara Bangla Sahib,Gurudwara Bangla Sahib,Match
36,Patel Chowk,Patel Chowk,Match
37,Aakashwani Bhawan,Aakashwani Bhawan,Match
38,Krishi Bhawan / Rail Bhawan Metro Station,Krishi Bhawan,Not matched
39,Windsor Place,Windsor Place,Match
40,Firoz Shah Road,Firoz Shah Road,Match
41,K.G. Marg Xing,K.G. Marg Xing,Match
42,Mandi House,Mandi House,Match
43,Tilak Bridge,Tilak Bridge,Match
44,Mandi House,ITO DDU Marg,Match at 42 in new_data list
45,Bal Bhawan DDU Marg,Bal Bhawan ,Slightly match
46,Express Building,Express Building,Match
47,Delhi Gate,Delhi Gate,Match
48,Golcha Cinema,Ambedkar Stadium,Not matched
49,Darya Ganj,Samadhi Sthal,Not matched
50,Subhash Park,Delhi Secretariat,Not matched
51,Jama Masjid,,Not matched
52,Red Fort,,Not matched
53,Old Delhi Railway Station,,Not matched
