,OLD_STOPS,NEW_STOPS,OUTPUT
1,Old Delhi Railway Station,Delhi Sectretariat,Not matched
2,Red Fort,Samadhi Sthal,Not matched
3,Jama Masjid,Ambedkar Stadium,Not matched
4,Darya Ganj,Delhi Gate,Not matched
5,GOLCHA CINEMA,Express Building,Not matched
6,Delhi Gate (JLN Marg),ITO BSZ Marg,Not matched
7,Express Building-DC2809,Tilak Bridge,Not matched
8,ITO,Mandi House,Not matched
9,Tilak Bridge,K.G. Marg Xing,Match at 7 in new_data list
10,Mandi House,Firoz Shah Road,Match at 8 in new_data list
11,K.G.Marg Xing,Windsor Place,Match at 9 in new_data list
12,Firozshah Road,Krishi Bhawan,Match at 10 in new_data list
13,Windsor Place,Red Cross Road,Match at 11 in new_data list
14,Krishi Bhawan,Aakashwani Bhawan,Match at 12 in new_data list
15,Red Cross Road,Kendriya Terminal,Match at 13 in new_data list
16,Aakashwani Bhawan,Talkatora Road,Match at 14 in new_data list
17,Kendriya Terminal (Pt. Pant Marg),Dr. RML Hospital,Not matched
18,Talkatora Road,Talkatora Garden,Match at 16 in new_data list
19,RML Hospital,11-Murti,Not matched
20,Talkatora Stadium Garden,Palika Kutumb,Not matched
21,Sardar Patel Road Xing (11 Murti),Bhart Sadhu Samaj,Not matched
22,Palika Kutumb,Railway Colony,Match at 20 in new_data list
23,Bhartiya Sadhu Samaj,Bapu Dham,Not matched
24,Railway Colony (Sardar Patel Marg),Taj Hotel,Not matched
25,Bapu Dham,Dhaula Kuan,Match at 23 in new_data list
26,Taj Hotel,Golf Club,Match at 24 in new_data list
27,Dhaula Kuan,Raj Rif Line,Match at 25 in new_data list
28,Golf Club,St. Martin School,Match at 26 in new_data list
29,R R Line,Mall Road Delhi Cantt.,Not matched
30,St. Martin School,Shastri Bazar,Match at 28 in new_data list
31,Mall Road Delhi Cantt.,Kabul Line,Match at 29 in new_data list
32,Shastri Bazar,P S Sadar Bazar,Match at 30 in new_data list
33,Kabul Line,Sadar Bazar Delhi cantt.,Match at 31 in new_data list
34,Shastri Bazar,Geeta Ashram,Match at 30 in new_data list
35,Sadar Bazar,More Lines,Not matched
36,Geeta Ashram,Indian Oil,Match at 34 in new_data list
37,More Lines,Prahlad Pur,Match at 35 in new_data list
38,Indian Oil Station,Palam Railway Xing,Not matched
39,Prehlad Pur,Palam Colony,Not matched
40,Palam Colony Flyover,Mangla Puri,Not matched
41,PALAM COLONY,Palam Village,Match at 39 in new_data list
42,MANGLA PURI TERMINAL,Health Centre,Not matched
43,Dwarka Flyover Palam Village,Dwarka Xing,Not matched
44,Health Centre,Dwarka Sector 1,Match at 42 in new_data list
45,Dwarka Crossing / Maharaja Agrasen Hospital,J.M. International School,Not matched
46,Madanpur Khadar Crossing,Dwarka Sector 2/6 Xing,Not matched
47,J M International School,Madhu Vihar,Match at 45 in new_data list
48,Dwarka Sec 2-6,,Not matched
49,Madhu Vihar,,Match at 47 in new_data list
