,OLD_STOPS,NEW_STOPS,OUTPUT
1,Patiala House Court,Patiala House Court,Match
2,Baroda House,Baroda House ,Match
3,Bhartiya Vidya Bhawan,Bhartiya Vidya Bhawan,Match
4,Firozshah Road,Firozshah Road,Match
5,Windsor Place,Windsor Place,Match
6,Patel Chowk (Ashoka Road),Patel Chowk,Slightly match
7,Gurudwara Bangla Sahib,Gurudwara Bangla Sahib,Match
8,NDPO,NDPO,Match
9,Kendriya Terminal (Pt. Pant Marg),Kendriya Terminal,Slightly match
10,Talkatora Road,Talkatora Road,Match
11,RML Hospital,Dr. RML Hospital,Match
12,Talkatora Stadium Garden,Talkatora Garden,Slightly match
13,Sardar Patel Road Xing (11 Murti),11-Murti,Not matched
14,Palika Kutumb,Palika Kutumb,Match
15,Bhartiya Sadhu Samaj,Bhart Sadhu Samaj,Match
16,Railway Colony (Sardar Patel Marg),Railway Colony,Slightly match
17,Bapu Dham,Bapu Dham,Match
18,Taj Hotel,Taj Hotel,Match
19,Dhaula Kuan,Dhaula Kuan,Match
20,Golf Club,Golf Club,Match
21,R R Line,Raj Rif Line,Slightly match
22,St. Martin School,St. Martin School,Match
23,Mall Road Delhi Cantt.,Mall Road Delhi Cantt.,Match
24,Shastri Bazar,Shastri Bazar,Match
25,Kabul Line,Kabul Line,Match
26,Ps Sadar Bazar,P S Sadar Bazar,Match
27,Sadar Bazar,Sadar Bazar Delhi cantt.,Slightly match
28,Geeta Ashram,Geeta Ashram,Match
29,More Lines,More Lines,Match
30,Indian Oil Station,Indian Oil,Slightly match
31,Prehlad Pur,Prehlad Pur (Shekhawati Lane),Slightly match
32,Palam Rly Fly Over,Palam Rly Fly Over,Match
33,Mangla Puri X-ing / Dwarka Gate,Dwarka Gate (Palam Health Center),Not matched
34,Dwarka Sec-1 Mahalaxmi Apartment,Dwarka Sector 1,Slightly match
35,Dwarka Sec-6 Telephone Exchange,Dwarka Sect-6 Telephone Exchange,Match
36,Dwarka Sector-7 Princess Park Apartment,Dwarka Sector-7 Princess Park Apartment,Match
37,Dwarka 6/10 Xing,Dwarka 6/10 Xing,Match
38,Dwarka Sector-7 Princess Park Apartment,Dwarka Sector-7 Princess Park Apartment,Match
39,President Cabinet Appt,President Cabinet Appt,Match
40,Dwarka Court,Dwarka Court,Match
