,OLD_STOPS,NEW_STOPS,OUTPUT
1,Bharthal Village (Shyam Mandir),Bharthal,Not matched
2,Bharthal Under Pass,Bharthal More,Not matched
3,Dwarka Sec-21 Metro Station,Dwarka Sec-22/25,Slightly match
4,Dwarka Sec-8 Metro Station,Dwarka Sector-25,Slightly match
5,Puspanjali G Block,G-Block Pushpanjali,Match
6,Samalkha Crossing,Samalkha Crossing,Match
7,Shiv Murti (NH-8),Shiv Murti -II,Slightly match
8,Rang Puri Pahari,Rang Puri,Slightly match
9,Mahipal Pur Village,Mahipal Pur,Slightly match
10,NHW 8,NHW 8 Xing,Slightly match
11,APS Colony,APS Colony,Match
12,APS Colony/ Jharera Gaon,Jhareda Village,Not matched
13,Air Force HQ / Subroto Park,Air Force H.Q.,Slightly match
14,RR Hospital,R R Hospital,Match
15,Dhaula Kuan,Dhaula Kuan,Match
16,Taj Hotel,Taj Hotel,Match
17,Bapu Dham,Bapu Dham,Match
18,Railway Colony (Sardar Paltel Marg),Railway Colony,Slightly match
19,Bhartiya Sadhu Samaj,Bharat Sadhu Samaj,Slightly match
20,Palika Kutumb,Palika Kutumb,Match
21,11 Murti,11 Murti,Match
22,Talkatora Stadium Garden,Talkatora Garden,Slightly match
23,Dr. RML Hospital,Dr. RML Hospital,Match
24,Talkatora Road,Talkatora Road,Match
25,Kendriya Terminal (Church Road),Kendriya Terminal,Slightly match
26,NDPO,NDPO,Match
27,Gurudwara Bangla Sahib,Gurudwara Bangla Sahib,Match
28,Patel Chowk,Patel Chowk,Match
29,Patel Chowk Metro Station,Patel Chowk Metro Station,Match
30,Ashok Road,Ashok Road,Match
31,Firoz Shah Road,Firoz Shah Road,Match
32,K.G. Marg Xing,Kasturba Gandhi Marg Xing,Slightly match
33,Mandi House,Mandi House,Match
34,Tilak Bridge,Tilak Bridge,Match
35,Mandi House,ITO DDU Marg,Match at 33 in new_data list
36,Bal Bhawan DDU Marg,Bal Bhawan,Slightly match
37,Express Building,Exprees Building,Match
38,Delhi Gate,Delhi Gate,Match
