,OLD_STOPS,NEW_STOPS,OUTPUT
1,New Delhi Railway Station Gate 2,Delhi Gate,Not matched
2,Express Building-DC2809,Express Building,Match
3,ITO,ITO BSZ Marg,Not matched
4,Tilak Bridge,Tilak Bridge,Match
5,Mandi House,Mandi House,Match
6,K.G.Marg Xing,Kasturba Gandhi Marg Xing,Slightly match
7,Firoz Shah Road,Firoz Shah Road,Match
8,Ashok Road,Ashok Road,Match
9,Patel Chowk Metro Station,Patel Chowk Metro Station,Match
10,Patel Chowk (Ashoka Road),Patel Chowk,Slightly match
11,Gurudwara Bangla Sahib,Gurudwara Bangla Sahib,Match
12,NDPO,NDPO,Match
13,Kendriya Terminal (Pt. Pant Marg),Kendriya Terminal,Slightly match
14,Talkatora Road,Talkatora Road,Match
15,RML Hospital,Dr. RML Hospital,Match
16,Talkatora Stadium Garden,Talkatora Garden,Slightly match
17,Sardar Patel Road Xing (11 Murti),11 Murti,Not matched
18,Palika Kutumb,Palika Kutumb,Match
19,Bhartiya Sadhu Samaj,Bharat Sadhu Samaj,Slightly match
20,Railway Colony (Sardar Patel Marg),Railway Colony,Slightly match
21,Bapu Dham,Bapu Dham,Match
22,Taj Hotel,Taj Hotel,Match
23,Dhaula Kuan,Dhaula Kuan,Match
24,RR Hospital / Maharana Pratap Chowk,R R Hospital,Slightly match
25,Air Force HQ / Subroto Park,Air Force H.Q.,Slightly match
26,Jhareda Village,Jhareda Village,Match
27,APS Colony,APS Colony,Match
28,NHW 8,NHW 8 Xing,Slightly match
29,Mahipal Pur Village,Mahipal Pur,Slightly match
30,Aruna Asaf Ali Hospital,Rang Puri,Not matched
31,Shiv Murti,Shiv Murti-1,Match
32,Rajpur Road Transport Deptt,Rajokari Xing,Not matched
33,Shiv Murti-Ii,Shiv Murti -II,Match
34,Samalkha Crossing,Samalkha Crossing,Match
35,Puspanjali G Block,G-Block Pushpanjali,Match
36,Dwarka Sector-25,Dwarka Sector-25,Match
37,Dwarka Sec-22/25,Dwarka Sec-22/25,Match
38,Bharthal Chowk (Bharthal Road),Bharthal More,Slightly match
39,Bharthal,Bharthal,Match
