,OLD_STOPS,NEW_STOPS,OUTPUT
1,Dwarka S 16 C,Dwarka Sec-16 C (GGS IP University),Slightly match
2,Dwarka S 17D C,Dwarka Sec-17D/18 Corner,Slightly match
3,Dwarka Sec 3/4,Dwarka Sec-3/4 Xing,Match
4,DPS Matiyala,Matiala Crossing,Not matched
5,Matiyala Xing,Delhi Pub. School (Matiala) ,Not matched
6,Raja Puri,Raja Puri,Match
7,Madhu Vihar,Madhu Vihar,Match
8,Dwarka Sec 2-6,Dwarka sec 2/6 crossing,Slightly match
9,J M International School,J M International School,Match
10,Dwarka Sec 1,Dwarka Sec-1,Match
11,Dwarka Crossing / Maharaja Agrasen Hospital,Dwarka More,Not matched
12,Health Centre,Palam Health Centre,Match
13,Dwarka Flyover Palam Village,Palam Village,Slightly match
14,Dwarka Sec 1,Mangla Puri Xing,Match at 10 in new_data list
15,Palam Colony,Palam Colony,Match
16,Palam R Xing,Palam Railway Xing,Slightly match
17,Prehlad Pur,Prahlad Pur,Match
18,Indian Oil Station,Indian Oil Station,Match
19,Hanuman Mandir / Shivaji Stadium,Hanuman Mandir,Slightly match
20,Palam Airport Bypass,Palam Airport,Slightly match
21,Palam More,Palam Colony Mehram Nagar,Not matched
22,NHW 8,NHW Crossing No-8,Not matched
23,APS Colony / Arjun Path,APS Colony,Slightly match
24,Subroto Park (Arjun Path),Arjun Path,Slightly match
25,Singhnal Enclave,Singhnal Enclave,Match
26,Vasant Village,Vasant Village,Match
27,Shanti Niketan / RK Puram Sec 8,Shanti Niketan,Slightly match
28,South Moti Bagh,South Moti Bagh,Match
29,Moti Bagh Gurudawara Nanakpura,Moti Bagh,Not matched
30,Prahlad Market,Railway Museum,Not matched
31,Vinay Marg,Vinay Marg,Match
32,Ashoka Hotel,Ashoka Hotel,Match
33,Race Course,Race Course,Match
34,DELHI GYMKHANA CLUB,Delhi Gymkhana Club,Match
35,PS Tuglak Road,P.S.Tughlak Road,Match
36,Krishan Menon Marg,Krishna Menon Marg,Match
37,Deepali Chowk,G Block,Not matched
38,T B Hospital,Udyog Bhawan,Not matched
39,Madhuban Chowk Outer Ring Road,Krishi Bhawan,Not matched
40,Red Cross Road,Red Cross Road,Match
41,Aakashwani Bhawan,Akashwani Bhawan,Match
42,PS Parliament / Jantar Mantar,P.S. Parliament,Slightly match
43,Regal,Regal,Match
44,Bakhtawar Pur School,Shivaji Park,Not matched
45,Kamla Market / Ajmeri Gate,Vivekanand Marg,Not matched
46,Dichau Kalan Depot,Kamla Market,Not matched
47,New Delhi Railway Station Gate 2,New Delhi Railway Station Gate 2,Match
