,OLD_STOPS,NEW_STOPS,OUTPUT
1,Inderpuri Krishi Kunj Terminal,Inder Puri Kirshi Kunj,Not matched
2,Loha Mandi,Loha Mandi,Match
3,Bentax,Bentax,Match
4,Naraina Depot,Naraina Depot,Match
5,Pandav Nagar,Pandav Nagar,Match
6,Shadipur Colony,DTC Colony Shadi Pur,Not matched
7,Shadipur Depot,Shadi Pur Depot,Match
8,Moti Nagar Industrial Area,Moti Nagar Industrial Area,Match
9,Moti Nagar,Moti Nagar,Match
10,ESI Dispensary/CGHS Dispensary,ESI Dispensary Karampura,Slightly match
11,Campa Cola,Campa Cola,Match
12,Swatantra Bharat Mills,SB Mills,Not matched
13,DCM Chemical,DCM Chemical (Prem Nagar),Slightly match
14,DCM Chemical,DCM Chemical,Match
15,Zakhira,Zakhira,Match
16,Ashok Park,Ashoka Park,Match
17,Ram Pura,Ram Pura,Match
18,Jai Dev Park,Jai Dev Park,Match
19,Punjabi Bagh Power House,Power House (Punjabi Bagh),Match
20,Punjabi Bagh Terminal,Punjabi Bagh Terminal,Match
21,SHAKUR PUR SHIV MANDIR,Shakur Pur Shiv Mandir,Match
22,Britannia Chowk Shakurpur,Britania,Not matched
23,TELEPHONE EXCHNAGE,Telephone Exchange,Match
24,Wazirpur DTC Depot Ring Road,Wazirpur Depot,Slightly match
25,Wazirpur Depot / Subhash Place Depot,Subhash Place Depot ,Slightly match
26,Prem Bari Pull,Prem Bari Pull,Match
27,Shalimar Bagh,Richi Rich Shalimar Bagh,Slightly match
28,Ashok Vihar Xing,Ashok Vihar Crossing,Slightly match
29,Shalimar Bagh Richi Rich,Shalimar Bagh Xing,Not matched
30,Azadpur Terminal,Azadpur Terminal,Match
