,OLD_STOPS,NEW_STOPS,OUTPUT
1,Najafgarh Terminal,Najafgarh Terminal,Match
2,Jharoda Crossing,Jharoda X-Ing,Not matched
3,Najafgarh Nangloi Stand,Najafgarh-Nangloi Stand,Match
4,NAJAFGARH HEALTH CENTER,Health Center,Slightly match
5,NajafGarh Delhi Gate,Najafgarh Delhi Gate,Match
6,Chawla Stand Najafgarh,Chhawala Stand N.Garh,Slightly match
7,BDO Office Roshan Pura,Roshan Pura,Slightly match
8,BDO Office,BDO Office,Match
9,Durga Vihar,Durga Vihar,Match
10,Deenpur Village,Deen Pur Village,Match
11,Goela Dairy Crossing,Goela Crossing,Match
12,Jhatikra Crossing Pandwala Road,Jhatikra Crossing,Slightly match
13,Chhawla School,Chhawala School,Match
14,Chhawla Village Kangan Heri Road,Chhawala Village,Slightly match
15,Ekta Garden- Harijan Basti,Harijan Basti,Slightly match
16,bsf camp chhawla,Chhawala Camp / BSF,Match
17,BSF Staff Quarter,BSF Staff Quarter,Match
18,Check Post,Check Post,Match
19,Bamnoli Power Station,DESU Powar House ,Not matched
20,Bamnoli Crossing,Bamnoli ,Slightly match
21,Bijwason Flyover before Bridge,Bijwason Rly. St. Crossing (Before Bridge),Slightly match
22,Bijwason Vill,Bijwason Village,Slightly match
23,Bijwason School (Golak Dham),Bijwason School (Golak Dham),Match
24,Pushpanjali (Farm),Pushpanjali (Farm),Match
25,Kapashera Village,Kapashera Village,Match
26,Kapashera Crossing,Kapashera Crossing,Match
27,Samalkha Village,Samalkha Village,Match
28,Samalkha Crossing,Samalkha Xing,Not matched
29,Shiv Murti (NH-8),Shiv Murti,Slightly match
30,Rang Puri Pahari,Rang Puri Village,Not matched
31,Mahipal Pur Village,Mahipal Pur ,Slightly match
32,Mahipal Pur Village,Mahipal Pur Extension,Not matched
33,NHW 8,NHW-8 Crossing,Slightly match
34,APS Colony,APS Colony,Match
35,APS Colony/ Jharera Gaon,Jharera Village,Not matched
36,Air Force HQ / Subroto Park,Air Force H.Q.,Slightly match
37,RR Hospital,R.R. Hospital,Match
38,Dhaula Kuan,Dhaula Kuan,Match
39,Railway Colony (Sardar Patel Marg),Sardar Patel Marg,Slightly match
40,Bapu Dham,Bapu Dham,Match
41,Railway Colony (Sardar Paltel Marg),Railway Colony,Slightly match
42,Bhartiya Sadhu Samaj,Bhart Sadhu Samaj,Match
43,Palika Kutumb,Palika Kutumb,Match
44,11 Murti,11-Murti,Match
45,Talkatora Stadium Garden,Talkatora Garden,Slightly match
46,Dr. RML Hospital,Dr. RML Hospital,Match
47,Talkatora Road,Talkatora Road,Match
48,Kendriya Terminal / Gurudwara Rakab Gunj,Gurudwara Racab Ganj,Slightly match
49,Kendriya Terminal (Church Road),Kendriya Terminal,Slightly match
50,NDPO,NDPO,Match
51,Gurudwara Bangla Sahib,Gurudwara Bangla Sahib,Match
52,Patel Chowk,Patel Chowk,Match
53,Windsor Place,Windsor Place,Match
54,Firoz Shah Road,Firozshah Road,Match
55,K.G. Marg Xing,K.G.Marg Xing,Match
56,Mandi House,Mandi House,Match
57,Tilak Bridge,Tilak Bridge,Match
58,ITO (Agarwal Chowk),ITO B.S.Z. Marg,Not matched
59,Express Building,Express Building,Match
60,Delhi Gate,Delhi Gate,Match
61,Delhi Gate / Ambedkar Stadium Terminal,Ambedkar Stadium,Slightly match
62,Rajghat Gandhi Darshan,Gandhi Darshan,Slightly match
63,Delhi Sectt.,Delhi Sectt.,Match
