,OLD_STOPS,NEW_STOPS,OUTPUT
1,Kapashera Border,KAPASHERA BORDER,Match
2,Kapashera Village,KAPAS HERA VILLAGE,Match
3,Kapashera Crossing,KAPAS HERA CROSSING,Match
4,Samalkha Village,SAMALKA VILLAGE,Match
5,Samalkha Crossing,SAMALKHA XING,Not matched
6,Pushpanjali,PUSHPANJALI,Match
7,Puspanjali G Block,G-BLOCK PUSHPANJALI,Match
8,shahbad mohd.extn.,SHAHBAD MOHD.EXTN.,Match
9,shahbad mohd. school,SHAHBAD MOHD. SCHOOL,Match
10,Shahbad Mohammad Pur Village,SHAHBAD MOHD. VILLAGE BANK,Not matched
11,Shahbad Mohammad Pur School,SHAHABAD MOHAMMADPUR,Slightly match
12,Dwarka Sec-8 Metro Station,DWARKA SEC 8 SPG COMPLEX,Not matched
13,Dwarka Sec-8 Metro Station,DWARKA METRO STATION SEC-8,Match
14,S P G Complex,S P G COMPLEX,Match
15,BSF Camp,BSF CAMP,Match
16,Baghdola Village,BAGHDOLA VILLAGE,Match
17,ps dwarka,PS DWARKA,Match
18,Dada Dev Mandir,DADA DEV MANDIR,Match
19,National Malariya Research Centre (Dwarka),NATIONAL MALARIYA ANUSANDHAN K,Not matched
20,Royal Residency (Dwarka),ROYAL RESIDENCY,Slightly match
21,amrahi crossing (ramphal chowk),AMRAHI CROSSING (RAMPHAL CHOWK),Match
22,shiksha bharti public school,SHIKSHA BHARTI PUBLIC SCHOOL,Match
23,Dwarka Sec-6/7,"DWARKA SEC-6/7, 9/10 Xi Ng",Slightly match
24,Princess Park/ Airforce Noval Office Enclave,PRINCE PARK APARTMENTS,Not matched
25,Dwarka Sec-6/7,DWARKA SEC-6/7 Xing,Match
26,Dwarka Sec-6 Telephone Exchange,DWARKA SECTOR-6 TELEPHONE EXCHANGE,Match
27,Dwarka Sec-20/21 Crossing,DWARKA SEC-1/2,Slightly match
28,Dwarka Sec-1 Mahalaxmi Apartment,MAHALAXMI APARTMENTS,Slightly match
29,SFS Flats Sec-2 Power House,SFS FLATS SECTOR  2 POWER HOUSE,Match
30,Mahaveer Enclave Part IIandIII,MAHAVIR ENCLAVE PART-II & III,Slightly match
31,Vijay Enclave (New Dwarka Road),VIJAY ENCLAVE,Slightly match
32,Dashrath Puri,DASHRATH PURI,Match
33,Dabri Village,DABRI VILLAGE,Match
34,Seeta Puri Ext,SEETA PURI EXTENSION,Slightly match
35,Dabri Crossing (Pankha Road),DABRI CROSSING,Slightly match
36,C-2 Janak Puri,JANAKPURI C2D,Not matched
37,C4E Janakpuri,C-4E JANAK PURI,Match
38,C-2 Janak Puri,C-2B JANAK PURI,Match
39,district park janak puri,DISTRICT PARK JANAK PURI,Match
40,Bharti College,BHARTIYA MAHILA COLLEGE,Slightly match
41,Virender Nagar / Dilli Haat,VIRENDRA NAGAR,Slightly match
42,Hari Nagar Depot,HARI NAGAR DEPOT,Match
43,G Block Hari Nagar,HARI NAGAR G-BLOCK,Match
44,Fateh Nagar,FATEH NAGAR,Match
45,Tilak Nagar Crossing (Najafgarh Road),TILAK NAGAR,Not matched
46,Sant Pura Tilak Nagar,SANT PURA,Slightly match
47,Meenakshi Garden,MEENAKSHI GARDEN,Match
48,Subhash Nagar Crossing / Mukherji Park,MUKHERJEE PARK,Not matched
49,TITAR PUR,TITAR PUR,Match
50,Tagore Garden (Gurudwara Road),TAGORE GARDEN,Slightly match
51,Rajouri Garden,RAJOURI GARDEN,Match
52,Raja Garden,RAJA GARDEN,Match
53,Bali Nagar,BALI NAGAR,Match
54,Basai Darapur / Ramesh Nagar,RAMESH NAGAR,Slightly match
55,Kirti Nagar,KIRTI NAGAR,Match
56,Moti Nagar Market,MOTI NAGAR MARKET,Match
57,Moti Nagar,MOTI NAGAR,Match
58,ESI Dispensary/CGHS Dispensary,ESI DISPENSARY KARAM PURA,Slightly match
59,Campa Cola,CAMPA COLA,Match
60,Swatantra Bharat Mills,SB MILLS,Not matched
61,DCM Chemical,DCM CHEMICAL (PREM NAGAR),Slightly match
62,DCM Chemical,DCM CHEMICAL,Match
63,Zakhira,ZAKHIRA,Match
64,Inderlok,INDER LOK,Match
65,inderlok metro station,INDERLOK METRO STATION,Match
