,OLD_STOPS,NEW_STOPS,OUTPUT
1,E Block Jahangir Puri Terminal,E Block Jahangir Puri,Match
2,Jahangirpuri K Block,C Block Jahangir Puri,Slightly match
3,Jahangirpuri A-Block,K Block Jahangir Puri,Slightly match
4,IIT Gate (Aurobindo Marg),A Block Jahangir Puri,Not matched
5,Surajkund Crossing,Jahangir Puri Xing,Not matched
6,Jahangir Puri Metro Station,Jahangir Puri Metro Station,Match
7,Prem Nagar,Sarai Peepal Thala,Not matched
8,Adarsh Nagar / Bharola Village,Adarsh Nagar,Slightly match
9,Sabji Mandi Azadpur,Azad Pur New Subzi Mandi,Not matched
10,Shalimar Bagh Richi Rich,Shalimar Bagh Xing,Not matched
11,Ashok Vihar Xing,Ashok Vihar Crossing,Slightly match
12,Shalimar Bagh Richi Rich,Richi Rich Shalimar Bagh,Match
13,Prem Bari Pul,Prem Bari Pull,Match
14,Punjab Kesari (Subhash Palace Depot),Subhash Place Depot ,Slightly match
15,Wazirpur Depot,Wazirpur Depot,Match
16,Telephone Exchange,Telephone Exchange,Match
17,Britannia,Britania,Match
18,Shakurpur JJColony,Shakur Pur Shiv Mandir,Not matched
19,Punjabi Bagh Terminal,Punjabi Bagh,Slightly match
20,Punjabi Bagh Club,Punjabi Bagh Club,Match
21,ESI Hospital,ESI Hospital,Match
22,Rajdhani College / Raja Garden,Rajdhani College Raja Garden,Match
23,Rajouri Garden,Rajouri Garden Ring Road,Slightly match
24,Mahipal Pur Crossing,Maya Puri Depot,Not matched
25,Ludlow Castle,Nariana Vihar,Not matched
26,Subhash Nagar Crossing / Mukherji Park,Naraina Village,Not matched
27,Rangpuri,COD Ring Road,Match at 42 in new_data list
28,Sant Pura Tilak Nagar,Brar Square,Not matched
29,Base Hospital,Base Hospital,Match
30,Thimiyan Park,Thimiya Park,Match
31,Kirbi Place,Kirbi Place,Match
32,Ps Sadar Bazar,P S Sadar Bazar,Match
33,Sadar B D Cant,Sadar Bazar Delhi cantt.,Slightly match
34,Geeta Ashram,Geeta Ashram,Match
35,More Lines,More Lines,Match
36,Iol Dc,IOL,Slightly match
37,Air Force M,Air Force Museum,Slightly match
38,Palam Airport Bypass,Palam Airport,Slightly match
39,Raksha S Bhawa,Raksha Sampada Bhawan,Slightly match
40,NHW 8,NHW Crossing No-8,Not matched
41,Mahipal Pur Village,Mahipal Pur,Slightly match
42,Aruna Asaf Ali Hospital,Rang Puri,Not matched
43,MCD Store (Rajpur Road),Shiv Murti,Not matched
44,Rajpur Road Transport Deptt,Rajokari Xing,Not matched
45,Shiv Murti-Ii,Shiv Murti-II,Match
46,Samlakha Xing,Samalkha Xing,Match
47,Samalkha Village,Samalka Village,Match
48,Kapashera Crossing,Kapashera Xing,Slightly match
49,Kapashera Village,Kapashera Village,Match
50,Kapashera Border,Kapashera Border,Match
