,OLD_STOPS,NEW_STOPS,OUTPUT
1,Neelwal Village,NEELWAL VILLAGE,Match
2,neelwalcrossing,NEELWALCROSSING,Match
3,bakkar wala more,BAKKAR WALA MORE,Match
4,Dichaon Kalan Village,DICHAON KALAN VILLAGE,Match
5,SHIV ENCLAVE,SHIV ENCLAVE,Match
6,Najafgarh N Stnd,NAJAFGARH-NANGLOI STAND,Slightly match
7,NAJAFGARH HEALTH CENTER,Health Center,Slightly match
8,NajafGarh Delhi Gate,Najafgarh Delhi Gate,Match
9,Tuda Mandi,Tuda Mandi,Match
10,Power House NajafGarh,Power House NajafGarh,Match
11,Sai Baba Mandir (Nazafgarh),Sai Baba Mandir (Nazafgarh),Match
12,Nangli Sakrawati,Nangli Sakrawati,Match
13,Nangli Sakrawati Crossing,Nangli Sakrawati Crossing,Match
14,Arjun Park,Arjun Park,Match
15,Nangli Dairy,Nangli Dairy,Match
16,Kakrola Bridge,KAKORLA BRIDGE,Match
17,Kakrola More,KAKROLA CROSSING (NAJFGARGH ROAD),Not matched
18,Dwarka More Metro Station (Sewak Park),DWARKA MORE METRO STATION,Match
19,Rama Park,RAMA PARK,Match
20,Mohan Garden,MOHAN GARDEN,Match
21,Nawada Gaon,NAVADA VILLAGE,Not matched
22,Kiran Garden,KIRAN GARDEN,Match
23,Om Vihar,OM VIHAR,Match
24,Prem Nagar,PREM NAGAR,Match
25,Uttam Nagar,UTTAM NAGAR MINI STAND,Slightly match
26,Uttam Nagar,UTTAM NAGAR TERMINAL,Slightly match
27,Vikas Puri Crossing,VIKAS PURI CROSSING,Match
28,Dholi Piao,DHOLI PIAU,Slightly match
29,District Centre Najafgarh Road,DISTRICT CENTRE JANAK PURI,Not matched
30,Janakpuri East Metro Station/ Nangli Zalib,NANGLI JALIB,Not matched
31,Ganesh Nagar,GANESH NAGAR,Match
32,Tilak Nagar Crossing (Najafgarh Road),TILAK NAGAR XING,Not matched
33,Sant Pura Tilak Nagar,TILAK NAGAR,Slightly match
