,OLD_STOPS,NEW_STOPS,OUTPUT
1,Tilak Nagar Jail Road,TILAK NAGAR,Slightly match
2,Ganesh Nagar,GANESH NAGAR,Match
3,Nangli Jalib,NANGLI JALIB,Match
4,District Centre Outer Ring Road,DISTRICT CENTRE JANAK PURI,Not matched
5,Dholi Piao,DHOLI PIAU,Slightly match
6,Uttam Nagar,UTTAM NAGAR TERMINAL,Slightly match
7,Uttam Nagar,UTTAM NAGAR MINI STAND,Slightly match
8,Prem Nagar,PREM NAGAR,Match
9,Om Vihar,OM VIHAR,Match
10,Kiran Garden,KIRAN GARDEN,Match
11,Nawada Gaon,NAVADA VILLAGE,Not matched
12,Mohan Garden,MOHAN GARDEN,Match
13,Rama Park,RAMA PARK,Match
14,Dwarka More Metro Station (Sewak Park),DWARKA MORE METRO STATION,Match
15,Kakrola More,KAKROLA CROSSING (NAJFGARGH ROAD),Not matched
16,Kakrola Bridge,KAKORLA BRIDGE,Match
17,Nangli Dairy,NANGLI DAIRY,Match
18,Arjun Park,ARJUN PARK,Match
19,Nangli Sakrawati Crossing,NANGLI SAKRAWATI X-ING,Slightly match
20,Nangli Sakrawati,NANGLI SAKRAWATI,Match
21,Sai Baba Mandir (Nazafgarh),SAI BABA MANDIR,Slightly match
22,Power House NajafGarh,POWER HOUSE NAJAFGARH,Match
23,Tuda Mandi,NAJAFGARH TUDA MANDI,Slightly match
24,Najafgarh Delhi Gate,NAJAF GARH DELHI GATE,Match
25,Chawla Stand Najafgarh,NAJAFGARH CHHAWALA STAND,Match
26,Police Station Najafgarh,P.S. NAJAFGARH,Slightly match
27,Dhansa Stand Nfg,DHANSA STAND NAJAFGARH,Slightly match
28,JHARODA XING,JHARODA XING,Match
29,Shiv Enclave Dichau,SHIV ENCLAVE,Slightly match
30,Dichau Village,DICHAON KALAN VILLAGE,Slightly match
31,bakkar wala more,BAKKAR WALA MORE,Match
32,neelwalcrossing,NEELWALCROSSING,Match
33,Neelwal Village,NEELWAL VILLAGE,Match
