,OLD_STOPS,NEW_STOPS,OUTPUT
1,Kendriya Terminal (Pt. Pant Marg),Kendriya Terminal,Slightly match
2,North Avenue,North Avenue,Match
3,Dr RML Hospital (Kharak Singh Marg),RML Hospital,Slightly match
4,Talkatora Stadium,Talkatora Stadium,Match
5,Upper Ridge Road,Ridge Road,Slightly match
6,New Rajinder Nagar Post Office,New Rajinder Nagar,Slightly match
7,Shankar Road,Shankar Road,Match
8,West Patel Nagar,East Patel Nagar,Slightly match
9,South Patel Nagar (Metro Station),South Patel Nagar,Slightly match
10,West Patel Nagar,West Patel Nagar,Match
11,Shadipur DTC Colony Metro Station,Shadi Pur Metro Station,Not matched
12,Shadipur Depot,Shadi Pur Depot,Match
13,Moti Nagar Industrial Area,Moti Nagar Industrial Area,Match
14,Moti Nagar Market,Moti Nagar,Slightly match
15,Moti Nagar Market,Moti Nagar Market,Match
16,Kirti Nagar,Kirti Nagar,Match
17,Basai Darapur / Ramesh Nagar,Ramesh Nagar,Slightly match
18,Bali Nagar,Bali Nagar,Match
19,Raja Garden,Raja Garden,Match
20,Rajouri Garden,Rajouri Garden,Match
21,Tagore Garden,Tagore Garden,Match
22,Tagore Garden Metro Station / Tatarpur,Titar Pur,Not matched
23,Subhash Nagar Crossing / Mukherji Park,Mukherjee Park,Not matched
24,Meenakshi Garden,Meenakshi Garden,Match
25,Sant Pura Tilak Nagar,Sant Pura,Slightly match
26,Tilak Nagar Jail Road,Tilak Nagar,Slightly match
27,Ganesh Nagar,Ganesh Nagar,Match
28,Nangali Jalib,Nangli Jalib,Match
29,Dholi Piao,District Centre Janak Puri,Not matched
30,Dholi Piao,Dholi Piau,Slightly match
31,Vikaspuri Crossing (Shivaji Marg),Vikas Puri Crossing,Slightly match
32,Uttam Nagar Terminal,Uttam Nagar Terminal,Match
