,OLD_STOPS,NEW_STOPS,OUTPUT
1,Mangla Puri Xing,Mangla Puri,Match
2,Mangla Puri,Mangla Puri Xing,Match
3,Health Centre,Health Center,Match
4,Dwarka Crossing / Maharaja Agrasen Hospital,Dwarka Xing,Not matched
5,Dwarka Sec 1,Dwarka Sector 1,Slightly match
6,Dwarka Sec-1 Mahalaxmi Apartment,Dwarka Sec 1/2,Slightly match
7,SFS Flats Sec-2 Power House,SFS Flats Dwarka Sec2 P.House,Not matched
8,Mahaveer Enclave Part IIandIII,Mahaveer Enclave Part II & III,Slightly match
9,Vijay Enclave (New Dwarka Road),Vijay Enclave,Slightly match
10,Dashrath Puri,Dasrath Puri Dwarka Puri,Slightly match
11,Dabri Village,Dabri Village,Match
12,Dabri Xing,Dabri Xing,Match
13,C-2 Janak Puri,C 2 Janak Puri,Match
14,C-1 Janak Puri,C 1 Janak Puri,Match
15,Jivan park,Jivan Park,Match
16,Tilak Pul,Tilak Pul,Match
17,Uttam Nagar / A1 Janak Puri,A 1 Janak Puri,Slightly match
18,Uttam Nagar Terminal,Uttam Nagar Terminal,Match
19,Vikas Puri Crossing,Vikas Puri Xing,Slightly match
20,Dholi Piao,Dholi Piao,Match
21,District Centre Najafgarh Road,Distrist Centre Janak Puri,Not matched
22,Janakpuri East Metro Station/ Nangli Zalib,Nangli Zalib,Not matched
23,Janak Puri Check Post,Ganesh Nagar,Not matched
24,Tilak Nagar Crossing (Najafgarh Road),Tilak Nagar,Not matched
25,Sant Pura Tilak Nagar,Santpura,Not matched
26,Meenakshi Garden,Meenakshi Garden,Match
27,Subhash Nagar Crossing / Mukherji Park,Mukherji Park,Slightly match
28,TITAR PUR,Titar Pur,Match
29,Tagore Garden (Gurudwara Road),Tagore Garden,Slightly match
30,Rajouri Garden,Rajouri Garden,Match
31,Raja Garden,Raja Garden,Match
32,Bali Nagar,Bali Nagar,Match
33,Basai Darapur / Ramesh Nagar,Ramesh Nagar,Slightly match
34,Kirti Nagar,Kirti Nagar,Match
35,Moti Nagar Market,Moti Nagar Market,Match
36,Moti Nagar,Moti Nagar,Match
37,ESI Dispensary/CGHS Dispensary,ESI Dispensary Karampura,Slightly match
38,Campa Cola,Campa Cola,Match
39,Swatantra Bharat Mills,S.B.Mills,Slightly match
40,dcm chemicals prem nagar,DCM Chemicals Prem Nagar,Match
41,DCM Chemical,DCM Chemical,Match
42,Zakhira,Zakhira,Match
43,Inderlok,Inder Lok,Match
44,Shastri Nagar Shiv Mandir,Shastri Nagar Shiv Mandir,Match
45,Shastri Nagar E Block,Shastri Nagar E Block,Match
46,Shastri Nagar Metro Station,Shastri nagar Metro Station,Match
47,Subhadra Colony,Subhadra Colonoy,Match
48,Shastri Nagar A Block,Shastri Nagar A Block,Match
49,Gulabi Bagh,Gulabi Bagh,Match
50,Chowki No 2 / Gulabi Bagh Crossing,Chowki No 2,Slightly match
51,Shakti Nagar Nangia Park,Shakti Nagar Nangia Park,Match
52,Roop Nagar / Kamla Nagar,Kamla Nagar,Slightly match
53,Maurice Nagar II,Maurice Nagar,Match
54,Doulat Ram College,Doulat Ram College (Mourice Nagar),Slightly match
55,Shri Ram College,Shri Ram College,Match
56,Patel Chest,Patel Chest,Match
57,Khalsa College,Khalsa College,Match
58,INS Hostel,INS Hostel,Match
59,Vishwa Vidyalaya Metro Station,Vishva vidyalaya metro station,Match
60,Mall Road,Mall Road Ring Road,Slightly match
61,Khyber Pass,Kheber pass,Match
62,Vidhan Sabha Metro Station,Vidhan sabha metro station,Match
63,Old Secretariat (Postal Account Office),Old Secretriate,Slightly match
64,IP College,I.P College,Match
65,Exchange Store / Civil Lines Metro Station,Civil line metro station,Slightly match
66,Ludlow Castle,Ludlow Castle,Match
67,ISBT Nitya Nand Marg,ISBT Nitya nand Marg,Match
