,OLD_STOPS,NEW_STOPS,OUTPUT
1,Uttam Nagar Terminal,Uttam Nagar Terminal,Match
2,Vikas Puri Crossing,Vikas Puri Crossing,Match
3,Dholi Piao,Dholi Piau,Slightly match
4,District Centre Najafgarh Road,District Centre Janak Puri,Not matched
5,Janakpuri East Metro Station/ Nangli Zalib,Nangli Jalib,Not matched
6,Ganesh Nagar,Ganesh Nagar,Match
7,Tilak Nagar Crossing (Najafgarh Road),Tilak Nagar,Not matched
8,Sant Pura Tilak Nagar,Sant Pura,Slightly match
9,Meenakshi Garden,Meenakshi Garden,Match
10,Subhash Nagar Crossing / Mukherji Park,Mukherjee Park,Not matched
11,TITAR PUR,Titar Pur,Match
12,Tagore Garden (Gurudwara Road),Tagore Garden,Slightly match
13,Rajouri Garden,Rajouri Garden,Match
14,Raja Garden,Raja Garden,Match
15,Bali Nagar,Bali Nagar,Match
16,Basai Darapur / Ramesh Nagar,Ramesh Nagar,Slightly match
17,Kirti Nagar,Kirti Nagar,Match
18,Moti Nagar Market,Moti Nagar Market,Match
19,Moti Nagar,Moti Nagar,Match
20,ESI Dispensary/CGHS Dispensary,ESI Dispensary Karampura ,Slightly match
21,Campa Cola,Campa Cola,Match
22,Swatantra Bharat Mills,SB Mills,Not matched
23,dcm chemicals prem nagar,DCM Chemical (Prem Nagar),Match
24,DCM Chemical,DCM Chemical,Match
25,Zakhira,Zakhira,Match
26,Inderlok,Inder Lok,Match
27,Shastri Nagar Shiv Mandir,Shastri Nagar Shiv Mandir,Match
28,Shastri Nagar E Block,Shastri Nagar E Block,Match
29,Shastri Nagar Metro Station,Shastri Ngr Metro Station,Match
30,Subhadra Colony,Subhadra Clny,Match
31,Shastri Nagar A Block,Shastri Nagar A Block,Match
32,Gulabi Bagh,Gulabi Bagh,Match
33,Chowki No 2 / Gulabi Bagh Crossing,Chowki No 2,Slightly match
34,Shakti Nagar Nangia Park,Nagia Park Shakti nagar,Match
35,Roop Nagar / Kamla Nagar,Kamla Nagar,Slightly match
36,Maurice Nagar II,Maurice Nagar,Match
37,Hansraj College,Hans Raj college,Match
38,Malka Ganj Terminal,Malka Ganj,Slightly match
39,Gali Daak Khana,Gali Dak Khanna,Match
40,Thana Sabji Mandi / Ice Factory,Old Subzi Mandi,Not matched
41,Ice Factory,Ice Factory,Match
42,St Stephen Hospital,St Stephens Hosp,Slightly match
43,Tees Hazari Court,Tis Hazari Court,Match
44,ISBT Nityanand Marg,ISBT Nityanand Marg,Match
45,ISBT Kashmere Gate Terminal,ISBT Kashmiri Gate,Slightly match
46,Guru Govind Singh University (Kashmere Gate),GGS I.P. University,Slightly match
47,GPO,GPO Kashmere Gate,Not matched
48,Old Delhi Railway Station (Fatehpuri),Old Delhi Railway Station,Match
