,OLD_STOPS,NEW_STOPS,OUTPUT
1,Old Delhi Railway Station,Old Delhi Railway Station,Match
2,Tees Hazari Court,Tis Hazari Animal Hospital,Not matched
3,Ice Factory,Ice Factory,Match
4,ps old subzi mandi,Old Subzi Mandi,Match
5,Gali Daak Khana,Gali Dak Khanna,Match
6,Malka Ganj Terminal,Malka Ganj,Slightly match
7,Hansraj College / Malka Ganj,Hans Raj college,Slightly match
8,Maurice Nagar II,Maurice Nagar,Match
9,Kamla Nagar/ Roop Nagar,Kamla Nagar,Slightly match
10,Shakti Nagar Nangia Park,Nagia Park Shakti nagar,Match
11,Chowki No 2 / Gulabi Bagh Crossing,Chowki No 2,Slightly match
12,Gulabi Bagh,Gulabi Bagh,Match
13,Shastri Nagar A Block,Shastri Nagar A Block,Match
14,Subhadra Colony,Subhadra Clny,Match
15,Shastri Nagar Metro Station,Shastri Ngr Metro Station,Match
16,Shastri Nagar E Block,Shastri Nagar E Block,Match
17,Shastri Nagar Shiv Mandir,Shastri Nagar Shiv Mandir,Match
18,Inderlok,Inder Lok,Match
19,Zakhira,Zakhira,Match
20,DCM Chemical,DCM Chemical,Match
21,DCM Chemical,DCM Chemical (Prem Nagar),Slightly match
22,Swatantra Bharat Mills,SB Mills,Not matched
23,Campa Cola,Campa Cola,Match
24,ESI Dispensary,ESI Dispensary Karampura ,Slightly match
25,Moti Nagar,Moti Nagar,Match
26,Moti Nagar Market,Moti Nagar Market,Match
27,Kirti Nagar,Kirti Nagar,Match
28,Basai Darapur / Ramesh Nagar,Ramesh Nagar,Slightly match
29,Bali Nagar,Bali Nagar,Match
30,Raja Garden,Raja Garden,Match
31,Rajouri Garden,Rajouri Garden,Match
32,Tagore Garden,Tagore Garden,Match
33,Titar Pur,Titar Pur,Match
34,Mukherjee Park,Mukherjee Park,Match
35,Meenakshi Garden,Meenakshi Garden,Match
36,Sant Pura Tilak Nagar,Sant Pura,Slightly match
37,Tilak Nagar Jail Road,Tilak Nagar,Slightly match
38,Ganesh Nagar,Ganesh Nagar,Match
39,Nangli Jalib,Nangli Jalib,Match
40,District Centre Outer Ring Road,District Centre Janak Puri,Not matched
41,Dholi Piao,Dholi Piau,Slightly match
42,Vikaspuri Crossing (Shivaji Marg),Vikas Puri Crossing,Slightly match
43,Uttam Nagar Terminal,Uttam Nagar Terminal,Match
