,OLD_STOPS,NEW_STOPS,OUTPUT
1,Kair Village,KAIR VILLAGE,Match
2,KAIR WOMEN COLLEGE,KAIR WOMEN COLLEGE,Match
3,Mitraon Village,MITRAON,Slightly match
4,Mitraon Extension,DESU OFFICE MITRAO,Not matched
5,Indra Service Station,INDIRA SERVICE STATION,Match
6,Nanak Piyau,NANAK PIYAU,Match
7,Prem Nursary,PREM NURSARY,Match
8,Khera More / Ghuman Hera Crossing,GHUMMANHERA CROSSING,Slightly match
9,Nazafgarh Dhansa More,DHANSA STAND NAJAFGARH,Not matched
10,Jharoda Crossing,JHARODA XING,Not matched
11,Nazafgarh Health Centre,Health Center,Slightly match
12,NajafGarh Delhi Gate,Najafgarh Delhi Gate,Match
13,Tuda Mandi,Tuda Mandi,Match
14,Power House NajafGarh,Power House NajafGarh,Match
15,Sai Baba Mandir (Nazafgarh),Sai Baba Mandir (Nazafgarh),Match
16,Nangli Sakrawati,Nangli Sakrawati,Match
17,Nangli Sakrawati Crossing,Nangli Sakrawati Crossing,Match
18,Arjun Park,Arjun Park,Match
19,Nangli Dairy,Nangli Dairy,Match
20,Kakrola Bridge,Kakrola Bridge,Match
21,Kakrola More,Kakrola Crossing (Najfgargh Road),Not matched
22,Dwarka More Metro Station (Sewak Park),Dwarka More Metro Station,Match
23,Rama Park,Rama Park,Match
24,Mohan Garden,Mohan Garden,Match
25,Nawada Gaon,Navada Village,Not matched
26,Kiran Garden,Kiran Garden,Match
27,Om Vihar,Om Vihar,Match
28,Prem Nagar,Prem Nagar,Match
29,Uttam Nagar,Uttam Nagar Mini Stand,Slightly match
30,Uttam Nagar Terminal,Uttam Nagar Terminal,Match
31,Vikas Puri Crossing,Vikas Puri Crossing,Match
32,Dholi Piao,Dholi Piau,Slightly match
33,Dholi Piao,District Centre Janak Puri,Not matched
34,Nangali Jalib,Nangli Jalib,Match
35,Ganesh Nagar,Ganesh Nagar,Match
36,Tilak Nagar X-ing,Tilak Nagar X-ing,Match
37,Tilak Nagar Jail Road,Tilak Nagar,Slightly match
38,Sant Pura Tilak Nagar,Sant Pura,Slightly match
39,Meenakshi Garden,Meenakshi Garden,Match
40,Subhash Nagar Crossing / Mukherji Park,Mukherjee Park,Not matched
41,Tagore Garden,Titar Pur,Match at 42 in new_data list
42,Tagore Garden Metro Station / Tatarpur,Tagore Garden,Slightly match
43,Rajouri Garden,Rajouri Garden,Match
44,Raja Garden,Raja Garden,Match
45,Bali Nagar,Bali Nagar,Match
46,Basai Darapur / Ramesh Nagar,Ramesh Nagar,Slightly match
47,Kirti Nagar,Kirti Nagar,Match
48,Moti Nagar Market,Moti Nagar Market,Match
49,Moti Nagar,Moti Nagar,Match
50,ESI Dispensary/CGHS Dispensary,ESI Dispensary- Karampura,Slightly match
51,Campa Cola,Campa Cola,Match
52,Swatantra Bharat Mills,SB Mills,Not matched
53,DCM Chemical,DCM Chemical (Prem Nagar),Slightly match
54,DCM Chemical,DCM Chemical,Match
55,Zakhira,Zakhira,Match
56,Inderlok,Inder Lok,Match
57,Inderlok Metro Station,Inder Lok Metro Station,Match
