,OLD_STOPS,NEW_STOPS,OUTPUT
1,ISBT Kashmere Gate Terminal,Mori Gate Terminal,Slightly match
2,Isbt Nityanand Marg,ISBT Nityanand Marg,Match
3,Tees Hazari Court,Tees Hazari Court,Match
4,St Stephen Hospital,St Stephen Hospital,Match
5,Ice Factory,Ice Factory,Match
6,Azad Market,Azad Market,Match
7,Bara Hindu Rao,Bara Hindu Rao,Match
8,Filmistan C,Filmistan,Match
9,Model Basti,Model Basti,Match
10,Guru Govind Singh Marg,Guru Govind Singh Marg,Match
11,Tibiya College,Tibiya College,Match
12,Ram Jas Road,Ram Jas Road,Match
13,Liberty Cinema,Liberty Cinema,Match
14,Government Quarter Sarai Rohila,Government Quarter Sarai Rohila,Match
15,Sarai Rohilla Flyover,Sarai Rohila,Slightly match
16,Sarai Rohilla Flyover,Sarai Rohilla Flyover,Match
17,Shastri Nagar Metro Station,Shastri Nagar Metro Station,Match
18,Shastri Nagar E Block,Shastri Nagar E Block,Match
19,Shastri Nagar Shiv Mandir,Shastri Nagar Shiv Mandir,Match
20,Inderlok Metro Station,Inderlok Metro Station,Match
21,Inderlok,Inderlok,Match
22,Zakhira,Zakhira,Match
23,DCM Chemical,DCM Chemical,Match
24,Swatantra Bharat Mills,SB Mills,Not matched
25,Campa Cola,Campa Cola,Match
26,ESI Dispensary,ESI Dispensary- Karampura,Slightly match
27,Moti Nagar,Moti Nagar,Match
28,Moti Nagar Market,Moti Nagar Market,Match
29,Kirti Nagar,Kirti Nagar,Match
30,Basai Darapur / Ramesh Nagar,Ramesh Nagar,Slightly match
31,Bali Nagar,Bali Nagar,Match
32,Raja Garden,Raja Garden,Match
33,Rajouri Garden,Rajouri Garden,Match
34,Tagore Garden,Tagore Garden,Match
35,Titar Pur,Titar Pur,Match
36,Mukherjee Park,Mukherjee Park (Subhash Nagar X-ing),Slightly match
37,Meenakshi Garden,Meenakshi Garden,Match
38,Sant Pura Tilak Nagar,Sant Pura,Slightly match
39,Tilak Nagar Jail Road,Tilak Nagar,Slightly match
40,Ganesh Nagar,Ganesh Nagar,Match
41,Nangli Jalib,Nangli Jalib,Match
42,District Centre Outer Ring Road,District Centre Janak Puri,Not matched
43,Dholi Piao,Dholi Piau,Slightly match
44,Vikaspuri Crossing (Shivaji Marg),Vikas Puri Crossing,Slightly match
45,Uttam Nagar,Uttam Nagar Terminal,Slightly match
46,Uttam Nagar,Uttam Nagar Mini Stand,Slightly match
47,Prem Nagar,Prem Nagar,Match
48,Om Vihar,Om Vihar,Match
49,Kiran Garden,Kiran Garden,Match
50,Nawada Gaon,Navada Village,Not matched
51,Mohan Garden,Mohan Garden,Match
52,Rama Park,Sewak Park/Ram Park,Slightly match
53,Dwarka More Metro Station (Sewak Park),Dwarka More Metro Station,Match
54,Kakrola More,Kakrola Crossing (Najfgargh Road),Not matched
55,Kakrola Bridge,Kakorla Bridge,Match
56,Nangli Dairy,Nangli Dairy,Match
57,Arjun Park,Arjun Park,Match
58,Nangli Sakrawati Crossing,Nangli Sakrawati X-ing,Slightly match
59,Nangli Sakrawati,Nangli Sakrawati,Match
60,Sai Baba Mandir (Nazafgarh),Sai Baba Mandir,Slightly match
61,Power House NajafGarh,Power House Najafgarh,Match
62,Tuda Mandi,Najafgarh Tuda Mandi,Slightly match
63,Najafgarh Delhi Gate,Najaf Garh Delhi Gate,Match
64,Chawla Stand Najafgarh,P.S. Najafgarh,Slightly match
65,Dhansa Stand Nfg,Dhansa Stand Najafgarh,Slightly match
66,Jharonda X-Ing,Jharoda X-ing,Match
67,Najafgarh,Najafgarh Terminal,Slightly match
