,OLD_STOPS,NEW_STOPS,OUTPUT
1,Najafgarh Terminal,Nazafgarh Terminal,Match
2,Jharoda Crossing/Nazafgarh Terminal,Jharoda Stand,Not matched
3,Nazafgarh Health Centre,Health Center,Slightly match
4,NajafGarh Delhi Gate,Najafgarh Delhi Gate,Match
5,Tuda Mandi,Tuda Mandi,Match
6,Power House NajafGarh,Power House NajafGarh,Match
7,Sai Baba Mandir (Nazafgarh),Sai Baba Mandir (Nazafgarh),Match
8,Nangli Sakrawati,Nangli Sakrawati,Match
9,Nangli Sakrawati Crossing,Nangli Sakrawati Crossing,Match
10,Arjun Park,Arjun Park,Match
11,Nangli Dairy,Nangli Dairy,Match
12,Kakrola Bridge,Kakrola Bridge,Match
13,Kakrola More,Kakrola More,Match
14,Dwarka More Metro Station (Sewak Park),Dwarka More Metro Station (Sewak Park),Match
15,Rama Park,Rama Park,Match
16,Mohan Garden,Mohan Garden,Match
17,Nawada Gaon,Nawada Gaon,Match
18,Kiran Garden,Kiran Garden,Match
19,Om Vihar,Om Vihar,Match
20,Prem Nagar,Prem Nagar,Match
21,Uttam Nagar,Uttam Nagar,Match
22,Uttam Nagar Terminal,Uttam Nagar Terminal,Match
23,Vikas Puri Crossing,Vikas Puri Crossing,Match
24,Dholi Piao,Dholi Piao,Match
25,District Centre Najafgarh Road,District Centre Najafgarh Road,Match
26,Janakpuri East Metro Station/ Nangli Zalib,Janakpuri East Metro Station/ Nangli Zalib,Match
27,Janak Puri Check Post,Ganesh Nagar Check Post,Not matched
28,Tilak Nagar Crossing (Najafgarh Road),Tilak Nagar Xing,Not matched
29,Sant Pura Tilak Nagar,Tilak Nagar / Sant Pura,Match
30,Meenakshi Garden,Meenakshi Garden,Match
31,Subhash Nagar Crossing / Mukherji Park,Mukherji Park (Subhash Nagar Crossing),Match
32,Tagore Garden,Tagore Garden Metro Station / Tatarpur,Slightly match
33,Tagore Garden,Tagore Garden,Match
34,Rajouri Garden,Rajouri Garden,Match
35,Raja Garden,Raja Garden,Match
36,Bali Nagar,Bali Nagar,Match
37,Basai Darapur / Ramesh Nagar,Basai Darapur / Ramesh Nagar,Match
38,Kirti Nagar,Kirti Nagar,Match
39,Moti Nagar Market,Moti Nagar Market,Match
40,Moti Nagar,Moti Nagar,Match
41,ESI Dispensary/CGHS Dispensary,ESI Dispensary/CGHS Dispensary,Match
42,Campa Cola,Campa Cola,Match
43,DCM Chemical,DCM Chemical,Match
44,Zakhira,Zakhira,Match
45,Inderlok,Inderlok,Match
46,Shastri Nagar Shiv Mandir,Shastri Nagar Shiv Mandir,Match
47,Shastri Nagar E Block,Shastri Nagar E Block,Match
48,Shastri Nagar Metro Station,Shastri Nagar Metro Station,Match
49,Sarai Rohilla Flyover,Sarai Rohilla Flyover,Match
50,Begumpur (Malviya Nagar),Sarai Rohilla,Not matched
51,Sarai Rohilla Govt Qtrs,Sarai Rohilla Govt Qtrs,Match
52,Liberty Cinema,Liberty Cinema,Match
53,Ram Jas Road,Ram Jas Road,Match
54,Tibiya College,Tibiya College,Match
55,Guru Govind Singh Marg,Guru Govind Singh Marg,Match
56,Filmistan,Filmistan,Match
57,Bara Hindu Rao,Bara Hindu Rao,Match
58,Azad Market,Azad Market,Match
59,Ice Factory,Ice Factory,Match
60,St Stephen Hospital,St Stephen Hospital,Match
61,Tees Hazari Court,Tees Hazari Court,Match
62,ISBT Nityanand Marg,ISBT Nityanand Marg,Match
63,Mori Gate Terminal,Mori Gate Terminal,Match
