,OLD_STOPS,NEW_STOPS,OUTPUT
1,Inderlok Metro Station,Inder Lok Metro Station,Match
2,Inderlok,Inder Lok,Match
3,Zakhira,Zakhira,Match
4,DCM Chemical,DCM Chemical,Match
5,DCM Chemical,DCM Chemical (Prem Nagar),Slightly match
6,Swatantra Bharat Mills,SB Mills,Not matched
7,Campa Cola,Campa Cola,Match
8,ESI Dispensary,ESI Dispensary- Karampura,Slightly match
9,Moti Nagar,Moti Nagar,Match
10,Moti Nagar Market,Moti Nagar Market,Match
11,Kirti Nagar,Kirti Nagar,Match
12,Basai Darapur / Ramesh Nagar,Ramesh Nagar,Slightly match
13,Bali Nagar,Bali Nagar,Match
14,Raja Garden,Raja Garden,Match
15,Rajouri Garden,Rajouri Garden,Match
16,Tagore Garden,Tagore Garden,Match
17,Tagore Garden Metro Station / Tatarpur,Titar Pur,Not matched
18,Subhash Nagar Crossing / Mukherji Park,Mukherjee Park,Not matched
19,Meenakshi Garden,Meenakshi Garden,Match
20,Sant Pura Tilak Nagar,Sant Pura,Slightly match
21,Tilak Nagar Jail Road,Tilak Nagar,Slightly match
22,Ganesh Nagar,Ganesh Nagar,Match
23,Nangali Jalib,Nangli Jalib,Match
24,Dholi Piao,District Centre Janak Puri,Not matched
25,Dholi Piao,Dholi Piau,Slightly match
26,Vikaspuri Crossing (Shivaji Marg),Vikas Puri Crossing,Slightly match
27,Uttam Nagar,Uttam Nagar Terminal,Slightly match
28,Uttam Nagar,Uttam Nagar Mini Stand,Slightly match
29,Prem Nagar,Prem Nagar,Match
30,Om Vihar,Om Vihar,Match
31,Kiran Garden,Kiran Garden,Match
32,Nawada Gaon,Navada Village,Not matched
33,Mohan Garden,Mohan Garden,Match
34,Rama Park,Rama Park,Match
35,Dwarka More Metro Station (Sewak Park),Dwarka More Metro Station,Match
36,Kakrola More,Kakrola Crossing (Najfgargh Road),Not matched
37,Kakrola Bridge,Kakorla Bridge,Match
38,Nangli Dairy,Nangli Dairy,Match
39,Arjun Park,Arjun Park,Match
40,Nangli Sakrawati Crossing,Nangli Sakrawati X-ing,Slightly match
41,Nangli Sakrawati,Nangli Sakrawati,Match
42,Sai Baba Mandir (Nazafgarh),Sai Baba Mandir,Slightly match
43,Power House NajafGarh,Power House Najafgarh,Match
44,Tuda Mandi,Najafgarh Tuda Mandi,Slightly match
45,Najafgarh Delhi Gate,Najaf Garh Delhi Gate,Match
46,Chawla Stand Najafgarh,Najafgarh Chhawala Stand,Match
47,Police Station Najafgarh,P.S. Najafgarh,Slightly match
48,NajafGarh Dhansa Stand,Dhansa Stand Najafgarh,Match
49,Khera More / Ghuman Hera Crossing,GHUMMANHERA CROSSING,Slightly match
50,Prem Nursary,PREM NURSARY,Match
51,Nanak Piyau,NANAK PIYAU,Match
52,Indra Service Station,INDIRA SERVICE STATION,Match
53,Mitraon Extension,DESU OFFICE MITRAO,Not matched
54,Mitraon Village,MITRAON,Slightly match
55,KAIR WOMEN COLLEGE,KAIR WOMEN COLLEGE,Match
56,KAIR VILLAGE,KAIR VILLAGE,Match
