,OLD_STOPS,NEW_STOPS,OUTPUT
1,Jhatikra Village,Jathikra Village,Match
2,Daulat Pur Xing,Daulat Pur Xing,Match
3,Daulat Pur Crossing,Pandwala Xing,Not matched
4,Ayudham Society,Ayudham Society,Match
5,Prem Nagar,Prem Nagar,Match
6,Rewala Khampur Xing,Rewala Khampur Xing,Match
7,Jathikra Xing,Jathikra Xing,Match
8,Goela Dairy Crossing,Goela Dairy More,Not matched
9,Deenpur Village,Dinpur Village,Slightly match
10,Durga Vihar,Durga Vihar,Match
11,BDO Office Roshan Pura,BDO Office Najafgarh,Not matched
12,ROSHAN PURA,Roshan Pura,Match
13,Chhawla Stand Najafgarh,Najafgarh Chhawala Stand,Match
14,Police Station Najafgarh,P.S. Najafgarh,Slightly match
15,NajafGarh Dhansa Stand,Dhansa Stand Najafgarh,Match
16,Jharoda Crossing,Jharoda Crossing ,Match
17,Nazafgarh Health Centre,Health Center,Slightly match
18,NajafGarh Delhi Gate,Najafgarh Delhi Gate,Match
19,Tuda Mandi,Tuda Mandi,Match
20,Power House NajafGarh,Power House NajafGarh,Match
21,Sai Baba Mandir (Nazafgarh),Sai Baba Mandir (Nazafgarh),Match
22,Nangli Sakrawati,Nangli Sakrawati,Match
23,Nangli Sakrawati Crossing,Nangli Sakrawati Crossing,Match
24,Arjun Park,Arjun Park,Match
25,Nangli Dairy,Nangli Dairy,Match
26,Kakrola Bridge,Kakrola Bridge,Match
27,Kakrola More,Kakrola Crossing (Najfgargh Road),Not matched
28,Dwarka More Metro Station (Sewak Park),Dwarka More Metro Station,Match
29,Rama Park,Rama Park,Match
30,Mohan Garden,Mohan Garden,Match
31,Nawada Gaon,Navada Village,Not matched
32,Kiran Garden,Kiran Garden,Match
33,Om Vihar,Om Vihar,Match
34,Prem Nagar,Prem Nagar,Match
35,Uttam Nagar,Uttam Nagar Mini Stand,Slightly match
36,Uttam Nagar Terminal,Uttam Nagar Terminal,Match
37,Vikas Puri Crossing,Vikas Puri Crossing,Match
38,Dholi Piao,Dholi Piau,Slightly match
39,Dholi Piao,District Centre Janak Puri,Not matched
40,Nangali Jalib,Nangli Jalib,Match
41,Ganesh Nagar,Ganesh Nagar,Match
42,Tilak Nagar X-ing,Tilak Nagar X-ing,Match
43,Tilak Nagar Jail Road,Tilak Nagar,Slightly match
