,OLD_STOPS,NEW_STOPS,OUTPUT
1,Tilak Nagar Jail Road,Tilak Nagar,Slightly match
2,Ganesh Nagar,Ganesh Nagar,Match
3,Nangali Jalib,Nangli Jalib,Match
4,Dholi Piao,District Centre Janak Puri,Not matched
5,Dholi Piao,Dholi Piau,Slightly match
6,Vikaspuri Crossing (Shivaji Marg),Vikas Puri Crossing,Slightly match
7,Uttam Nagar,Uttam Nagar Terminal,Slightly match
8,Uttam Nagar,Uttam Nagar Mini Stand,Slightly match
9,Prem Nagar,Prem Nagar,Match
10,Om Vihar,Om Vihar,Match
11,Kiran Garden,Kiran Garden,Match
12,Nawada Gaon,Navada Village,Not matched
13,Mohan Garden,Mohan Garden,Match
14,Rama Park,Rama Park,Match
15,Dwarka More Metro Station (Sewak Park),Dwarka More Metro Station,Match
16,Kakrola More,Kakrola Crossing (Najfgargh Road),Not matched
17,Kakrola Bridge,Kakorla Bridge,Match
18,Nangli Dairy,Nangli Dairy,Match
19,Arjun Park,Arjun Park,Match
20,Nangli Sakrawati Crossing,Nangli Sakrawati Xing,Slightly match
21,Nangli Sakrawati,Nangli Sakrawati,Match
22,Sai Baba Mandir (Nazafgarh),Sai Baba Mandir,Slightly match
23,Power House NajafGarh,Power House Najafgarh,Match
24,Tuda Mandi,Najafgarh Tuda Mandi,Slightly match
25,Najafgarh Delhi Gate,Najaf Garh Delhi Gate,Match
26,Chawla Stand Najafgarh,Najafgarh Chhawala Stand,Match
27,BDO Office Roshan Pura,Roshan Pura,Slightly match
28,Bdo Office,BDO Office Najafgarh,Slightly match
29,Durga Vihar,Durga Vihar,Match
30,Deenpur Village,Dinpur Village,Slightly match
31,Goela Dairy Crossing,Goela Dairy More,Not matched
32,Jathikra Xing,Jathikra Xing,Match
33,Rewala Khampur Xing,Rewala Khampur Xing,Match
34,Prem Nagar,Prem Nagar,Match
35,Ayudham Society,Ayudham Society,Match
36,Daulat Pur Crossing,Pandwala Xing,Not matched
37,Daulat Pur Xing,Daulat Pur Xing,Match
38,Jathikra Village,Jathikra Village,Match
