,OLD_STOPS,NEW_STOPS,OUTPUT
1,Tilak Nagar Terminal,TILAK NAGAR,Slightly match
2,Ganesh Nagar,GANESH NAGAR,Match
3,Janakpuri East Metro Station/ Nangli Zalib,NANGLI JALIB,Not matched
4,DISTRICT CENTRE JANAK PURI,DISTRICT CENTRE JANAK PURI,Match
5,Dholi Piao,DHOLI PIAU,Slightly match
6,Vikaspuri Crossing (Shivaji Marg),VIKAS PURI X-ING,Not matched
7,Uttam Nagar,UTTAM NAGAR TERMINAL,Slightly match
8,Uttam Nagar,UTTAM NAGAR MINI STAND,Slightly match
9,Prem Nagar,PREM NAGAR,Match
10,Om Vihar,OM VIHAR,Match
11,Kiran Garden,KIRAN GARDEN,Match
12,Nawada Gaon,NAVADA VILLAGE,Not matched
13,Mohan Garden,MOHAN GARDEN,Match
14,Rama Park,RAMA PARK,Match
15,Dwarka More Metro Station (Sewak Park),DWARKA MORE METRO STATION,Match
16,Kakrola More,KAKROLA CROSSING (NAJFGARGH ROAD),Not matched
17,Kakrola Bridge,KAKORLA BRIDGE,Match
18,Nangli Dairy,NANGLI DAIRY,Match
19,Arjun Park,ARJUN PARK,Match
20,Nangli Sakrawati Crossing,NANGLI SAKRAWATI X-ING,Slightly match
21,Nangli Sakrawati,NANGLI SAKRAWATI,Match
22,Sai Baba Mandir (Nazafgarh),SAI BABA MANDIR,Slightly match
23,Power House NajafGarh,POWER HOUSE NAJAFGARH,Match
24,Tuda Mandi,NAJAFGARH TUDA MANDI,Slightly match
25,Najafgarh Delhi Gate,NAJAF GARH DELHI GATE,Match
26,Chawla Stand Najafgarh,CHAWLA STAND,Slightly match
27,Bdo Office,ROSHAN PURA,Match at 28 in new_data list
28,Bdo Office,BDO OFFICE,Match
29,Durga Vihar,DURGA VIHAR,Match
30,Deenpur Village,DINPUR VILLAGE,Slightly match
31,Goela Dairy Crossing,GOELA DAIRY MORE,Not matched
32,Jhatikara Crossing,JHATIKARA XING,Slightly match
33,Rewla Taj Pur More,REWLA KHANPUR XING,Not matched
34,Prem Nagar,PREM NAGAR,Match
35,Ayudham Society,AYUDHAM SOCIETY,Match
36,Pandwala Kalan,PANDWALA KALAN CROSSING,Slightly match
37,Pandwala Khurd,PANDWALA KHURD,Match
38,Pandwala Kalan,PANDWALA KALAN,Match
