,OLD_STOPS,NEW_STOPS,OUTPUT
1,Jaffar Pur Kalan,Jaffar Pur Kalan,Match
2,Jaffarpur Hospital,Jaffar Pur Hospital,Match
3,Rawta Crossing,Rawta X-Ing,Not matched
4,Surehra Crossing,Surehra X-Ing,Not matched
5,Mitraon School,Mitraon School,Match
6,Mitraon Village,Mitraon,Slightly match
7,Mitraon Village,Mitrao Desu Office,Not matched
8,Indra Service Station,Indra Service Station,Match
9,Nanak Piyau,Nanak Piyau,Match
10,Prem Nursary,Prem Nursary,Match
11,Khera More / Ghuman Hera Crossing,Ghuman Hera X-Ing,Slightly match
12,Nazafgarh Dhansa More,Dhansa Stand Najafgarh,Not matched
13,Jharoda Crossing,Jharoda Crossing ,Match
14,Nazafgarh Health Centre,Health Center,Slightly match
15,NajafGarh Delhi Gate,Najafgarh Delhi Gate,Match
16,Tuda Mandi,Tuda Mandi,Match
17,Power House NajafGarh,Power House NajafGarh,Match
18,Sai Baba Mandir (Nazafgarh),Sai Baba Mandir (Nazafgarh),Match
19,Nangli Sakrawati,Nangli Sakrawati,Match
20,Nangli Sakrawati Crossing,Nangli Sakrawati Crossing,Match
21,Arjun Park,Arjun Park,Match
22,Nangli Dairy,Nangli Dairy,Match
23,Kakrola Bridge,KAKORLA BRIDGE,Match
24,Kakrola More,KAKROLA CROSSING (NAJFGARGH ROAD),Not matched
25,Dwarka More Metro Station (Sewak Park),DWARKA MORE METRO STATION,Match
26,Rama Park,RAMA PARK,Match
27,Mohan Garden,MOHAN GARDEN,Match
28,Nawada Gaon,NAVADA VILLAGE,Not matched
29,Kiran Garden,KIRAN GARDEN,Match
30,Om Vihar,OM VIHAR,Match
31,Prem Nagar,PREM NAGAR,Match
32,Uttam Nagar,UTTAM NAGAR MINI STAND,Slightly match
33,Uttam Nagar Terminal,UTTAM NAGAR TERMINAL,Match
34,Vikas Puri Crossing,VIKAS PURI CROSSING,Match
35,Dholi Piao,DHOLI PIAU,Slightly match
36,District Centre Najafgarh Road,DISTRICT CENTER,Slightly match
37,Janakpuri East Metro Station/ Nangli Zalib,NANGLI JALIB,Not matched
38,Ganesh Nagar,GANESH NAGAR,Match
39,Tilak Nagar Crossing (Najafgarh Road),TILAK NAGAR XING,Not matched
40,Tilak Nagar Terminal,TILAK NAGAR,Slightly match
