,OLD_STOPS,NEW_STOPS,OUTPUT
1,Tilak Nagar Jail Road,Tilak Nagar,Slightly match
2,Tilak Nagar Crossing (Najafgarh Road),Tilak Nagar X-ing,Slightly match
3,Ganesh Nagar Check Post,Ganesh Nagar Check Post,Match
4,Janak Puri East Metro St.,Janak Puri East Metro St.,Match
5,Nangali Jalib,Nangli Jalib,Match
6,Dholi Piao,District Centre Janak Puri,Not matched
7,Dholi Piao,Dhauli Piau,Not matched
8,Vikaspuri Crossing (Shivaji Marg),Vikas Puri Crossing,Slightly match
9,Uttam Nagar,Uttam Nagar Terminal,Slightly match
10,Uttam Nagar,Uttam Nagar Mini Stand,Slightly match
11,Prem Nagar,Prem Nagar,Match
12,Om Vihar,Om Vihar,Match
13,Kiran Garden,Kiran Garden,Match
14,Nawada Gaon,Nawada Village,Not matched
15,Mohan Garden,Mohan Garden,Match
16,Rama Park,Rama Park,Match
17,Dwarka More Metro Station (Sewak Park),Dwarka More Metro Station (Sewak Park),Match
18,Kakrola More,Kakrola Crossing (Najfgargh Road),Not matched
19,Kakrola Bridge,Kakorla Bridge,Match
20,Nangli Dairy,Nangli Dairy,Match
21,Arjun Park,Arjun Park,Match
22,Nangli Sakrawati Crossing,Nangli Sakrawati X-ing,Slightly match
23,Nangli Sakrawati,Nangli Sakrawati,Match
24,Sai Baba Mandir (Nazafgarh),Sai Baba Mandir,Slightly match
25,Power House NajafGarh,Power House Najafgarh,Match
26,Tuda Mandi,Najafgarh Tuda Mandi,Slightly match
27,Najafgarh Delhi Gate,Najaf Garh Delhi Gate,Match
28,Chawla Stand Najafgarh,Najafgarh Chhawala Stand,Match
29,Police Station Najafgarh,P.S. Najafgarh,Slightly match
30,Dhansa Stand Nfg,Dhansa Stand Najafgarh,Slightly match
31,Jharonda X-Ing,Jharonda Xing,Match
32,Najafgarh Terminal,Najafgarh Terminal,Match
33,Surakh Pur Crossing,Surakh Pur X-ing,Not matched
34,New Anaj Mandi,New Anaj Mandi,Match
35,Baba Haridass Nagar,Baba Hari Dass Nagar,Match
36,Navin Palace,Navin Palace,Match
37,Saraswati Kunj Jharoda,Saraswati Kunj Jharoda,Match
38,CRPF Jharoda 1,CRPF Jharoda 1,Match
39,CRPF Jharoda,CRPF Jharoda 2,Match
40,PTS Jharoda,P.T.S. Jharoda Kalan,Slightly match
41,S.S. Kanya Vidhyalaya,S.Sr. Kanya Vidhyalaya,Match
42,Jharoda Village,Jharoda Village,Match
43,Jharoda Kalan,Jharoda Kalan,Match
44,Jharoda Nala Crossing,Jharoda Nala X-ing,Slightly match
45,Baba Haridass Gitanjali Enclave,Baba Hari Dass (Gitanjali Encl.),Match
46,Fire Station Tikri Village,Fire Station (Tikri),Match
47,Tikri Kalan Village,Tikri Village,Match
48,Tikri Border,Tikri Border,Match
