,OLD_STOPS,NEW_STOPS,OUTPUT
1,Sarangpur,Galib Pur Village,Not matched
2,Galib Pur Village,Galib Pur Piou,Match at 1 in new_data list
3,Galib Pur Piyau,Amrawati Piou,Not matched
4,Amrawati Piyau Galib Pur Road,Rawta Village,Not matched
5,Rawta Village,Jhul Jhuli Crossing,Match at 4 in new_data list
6,Jhuljhuli Crossing,Jhul Jhuli Check Post,Match at 5 in new_data list
7,Jhul-Jhuli Check Post / Ghumanhera Crossing,Ghuman Hera,Not matched
8,Ghuman Hera Village Main Road,Ghuman Hera Village,Slightly match
9,Ghuman Hera More / Shikarpur Crossing,Devta Wala Mandir,Not matched
10,Dewta Wala mandir,Hasan Pur,Not matched
11,Hasanpur Village,Khari Khari Rondh,Not matched
12,KharKhari Rondh,Pandwala Crossing ,Not matched
13,Pandwala Crossing,Khari Khari Jatmal,Match at 12 in new_data list
14,KharKhari Jatmal / Surhera Crossing,Khera Dabar Crossing ,Slightly match
15,Khera Dabar Crossing,Khari Khari Nahar,Match at 14 in new_data list
16,KharKhari Nahar / Khera Dabur,Khaira Village,Not matched
17,khera Village,Gopal Nagar Extn/Toto Farm/ Krishna Nagar,Not matched
18,Krishna Nagar / Gopal Nagar,Ghuman Hera Crossing,Not matched
19,Ghuman Hera Xing,Dhansa Stand Najafgarh,Not matched
20,NajafGarh Dhansa Stand,Jharonda X-Ing,Not matched
21,Jharoda Crossing,Najafgarh Terminal,Not matched
22,Najafgarh Terminal,,Match at 21 in new_data list
