,OLD_STOPS,NEW_STOPS,OUTPUT
1,Najafgarh Terminal,Najafgarh Terminal,Match
2,Jharoda Crossing,Jharonda X-Ing,Not matched
3,Najafgarh Nangloi Stand,Najafgarh-Nangloi Stand,Match
4,NAJAFGARH HEALTH CENTER,Health Center,Slightly match
5,Najafgarh Delhi Gate,Najaf Garh Delhi Gate,Match
6,Chawla Stand Najafgarh,Najafgarh Chhawala Stand,Match
7,Police Station Najafgarh,P.S. Najafgarh,Slightly match
8,NajafGarh Dhansa Stand,Dhansa Stand Najafgarh,Match
9,Khera More / Ghuman Hera Crossing,Ghuman Hera Crossing,Slightly match
10,Krishna Nagar / Gopal Nagar,Gopal Nagar Extn/Toto Farm/ Krishna Nagar,Slightly match
11,Khaira Village,Khaira Village,Match
12,KharKhari Nahar / Khera Dabur,Khari Khari Nahar,Slightly match
13,Khera Dabar Crossing,Khera Dabar Crossing ,Match
14,KharKhari Jatmal / Surhera Crossing,Khari Khari Jatmal,Slightly match
15,Pandwala Crossing,Pandwala Crossing ,Match
16,KharKhari Rondh,Khari Khari Rondh,Match
17,Hasanpur Village,Hasan Pur,Not matched
18,Devta Wala Mandir,Devta Wala Mandir,Match
19,Ghuman Hera Village,Ghuman Hera Village,Match
20,Ghuman Hera DTC Depot,Ghuman Hera,Slightly match
21,Jhul-Jhuli Check Post / Ghumanhera Crossing,Jhul Jhuli Check Post,Slightly match
22,Jhuljhuli Crossing,Jhul Jhuli Crossing,Match
23,Rawta,Rawta Village,Slightly match
24,Amrawati Piyau Galib Pur Road,Amrawati Piou,Slightly match
25,Galib Pur Piyau,Galib Pur Piou,Slightly match
26,Galib Pur Village,Galib Pur Village,Match
27,Sarangpur,,Not matched
