,OLD_STOPS,NEW_STOPS,OUTPUT
1,Jai Mata Market Tri Nagar Terminal,Tri Ngr Jai Mata Mkt Terminal,Slightly match
2,A-1 Keshav Puram,A 1 Keshav Puram,Match
3,C-2 Keshav Puram,C 2 Keshav Puram,Match
4,C-4 Keshav Puram,C 4 Keshav Puram,Match
5,C-8 Keshav Puram,C 8 Keshav Puram,Match
6,C-4 Keshav Puram,B 4 Keshav Puram,Match
7,B-3 Keshav Puram,B 3 Keshav Puram,Match
8,Kanhaiya Nagar,Kanhaiya Nagar,Match
9,JJ Colony Wazir Pur,Wazir Pur JJ Colony,Match
10,Inderlok Metro Station,Inder Lok Metro Station,Match
11,Inderlok,Inder Lok,Match
12,Zakhira,Zakhira,Match
13,DCM Chemical,DCM Chemical,Match
14,DCM Chemical,DCM Chemical (Prem Nagar),Slightly match
15,Swatantra Bharat Mills,SB Mills,Not matched
16,Campa Cola,Campa Cola,Match
17,ESI Dispensary,ESI Dispensary Karampura ,Slightly match
18,Moti Nagar,Moti Nagar,Match
19,Moti Nagar Market,Moti Nagar Market,Match
20,Kirti Nagar,Kirti Nagar,Match
21,Basai Darapur / Ramesh Nagar,Ramesh Nagar,Slightly match
22,Bali Nagar,Bali Nagar,Match
23,Raja Garden,Raja Garden,Match
24,Rajouri Garden,Rajouri Garden,Match
25,Tagore Garden,Tagore Garden,Match
26,Titar Pur,Titar Pur,Match
27,Mukherjee Park,Mukherjee Park,Match
28,Meenakshi Garden,Meenakshi Garden,Match
29,Sant Pura Tilak Nagar,Sant Pura,Slightly match
30,Tilak Nagar Crossing (Najafgarh Road),Tilak Nagar,Not matched
31,A-3 Janak Puri,Check Post Janak Puri,Slightly match
32,Janakpuri C3,B 1 Janakpuri,Slightly match
33,C-3 Janakpuri,B 3 Janak Puri,Slightly match
34,gov saryoda kanya vidhalay,Gov Saryoda Kanya Vidhalay,Match
35,C-3 Janakpuri,District Park Janak Puri,Match at 38 in new_data list
36,C2B Janak Puri,Janakpuri C2B,Match
37,C4E Janakpuri,Janakpuri C4E,Match
38,C-3 Janakpuri,C 3 Janak Puri,Match
39,C-4H Janakpuri,Janakpuri C4H,Slightly match
40,Janakpuri C-5A,C 5A Janak Puri,Match
41,Desu Colony,Desu Colony Janakpuri,Slightly match
42,SagarPur Vashisht Park,Sagar Pur Vashishth Park,Match
43,D Block Janak Puri,D Block Janakpuri,Match
