,OLD_STOPS,NEW_STOPS,OUTPUT
1,Dhansa Border,Dhansa Border,Match
2,S.K.V.Dhansa,S.K.V.Dhansa,Match
3,Dhansa Village,Dhansa Village ,Match
4,Issapur Xing,Issa Pur Xing,Match
5,Qadipur,Kazi Pur,Not matched
6,Bakkar Garh Crossing,Bakkar Garh Xing,Slightly match
7,Mundhela Crossing,Mundela Xing,Not matched
8,Mata Din Kaur Public School,Mata Dhankaur Public School,Match
9,Rawta Xing,Rawta Xing,Match
10,Surehra Crossing,Surehra Xing,Not matched
11,Mitraon School,Mitraon School,Match
12,Mitraon Village,Mitraon,Slightly match
13,Mitraon Village,Mitrao Desu Office,Not matched
14,Indra Service Station,Indra Service Station,Match
15,Nanak Piyau,Nanak Piyau,Match
16,Prem Nursary,Prem Nursary,Match
17,Ghuman HeraXing,Ghuman Hera Xing,Match
18,NajafGarh Dhansa Stand,Dhansa Stand Najafgarh,Match
19,Jharoda Crossing,Jharoda Crossing ,Match
20,Nazafgarh Health Centre,Health Center,Slightly match
21,NajafGarh Delhi Gate,Najafgarh Delhi Gate,Match
22,Tuda Mandi,Tuda Mandi,Match
23,Power House NajafGarh,Power House NajafGarh,Match
24,Sai Baba Mandir (Nazafgarh),Sai Baba Mandir (Nazafgarh),Match
25,Nangli Sakrawati,Nangli Sakrawati,Match
26,Nangli Sakrawati Crossing,Nangli Sakrawati Crossing,Match
27,Arjun Park,Arjun Park,Match
28,Nangli Dairy,Nangli Dairy,Match
29,Kakrola Bridge,Kakrola Bridge,Match
30,Kakrola More,Kakrola Crossing (Najfgargh Road),Not matched
31,Sewak Park,Dwarka More Metro Station,Not matched
32,Rama Park,Rama Park,Match
33,Mohan Garden,Mohan Garden,Match
34,Nawada Gaon,Navada Village,Not matched
35,Kiran Garden,Kiran Garden,Match
36,Om Vihar,Om Vihar,Match
37,Prem Nagar,Prem Nagar,Match
38,Uttam Nagar,Uttam Nagar Mini Stand,Slightly match
39,Uttam Nagar Terminal,Uttam Nagar Terminal,Match
40,Vikas Puri Crossing,Vikas Puri Crossing,Match
41,Dholi Piao,Dholi Piau,Slightly match
42,Dholi Piao,District Centre Janak Puri,Not matched
43,Nangali Jalib,Nangli Jalib,Match
44,Ganesh Nagar,Ganesh Nagar,Match
45,Tilak Nagar Jail Road,Tilak Nagar,Slightly match
