,OLD_STOPS,NEW_STOPS,OUTPUT
1,Uttam Nagar Terminal,Uttam Nagar Terminal,Match
2,Vikas Puri Crossing,Vikas Puri Crossing,Match
3,Dholi Piao,Dholi Piau,Slightly match
4,District Centre Najafgarh Road,District Centre Janak Puri,Not matched
5,Janakpuri East Metro Station/ Nangli Zalib,Nangli Jalib,Not matched
6,Ganesh Nagar,Ganesh Nagar,Match
7,Tilak Nagar Crossing (Najafgarh Road),Tilak Nagar,Not matched
8,Fateh Nagar,Fateh Nagar,Match
9,G Block Hari Nagar,Hari Nagar G Block,Match
10,Hari Nagar Depot,Hari Nagar Depot,Match
11,DA Block Hari Nagar,BA Blk Hari nagar,Slightly match
12,Hari Nagar Shaheed Pawan Sahni Chowk,Hari Nagar Shaheed Pawan Sahni Chowk,Match
13,Naraini Mandir,Naraini Mandir,Match
14,DESU Office,DESU Office,Match
15,Zunk Market,Zink Market,Match
16,Gulab House,Gulab House,Match
17,Bobby Soap,Bobby Shop,Slightly match
18,PS Mayapuri,PS Maya Puri,Match
19,BE Block Hari Nagar/ESI Dispensary,BE Block Hari Nagar,Slightly match
20,Metal Forging,Metal Forging,Match
21,Government Press,Govt. Press,Not matched
22,Mayapuri Depot,Maya Puri Depot,Match
23,Naraina Vihar / Indra Market,Naraina Vihar,Slightly match
24,Payal Cinema,Payal Cinema,Match
25,Loha Mandi,Loha Mandi,Match
26,Bentax,Bentax,Match
27,Naraina Depot,Naraina Depot,Match
28,Pandav Nagar,Pandav Nagar,Match
29,Shadipur Colony,DTC Colony Shadi Pur,Not matched
30,Shadipur Metro Station,Shadipur Metro Station,Match
31,West Patel Nagar,West Patel Nagar,Match
32,South Patel Nagar (Metro Station),South Patel Nagar,Slightly match
33,East Patel Nagar,East Patel Nagar,Match
34,Rajendra Place,Rajindera Place Metro Station,Slightly match
35,Telephone Exchange Karol Bagh,Telephone Exchange,Slightly match
36,Karol Bagh Metro Station,Karol Bagh Metro Station,Match
37,Pusa Road Petrol Pump Sadhu Vaswani Marg,Sadhu Vasvani Marg ,Slightly match
38,Faiz Road,Faiz Road,Match
39,Karol Bagh Terminal,Karol Bagh Terminal,Match
40,Jhandewalan,Jhandewalan,Match
41,Paharganj Police Station,P.S. Pahar Gunj,Not matched
42,Dispensary Paharganj,Paharganj Dispensary,Match
43,Ajmeri Gate / Kamla Market,Ajmeri Gate,Slightly match
44,PS Kamla Market,Kamla Market,Match
45,JLN Marg,Jawahar Lal Nehru Marg,Not matched
46,Zakir Husain College,Zakir Hussain College,Match
47,Turkman Gate / G B Pant Hosipatal,Turkman Gate,Slightly match
48,Delite Cinema,Delight Cinema,Slightly match
49,Delhi Gate,Delhi Gate,Match
50,Golcha Cinema,Golcha Cinema,Match
51,Darya Ganj,Darya Ganj,Match
52,Subhash Park,Subhash Park,Match
53,Jama Masjid,Jama Masjid,Match
54,Red Fort,Red Fort,Match
55,GPO,G P O Kasmiri Gate,Not matched
56,Guru Govind Singh University (Kashmere Gate),GGS University,Not matched
57,ISBT Kashmere Gate,ISBT Kashmere Gate,Match
