,OLD_STOPS,NEW_STOPS,OUTPUT
1,ISBT Kashmere Gate Terminal,ISBT Kashmere Gate,Slightly match
2,Guru Govind Singh University (Kashmere Gate),GGS IP University,Slightly match
3,G P O Kasmiri Gate,G P O Kasmiri Gate,Match
4,Red Fort,Red Fort,Match
5,Jama Masjid,Jama Masjid,Match
6,Darya Ganj,Darya Ganj,Match
7,GOLCHA CINEMA,Golcha Cinema,Match
8,Delhi Gate (JLN Marg),Delhi Gate,Slightly match
9,LNJP Hospital,LNJP Hospital,Match
10,Zakir Husain College,Zakir Hussain College,Match
11,PS Kamla Market,Kamla Market,Match
12,Kamla Market / Ajmeri Gate,Ajmeri Gate,Slightly match
13,Dispensary Paharganj,Paharganj Dispensary,Match
14,P.S. Pahar Gunj,P.S. Pahar Gunj,Match
15,Jhandewalan,Jhandewalan,Match
16,Karol Bagh Terminal,Karol Bagh Terminal,Match
17,Faiz Road,Faiz Road,Match
18,Pusa Road Petrol Pump Sadhu Vaswani Marg,Sadhu Vasvani Marg ,Slightly match
19,Karol Bagh Metro Station,Karol Bagh Metro Station,Match
20,Telephone Exchange Karol Bagh,Telephone Exchange,Slightly match
21,RAJENDER PLACE METRO STATION,Rajindera Place Metro Station,Match
22,West Patel Nagar,East Patel Nagar,Slightly match
23,South Patel Nagar (Metro Station),South Patel Nagar,Slightly match
24,West Patel Nagar,West Patel Nagar,Match
25,Shadipur Colony,Shadipur Metro Station,Not matched
26,Shadipur Colony,DTC Colony Shadi Pur,Not matched
27,Pandav Nagar,Pandav Nagar,Match
28,Naraina Depot,Naraina Depot,Match
29,Bentex,Bentax,Slightly match
30,Loha Mandi,Loha Mandi,Match
31,Payal Cinema,Payal Cinema,Match
32,Naraina Vihar / Indra Market,Naraina Vihar,Slightly match
33,Mayapuri Depot,Maya Puri Depot,Match
34,Government Press,Govt. Press,Not matched
35,Metal Forging,Metal Forging,Match
36,BE Block Hari Nagar/ESI Dispensary,BE Block Hari Nagar,Slightly match
37,PS Mayapuri,PS Maya Puri,Match
38,Bobby Soap,Bobby Shop,Slightly match
39,Gulab House,Gulab House,Match
40,Zunk Market,Zink Market,Match
41,DESU Office,DESU Office,Match
42,Naraini Mandir,Naraini Mandir,Match
43,Hari Nagar Shaheed Pawan Sahni Chowk,Hari Nagar Shaheed Pawan Sahni Chowk,Match
44,DA Block Hari Nagar,BA Blk Hari nagar,Slightly match
45,Hari Nagar Depot,Hari Nagar Depot,Match
46,G Block Hari Nagar,Hari Nagar G Block,Match
47,Fateh Nagar,Fateh Nagar,Match
48,Tilak Nagar Crossing (Najafgarh Road),Tilak Nagar,Not matched
49,Ganesh Nagar,Ganesh Nagar,Match
50,Nangli Jalib,Nangli Jalib,Match
51,District Centre Outer Ring Road,District Centre Janak Puri,Not matched
52,Dholi Piao,Dholi Piau,Slightly match
53,Vikaspuri Crossing (Shivaji Marg),Vikas Puri Crossing,Slightly match
54,Uttam Nagar Terminal,Uttam Nagar Terminal,Match
