,OLD_STOPS,NEW_STOPS,OUTPUT
1,Najafgarh Terminal,NAJAF GARH TERMINAL,Match
2,Jharoda Crossing,JHARODA XING,Not matched
3,Najafgarh Nangloi Stand,NAJAFGARH HEALTH CENTER,Not matched
4,PS Najaf Garh,NAJAF GARH DELHI GATE,Slightly match
5,Chhawla Stand Najafgarh,NAJAFGARH CHHAWALA STAND,Match
6,Police Station Najafgarh,P.S. NAJAFGARH,Slightly match
7,NajafGarh Dhansa Stand,DHANSA STAND NAJAFGARH,Match
8,Khera More / Ghuman Hera Crossing,GHUMMANHERA CROSSING,Slightly match
9,Prem Nursary,PREM NURSARY,Match
10,Nanak Piyau,NANAK PIYAU,Match
11,Indra Service Station,INDIRA SERVICE STATION,Match
12,DESU OFFICE MITRAO,DESU OFFICE MITRAO,Match
13,Mitraon School,MITRAON,Slightly match
14,Mitraon Village,MITRAON SCHOOL,Not matched
15,Surehra Crossing,SUREHRA XING,Not matched
16,Rawta Xing,RAWTA XING,Match
17,Jaffarpur RTRM Hospital,JAFFARPUR HOSPITAL STAND,Slightly match
18,Samaspur Khalsa,SAMASHPUR KHALSA,Match
19,Ujwa School,UJWA SCHOOL,Match
20,Ujwa Village,UJWA VILLAGE,Match
21,Ujwa Gaon,UJWA,Slightly match
22,Dariyapur Village / Malikpur Crossing,MALIK PUR ZAR CROSSING,Slightly match
23,Jhul-Jhuli Check Post / Ghumanhera Crossing,GHUMANHERA XING,Not matched
24,Jhul-Jhuli Check Post / Ghumanhera Crossing,JHUL JHULI CHECK POST,Slightly match
25,Jhuljhuli Xing,JHULJHULI CROSSING,Slightly match
26,Jhul-Jhuli Check Post / Ghumanhera Crossing,JHUL JHULI VILLAGE,Not matched
27,village sarangpur n  d 73,VILLAGE SARANGPUR N  D 73,Match
