,OLD_STOPS,NEW_STOPS,OUTPUT
1,Daulat Pur Village,DAULATPUR VILLAGE,Match
2,Shikar Pur Crossing,SHIKAPUR XING,Not matched
3,Daulat Pur Crossing,DAULATPUR CROSSING,Match
4,PANDWALA XING,PANDWALA XING,Match
5,Ayudham Society,AYUDHAM SOCIETY,Match
6,Prem Nagar,PREM NAGAR,Match
7,Rewla Taj Pur More,REWLA KHANPUR XING,Not matched
8,Jhatikara Crossing,JHATIKARA CROSSING,Match
9,Goela Dairy Crossing,GOELA DAIRY MORE,Not matched
10,Deenpur Village,DINPUR VILLAGE,Slightly match
11,Durga Vihar,DURGA VIHAR,Match
12,ROSHAN PURA,BDO OFFICE,Match at 13 in new_data list
13,ROSHAN PURA,ROSHAN PURA,Match
14,Chhawla Stand Najafgarh,NAJAFGARH CHAWLA STAND,Match
15,Police Station Najafgarh,P.S. NAJAFGARH,Slightly match
16,Najafgarh Dhansa More,DHANSA STAND NAJAFGARH,Slightly match
17,Jharoda Crossing,Jharoda Crossing ,Match
18,Nazafgarh Health Centre,Health Center,Slightly match
19,NajafGarh Delhi Gate,Najafgarh Delhi Gate,Match
20,Tuda Mandi,Tuda Mandi,Match
21,Power House NajafGarh,Power House NajafGarh,Match
22,Sai Baba Mandir (Nazafgarh),Sai Baba Mandir (Nazafgarh),Match
23,Nangli Sakrawati,Nangli Sakrawati,Match
24,Nangli Sakrawati Crossing,Nangli Sakrawati Crossing,Match
25,Arjun Park,Arjun Park,Match
26,Nangli Dairy,Nangli Dairy,Match
27,Kakrola Bridge,Kakrola Bridge,Match
28,Kakrola More,KAKROLA CROSSING (NAJFGARGH ROAD),Not matched
29,Sewak Park,DWARKA MORE METRO STATION,Not matched
30,Rama Park,RAMA PARK,Match
31,Mohan Garden,MOHAN GARDEN,Match
32,Nawada Gaon,NAVADA VILLAGE,Not matched
33,Kiran Garden,KIRAN GARDEN,Match
34,Om Vihar,OM VIHAR,Match
35,Prem Nagar,PREM NAGAR,Match
36,Uttam Nagar,UTTAM NAGAR MINI STAND,Slightly match
37,Uttam Nagar Terminal,UTTAM NAGAR TERMINAL,Match
38,Vikas Puri Crossing,VIKAS PURI XING,Slightly match
39,Dholi Piao,DHOLI PIAO,Match
40,District Centre Najafgarh Road,DISTRICT CENTER,Slightly match
41,Janakpuri East Metro Station/ Nangli Zalib,NANGLI JALIB,Not matched
42,Ganesh Nagar,GANESH NAGAR,Match
43,Tilak Nagar Crossing (Najafgarh Road),TILAK NAGAR XING,Not matched
44,Tilak Nagar Terminal,TILAK NAGAR,Slightly match
