,OLD_STOPS,NEW_STOPS,OUTPUT
1,Tilak Nagar Jail Road,TILAK NAGAR,Slightly match
2,Ganesh Nagar,GANESH NAGAR-DC2815,Slightly match
3,Nangli Jalib,NANGLI JALIB,Match
4,District Centre Outer Ring Road,DISTRICT CENTER,Slightly match
5,Dholi Piao,DHOLI PIAU,Slightly match
6,Uttam Nagar,UTTAM NAGAR TERMINAL,Slightly match
7,Uttam Nagar,UTTAM NAGAR MINI STAND,Slightly match
8,Prem Nagar,PREM NAGAR,Match
9,Om Vihar,OM VIHAR,Match
10,Kiran Garden,KIRAN GARDEN,Match
11,Nawada Gaon,NAWADA,Slightly match
12,Mohan Garden,MOHAN GARDEN,Match
13,Rama Park,RAMA PARK,Match
14,Dwarka More Metro Station (Sewak Park),DWARKA MORE METRO STATION,Match
15,Kakrola More,KAKROLA CROSSING (NAJFGARGH ROAD)-DC1941,Not matched
16,Kakrola Bridge,KAKORLA BRIDGE,Match
17,Nangli Dairy,NANGLI DAIRY,Match
18,Arjun Park,ARJUN PARK,Match
19,Nangli Sakrawati Crossing,NANGLI SAKRAWATI X-ING,Slightly match
20,Nangli Sakrawati,NANGLI SAKRAWATI,Match
21,Sai Baba Mandir (Nazafgarh),SAI BABA MANDIR,Slightly match
22,Power House NajafGarh,POWER HOUSE NAJAFGARH,Match
23,Tuda Mandi,NAJAFGARH TUDA MANDI-U00261,Slightly match
24,Najafgarh Delhi Gate,NAJAF GARH DELHI GATE,Match
25,Chawla Stand Najafgarh,NAJAFGARH CHHAWALA STAND,Match
26,Police Station Najafgarh,P.S. NAJAFGARH,Slightly match
27,NajafGarh Dhansa Stand,DHANSA STAND NAJAFGARH,Match
28,Khera More / Ghuman Hera Crossing,GHUMMANHERA CROSSING,Slightly match
29,Prem Nursary,PREM NURSARY,Match
30,Nanak Piyau,NANAK PIYAU,Match
31,Indra Service Station,INDIRA SERVICE STATION,Match
32,DESU OFFICE MITRAO,DESU OFFICE MITRAO-NS0360,Match
33,Mitraon School,MITRAON,Slightly match
34,Mitraon Village,MITRAON SCHOOL,Not matched
35,Surehra Crossing,SUREHRA X-ING,Not matched
36,Rawta Xing,RAWTA X-ING,Match
37,Mata DanKaur Public School,MATA DHANKAUR PUBLIC SCHOOL,Match
38,Mundhela Crossing,MUNDELA XING,Not matched
39,Bakkargarh Village,BAKKARGARH X-ING,Not matched
40,Bakkargarh Border,BAKKARGARH,Slightly match
41,Bakkargarh Border,BAKKARGARH BORDER,Match
