,OLD_STOPS,NEW_STOPS,OUTPUT
1,Anand Vihar ISBT Main Road,ISBT Anand Vihar,Slightly match
2,Anand Vihar ISBT Main Road,Anand Vihar ISBT Main Road,Match
3,Maharaj Pur Check Post,Mahrajpur Check Post,Match
4,Gazipur Depot,Gazipur Depot,Match
5,Hasanpur Village,Hasan Pur Village,Match
6,Hasanpur Depot,Hasan Pur Depot,Match
7,Ashirwad Apartment,Ashirvad Apartment,Match
8,Mithla Apartment Chandar Vihar,Chandar Vihar,Slightly match
9,Mandawali Government School,Mandawali Government School,Match
10,Prince Apartment,Prince Apartment,Match
11,Neethi Apartment,Nidhi Apartment,Slightly match
12,Himalaya Apartment,Himalaya Appartment,Match
13,Balco Apartment,Balco Apartment,Match
14,Vijaya Laxmi Apartment,Vijaya Laxmi Apartment,Match
15,Parivar Apartment,Parivar Apartment,Match
16,Ras Vihar Apartment (PS Madhu Vihar),Ras Vihar,Not matched
17,Saraswati Kunj,Saraswati Kunj,Match
18,Press Apartment,Press Appartments,Match
19,Govt Model School / Ambedkar Park,Government Model School,Not matched
20,Dharma Apartment,Dharma Appartments,Match
21,Mother Dairy Crossing,Mother Dairy Xing,Slightly match
22,Mother Dairy Crossing,Mother Dairy,Slightly match
23,MCKR Hospital,Shakkar pur School Block,Not matched
24,Defence Colony,Laxmi Nagar Xing,Not matched
25,Delhi Secretariat,Rainy Well,Not matched
26,Delhi Secretariat,Delhi Sect.,Slightly match
27,ITO,ITO-AGCR,Slightly match
28,Tilak Bridge,Tilak Bridge,Match
29,Mandi House,Mandi House,Match
30,Modern School,Modern School Bara Khamba Road,Slightly match
31,Barakhamba Metro Station,Barakhamba Road Metro Station,Match
32,Statesman House,Statsman House,Match
33,Shivaji Stadium Terminal,Shivaji Stadium,Slightly match
34,Shaheed Bhagat Singh Marg,Shaheed Bhagat Singh Mg.,Match
35,Gole Market,Gole Market.,Match
36,Rama Krishna Ashram Marg,R.K. Ashram Marg,Slightly match
37,Panchkuian Road,Panchkuian Road,Match
38,Panchkuian Road Banwai Lal Hospital,Punchkuain Road / Banwari Lal Hosp.,Slightly match
39,Meghdoot Bhawan,Meghdoot Bhawan,Match
40,Pusa Road Petrol Pump Sadhu Vaswani Marg,Sadhu Vasvani Marg ,Slightly match
41,Karol Bagh Metro Station,Karol Bagh Metro Station,Match
42,Telephone Exchange Karol Bagh,Telephone Exchange,Slightly match
43,Rajendra Place / Karol Bagh Telephone Exchange,Rajindera Place Metro Station,Slightly match
44,East Patel Nagar,East Patel Nagar,Match
45,South Patel Nagar (Metro Station),South Patel Nagar,Slightly match
46,West Patel Nagar,West Patel Nagar,Match
47,Shadipur DTC Colony Metro Station,Shadi Pur Metro Station,Not matched
48,Shadipur Depot,Shadi Pur Depot,Match
49,Moti Nagar Industrial Area,Moti Nagar Industrial Area,Match
50,Karampura Terminal,Karam Pura Terminal,Match
51,B Block New Moti Nagar,New Moti nagar B-Block,Match
52,Punjabi Bagh Terminal,Punjabi Bagh,Slightly match
