,OLD_STOPS,NEW_STOPS,OUTPUT
1,Karampura Terminal,TILAK NAGAR,Not matched
2,Moti Nagar Industrial Area,GANESH NAGAR-DC2815,Not matched
3,Moti Nagar Market,NANGLI JALIB,Not matched
4,Kirti Nagar,DISTRICT CENTER,Not matched
5,Basai Darapur / Ramesh Nagar,DHOLI PIAU,Not matched
6,Bali Nagar,UTTAM NAGAR TERMINAL,Not matched
7,Raja Garden,UTTAM NAGAR MINI STAND,Not matched
8,Rajouri Garden,PREM NAGAR,Not matched
9,Tagore Garden,OM VIHAR,Not matched
10,Titarpur,KIRAN GARDEN,Not matched
11,Mukherjee Park,NAVADA VILLAGE,Not matched
12,Meenakshi Garden,MOHAN GARDEN,Not matched
13,Sant Pura Tilak Nagar,RAMA PARK,Not matched
14,Tilak Nagar Jail Road,DWARKA MORE METRO STATION,Not matched
15,Ganesh Nagar,KAKROLA CROSSING (NAJFGARGH ROAD)-DC1941,Not matched
16,Nangli Jalib,KAKORLA BRIDGE,Match at 3 in new_data list
17,District Centre Outer Ring Road,NANGLI DAIRY,Not matched
18,Dholi Piao,ARJUN PARK,Not matched
19,Uttam Nagar,NANGLI SAKRAWATI X-ING,Not matched
20,Uttam Nagar,NANGLI SAKRAWATI,Not matched
21,Prem Nagar,SAI BABA MANDIR,Match at 8 in new_data list
22,Om Vihar,POWER HOUSE NAJAFGARH,Match at 9 in new_data list
23,Kiran Garden,NAJAFGARH TUDA MANDI-U00261,Match at 10 in new_data list
24,Nawada Gaon,NAJAF GARH DELHI GATE,Not matched
25,Mohan Garden,NAJAFGARH CHHAWALA STAND,Match at 12 in new_data list
26,Rama Park,P.S. NAJAFGARH,Match at 13 in new_data list
27,Dwarka More Metro Station (Sewak Park),DHANSA STAND NAJAFGARH,Not matched
28,Kakrola More,JHARODA XING-DC3471,Not matched
29,Kakrola Bridge,SHIV ENCLAVE,Not matched
30,Nangli Dairy,DICHAON KALAN VIILAGE,Match at 17 in new_data list
31,Arjun Park,,Match at 18 in new_data list
32,Nangli Sakrawati Crossing,,Not matched
33,Nangli Sakrawati,,Match at 20 in new_data list
34,Sai Baba Mandir (Nazafgarh),,Not matched
35,Power House NajafGarh,,Match at 22 in new_data list
36,Tuda Mandi,,Not matched
37,Najafgarh Delhi Gate,,Match at 24 in new_data list
38,Chawla Stand Najafgarh,,Not matched
39,Police Station Najafgarh,,Not matched
40,Dhansa Stand Nfg,,Not matched
41,JHARODA XING,,Not matched
42,Shiv Enclave Dichau,,Not matched
43,Dichau Village,,Not matched
