,OLD_STOPS,NEW_STOPS,OUTPUT
1,Mangla Puri Terminal,MALIKAPUR ZER,Not matched
2,Malikpur Zar Xing,MALIK PUR ZAR XING,Match
3,Ujwa School,UJWA,Slightly match
4,Ujwa Village,UJWA VILLAGE,Match
5,Ujwa School,UJWA SCHOOL,Match
6,Samaspur Khalsa,SAMASHPUR KHALSA,Match
7,Jaffarpur RTRM Hospital,JAFFARPUR HOSPITAL STAND,Slightly match
8,Rawta Crossing,RAWTA X-ING,Not matched
9,Surehra Crossing,SUREHRA X-ING,Not matched
10,Mitraon School,MITRAON SCHOOL,Match
11,Mitraon Village,MITRAON,Slightly match
12,Mitraon Village,DESU OFFICE MITRAO-NS0360,Not matched
13,Indra Service Station,INDRA SERVICE STATION,Match
14,Nanak Piyau,NANAK PIAO,Slightly match
15,Prem Nursary,PREM NURSERY,Match
16,Khera More / Ghuman Hera Crossing,GHUMMANHERA CROSSING,Slightly match
17,NajafGarh Dhansa Stand,DHANSA STAND NAJAFGARH,Match
18,Jharoda Crossing,Jharoda Crossing ,Match
19,NAJAFGARH HEALTH CENTER,Health Center,Slightly match
20,NajafGarh Delhi Gate,Najafgarh Delhi Gate,Match
21,Tuda Mandi,Tuda Mandi,Match
22,Power House NajafGarh,Power House NajafGarh,Match
23,Sai Baba Mandir (Nazafgarh),Sai Baba Mandir (Nazafgarh),Match
24,Nangli Sakrawati,Nangli Sakrawati,Match
25,Nangli Sakrawati Crossing,Nangli Sakrawati Crossing,Match
26,Arjun Park,Arjun Park,Match
27,Nangli Dairy,Nangli Dairy,Match
28,Kakrola Bridge,Kakrola Bridge,Match
29,Kakrola More,KAKROLA CROSSING (NAJFGARGH ROAD),Not matched
30,Sewak Park,DWARKA MORE METRO STATION,Not matched
31,Rama Park,RAMA PARK,Match
32,Mohan Garden,MOHAN GARDEN,Match
33,Nawada Gaon,NAVADA VILLAGE,Not matched
34,Kiran Garden,KIRAN GARDEN,Match
35,Om Vihar,OM VIHAR,Match
36,Prem Nagar,PREM NAGAR,Match
37,Uttam Nagar,UTTAM NAGAR MINI STAND,Slightly match
38,Uttam Nagar,UTTAM NAGAR TERMINAL,Slightly match
39,Vikas Puri Crossing,VIKAS PURI X-ING,Not matched
40,Dholi Piao,DHOLI PIAO,Match
41,District Centre Najafgarh Road,DISTRICT CENTER,Slightly match
42,Janakpuri East Metro Station/ Nangli Zalib,NANGLI JALIB,Not matched
43,Ganesh Nagar,GANESH NAGAR,Match
44,Tilak Nagar Crossing (Najafgarh Road),TILAK NAGAR XING,Not matched
45,Sant Pura Tilak Nagar,TILAK NAGAR,Slightly match
