,OLD_STOPS,NEW_STOPS,OUTPUT
1,Badli Railway Staion,Badli Railway Station,Match
2,Badli Telephone Exchange,Badli Telephone Exchange,Match
3,D2 Rohini Sec 15,Rohini Sec-18A,Not matched
4,Rohini Sec 18,Indian Oil Rohini Sec-18,Slightly match
5,D2 Rohini Sec 15,Rohini Sec-18 B.Block,Not matched
6,Manav Chowk,Manav Chowk,Match
7,D2 Rohini Sec 15,Rohini Sec-15,Match
8,Rohini Sector-16,Vidhya Vihar Marg  U01243,Not matched
9,Rohini Sec 15 E,Ayodhya Appartments,Not matched
10,Rohini Sec 15,DC Chowk,Match at 7 in new_data list
11,ESI Hospital,Rohini Sec-9 Partibha School,Not matched
12,Vidya Marg Crossing,Rohini Sec-9,Not matched
13,Ayodhya Apartments,Rohini Sec-7/8 Xing,Not matched
14,DC Chowk Rohini,Madhuvan Chowk,Not matched
15,Pratibha School Rohini Sec 9,Saraswati Vihar C-Block,Not matched
16,Rohini Sec-9,Kali Mata Mandir,Match at 12 in new_data list
17,Rohini Sec 7 8 Xing,Pushpanjali Enclave,Not matched
18,Madhuban Chowk Outer Ring Road,Rohini Depot-3,Not matched
19,SaraswatiVihar C Block,Mangol Puri Police Line,Match at 15 in new_data list
20,Kali Mata Mandir,Mangol Pur School,Match at 16 in new_data list
21,Puspanjali Enclave,West Enclave,Slightly match
22,Rohini Depot - 3,B-Block Mangol Puri Ring Road,Match at 18 in new_data list
23,Mangolpur School,Peera Garhi ,Match at 20 in new_data list
24,Mangol Pur School (Kanjhawla Road),Peera Garhi Depot,Not matched
25,West Enclave,Paschim Vihar Power House,Match at 21 in new_data list
26,Mangol Puri B Block / Vidya Vihar,Sunder Apartment,Not matched
27,Peera Garhi Chowk,Sunder Vihar ,Not matched
28,Peera Garhi Depot,Meera Bagh Apartment,Match at 24 in new_data list
29,P.Vihar Power Houe,Meera Bagh,Not matched
30,Sundar Apartments,Kesho Pur Depot,Not matched
31,Sunder Vihar,Major Bhupinder Singh Nagar,Match at 27 in new_data list
32,Meera Bagh Apartment,CRPF Camp,Match at 28 in new_data list
33,Meera Bagh Apartment,Manohar Nagar,Match at 28 in new_data list
34,Keshopur Depot,Krishna Park Extn.,Match at 30 in new_data list
35,Major Bhupinder Singh Nagar,Kangra Niketan,Match at 31 in new_data list
36,CRPF Camp,District Centre Janak Puri,Match at 32 in new_data list
37,Manohar Nagar,Vikas Puri Xing,Match at 33 in new_data list
38,Krishna Park,Uttam Nagar Terminal,Not matched
39,Kangra Niketan,Janak Puri B-1,Match at 35 in new_data list
40,Dholi Piao,Dabri Xing,Not matched
41,Vikaspuri Crossing (Shivaji Marg),Janak Cinema,Not matched
42,Uttam Nagar Terminal,Desu Colony Janak Puri,Match at 38 in new_data list
43,Uttam Nagar / A1 Janak Puri,Sagar Pur Vashishth Park,Not matched
44,Tilak Pul,D Block Janakpuri,Not matched
45,Jivan park,,Not matched
46,C-1 Janak Puri,,Not matched
47,C2D Janak Puri,,Not matched
48,Dabri Crossing (Pankha Road),,Not matched
49,Janak Cinema,,Match at 41 in new_data list
50,Desu Colony Janak Puri,,Match at 42 in new_data list
51,SagarPur Vashisht Park,,Not matched
52,D Block Janak Puri,,Match at 44 in new_data list
