,OLD_STOPS,NEW_STOPS,OUTPUT
1,D Block Janak Puri (Pankha Road),D Blk Janak Puri,Slightly match
2,SagarPur Vashisht Park,Sagar Pur/ Vashisth Park,Match
3,Desu Colony Janak Puri,Desu Colony Janak Puri,Match
4,Janak Cinema,Janak Cinema,Match
5,Raghu Nagar (Janak Puri),Raghu Nagar,Slightly match
6,Dabri Xing,Dabri Xing,Match
7,C-2 Janak Puri,Janak Puri C-2,Match
8,C-1 Janak Puri,Janak Puri C-1,Match
9,Jivan park,Jeewan Park,Not matched
10,Tilak Pul,Tilak Pul,Match
11,Uttam Nagar / A1 Janak Puri,Janakpuri A1,Slightly match
12,Uttam Nagar Terminal,Uttam Nagar Terminal,Match
13,Vikas Puri Crossing,Vikas Puri Xing,Slightly match
14,Dholi Piao,Dholi Piao,Match
15,C-1 Janak Puri,Janak Puri West,Not matched
16,District Centre Najafgarh Road,Distrist Centre Janak Puri,Not matched
17,Kangra Niketan,Kangra Niketan,Match
18,Krishna Park,Krishna Park,Match
19,Manohar Nagar,Manohar Nagar,Match
20,CRPF Camp Keshopur,CRPF Camp,Slightly match
21,Major Bhupinder Singh Marg,Major Bhupinder Singh Nagar,Match
22,Keshopur Depot,Kesho Pur Depot,Match
23,Meera Bagh,Meera Bagh Appt,Slightly match
24,Meera Bagh,MEERA BAGH,Match
25,Sunder Vihar,Sunder Vihar ,Match
26,Sunder Apartment,Sunder Apartment,Match
27,Peera Garhi Depot,Peera Garhi Depot,Match
28,Peera Garhi Chowk,Peera Garhi,Slightly match
29,Mangol Puri B Block / Vidya Vihar,Mangol Pur B Block,Slightly match
30,West Enclave,West Enclave,Match
31,Mangolpur School,Mangol Pur School,Match
32,Rohini Depot III,Rohini Depot 3,Slightly match
33,Puspanjali Enclave,Pushpanjali Enclave,Match
34,Kali Mata Mandir,Kali Mata Mandir,Match
35,Deepali Chowk,Deepali Chowk,Match
36,Saraswati Vihar C Block,Saraswati Vihar C-Block,Match
37,Madhuban Chowk Outer Ring Road,Madhuben Chowk,Slightly match
38,Rohini Sector - 7/8 Xing,"Rohini Sector-7,8 Xing",Match
39,Rohini Sec 20/21 More,Rohini sec-9,Slightly match
40,Ayodhya Apartments,Ayodhya Appartments,Match
41,Vidya Marg Crossing,Vidhya Vihar Marg,Not matched
42,ESI Hospital,ESI Hospital Rohini,Slightly match
43,Rohini Depot-II,Rohini Deopt-2,Slightly match
44,Rohini Sec-11 (Aggarwal Sabha),Rohini Sec-11 F-Block Corner,Not matched
45,Rohini Sec 17A,Rohini Sec-17,Match
46,Rohini Sec 16 (Maharaja Aggarsen Dharam Sthal),Rohini Sec-16,Not matched
47,Rohini Sector-16,Rohini Sector-16 Xing,Match
48,ENGINEERING COLLEGE,Engineering College,Match
49,Shahbad Daulatpur Gaon,Sahabad Daulatpur Village,Not matched
50,Shahbad Daulatpur School,Shahbad Bank,Not matched
51,St Xavier School,St Xavier School Daulatpur,Slightly match
52,Shahbad Dairy Block A,Shahbad Dairy Block A,Match
53,Shahbad Dairy,Shahbad Dairy,Match
