,OLD_STOPS,NEW_STOPS,OUTPUT
1,Shahbad Dairy Block A,Shahbad Dairy,Slightly match
2,Shahbad Dairy A Block,Shahbad Dairy Block A,Match
3,St. Xavier School Shahbad,St Xavier School Daulatpur,Not matched
4,Shahbad Daulatpur School,Shahbad Bank,Not matched
5,Shahbad Daulatpur Gaon,Sahabad Daulatpur Village,Not matched
6,Delhi Engg College Shahbad,Engineering College,Not matched
7,Rohini Sec-16 Xing,Rohini Sector-16 Xing,Match
8,Rohini Sec 16 (Maharaja Aggarsen Dharam Sthal),Rohini Sec-16,Not matched
9,Rohini Sec 17A and 16,Rohini Sec-17,Slightly match
10,Rohini Sec-11 (Aggarwal Sabha),Rohini Sec-11 F-Block Corner,Not matched
11,Rohini Depot-II,Rohini Deopt-2,Slightly match
12,ESI Hospital,ESI Hospital Rohini,Slightly match
13,Vidya Marg Crossing,Vidhya Vihar Marg,Not matched
14,Ayodhya Apartments,Ayodhya Appartments,Match
15,Pratibha School Rohini Sec 9,Rohini sec-9,Slightly match
16,Rohini Sec 7 8 Xing,"Rohini Sector-7,8 Xing",Match
17,Madhuban Chowk Outer Ring Road,Madhuben Chowk,Slightly match
18,SaraswatiVihar C Block,Saraswati Vihar C-Block,Match
19,Deepali Chowk,Deepali Chowk,Match
20,Kali Mata Mandir,Kali Mata Mandir,Match
21,Puspanjali Enclave,Pushpanjali Enclave,Match
22,Rohini Depot - 3,Rohini Depot 3,Match
23,Mangol Pur School (Kanjhawla Road),Mangol Pur School,Slightly match
24,West Enclave,West Enclave,Match
25,Mangol Puri B Block / Vidya Vihar,Mangol Pur B Block,Slightly match
26,Peera Garhi Chowk,Peera Garhi,Slightly match
27,Peera Garhi Depot,Peera Garhi Depot,Match
28,Sundar Apartments,Sunder Apartment,Match
29,Sunder Vihar,Sunder Vihar ,Match
30,Meera Bagh Apartment,MEERA BAGH,Slightly match
31,Meera Bagh Apartment,Meera Bagh Appt,Not matched
32,Keshopur Depot,Kesho Pur Depot,Match
33,Major Bhupinder Singh Nagar,Major Bhupinder Singh Nagar,Match
34,CRPF Camp,CRPF Camp,Match
35,Manohar Nagar,Manohar Nagar,Match
36,Krishna Park,Krishna Park,Match
37,Kangra Niketan,Kangra Niketan,Match
38,Dholi Piao,Distrist Centre Janak Puri,Match at 40 in new_data list
39,Janak Puri West,Janak Puri West,Match
40,Dholi Piao,Dholi Piao,Match
41,Vikaspuri Crossing (Shivaji Marg),Vikas Puri Xing,Not matched
42,Uttam Nagar Terminal,Uttam Nagar Terminal,Match
43,Uttam Nagar / A1 Janak Puri,Janakpuri A1,Slightly match
44,Tilak Pul,Tilak Pul,Match
45,Jivan park,Jeewan Park,Not matched
46,C-1 Janak Puri,Janak Puri C-1,Match
47,C2D Janak Puri,Janak Puri C-2,Slightly match
48,Dabri Crossing (Pankha Road),Dabri Xing,Not matched
49,Janak Cinema,Janak Cinema,Match
50,Desu Colony Janak Puri,Desu Colony Janak Puri,Match
51,SagarPur Vashisht Park,Sagar Pur/ Vashisth Park,Match
52,D Block Janak Puri,D Blk Janak Puri,Match
