,OLD_STOPS,NEW_STOPS,OUTPUT
1,Narela Terminal,Narela Terminal,Match
2,Police Station Narela,Thana Narela,Slightly match
3,shafia bad more,Shafia Bad More,Match
4,Ram Dev Chowk,Ram Dev Chowk,Match
5,Police Colony Narela,Police Colony,Slightly match
6,Sec A 5 Crossing Narela,A 5 Narela,Slightly match
7,Sec A 5 and 8 Narela Desu Colony,A 5/6 Narela Xing,Not matched
8,Kanya Gurukul Narela,Kanya Gurukul Gausala,Slightly match
9,Sec A 5 and 8 Narela Desu Colony,Desu Colony ,Slightly match
10,Singhu Border GT Road,Singhu Border,Slightly match
11,Singhu Village Crossing,Singhu Village Crossing,Match
12,Singhola Crossing,Singhola,Slightly match
13,Tikri Khurd Crossing / AMPC,Tikri Khurd Xing,Slightly match
14,Khampur Village,Khampur,Slightly match
15,Jail Road Rohini Sec 18,Bakoli,Not matched
16,Bakauli Crossing,Bakauli crossing,Match
17,Pwd Office,CPWD Office Ali Pur,Slightly match
18,Alipur Village GT Road,Alipur GT Road,Slightly match
19,Bdo Office,Alipur Blk.(BDO Office),Slightly match
20,Budhpur GT Road,Budhpur ,Slightly match
21,Jain Mandir,Jain Mandir,Match
22,Nangli Puna,Nangli Punam,Match
23,Gurudwara Siraspur GT Road,Gurudwara,Slightly match
24,Swaroop Nagar GT Road,Swaroop Nagar,Slightly match
25,Libas Pur GT Road,Libas Pur GT Road,Match
26,Sanjay Gandhi Transport Nagar,Sanjay Gandhi Transport Nagar,Match
27,GTK Bypass / Mukraba Chowk,GTK By Pass,Not matched
28,Badli Crossing,Badli Crossing,Match
29,Haidarpur Water Works,Haider Pur Water Works,Match
30,Prashant Vihar F-Block,Prashant Vihar,Slightly match
31,Uttri Pitam Pura,Uttri Pitam Pura,Match
32,Pitampura RU Block,RU Block Pitam Pura,Match
33,Pitampura Power House,Power House Pittam Pura,Slightly match
34,Madhuban Chowk Outer Ring Road,Madhuvan Chowk,Slightly match
35,SaraswatiVihar C Block,Saraswati Vihar C Block,Match
36,Kali Mata Mandir,Kali Mata Mandir,Match
37,Puspanjali Enclave,Pushpanjali Enclave,Match
38,Rohini Depot - 3,Rohini Depot 3,Match
39,Mangolpur School,Mangol Puri Police Line,Match at 40 in new_data list
40,Mangol Pur School (Kanjhawla Road),Mangol Pur School,Slightly match
41,West Enclave,West Enclave,Match
42,Mangol Puri B Block / Vidya Vihar,B Block Mangol Puri Ring Road,Not matched
43,Peera Garhi Chowk,Peera Garhi ,Slightly match
44,Peera Garhi Depot,Peera Garhi Depot,Match
45,P.Vihar Power Houe,Paschim Vihar Power House,Slightly match
46,Sundar Apartments,Sunder Apartment,Match
47,Sunder Vihar,Sunder Vihar ,Match
48,Meera Bagh,Meera Bagh Apartment,Slightly match
49,Meera Bagh Apartment,Meera Bagh,Slightly match
50,Keshopur Depot,Kesho Pur Depot,Match
51,Major Bhupinder Singh Nagar,Major Bhupinder Singh Nagar,Match
52,CRPF Camp,CRPF Camp,Match
53,Manohar Nagar,Manohar Nagar,Match
54,Krishna Park,Krishna Park Extn.,Match
55,Kangra Niketan,Kangra Niketan,Match
56,District Centre Outer Ring Road,District Centre Janak Puri,Not matched
57,Dholi Piao,Dholi Piau,Slightly match
58,Vikaspuri Crossing (Shivaji Marg),Vikas Puri Crossing,Slightly match
59,Uttam Nagar Terminal,Uttam Nagar Terminal,Match
