,OLD_STOPS,NEW_STOPS,OUTPUT
1,Uttam Nagar Terminal,Uttam Nagar Terminal,Match
2,Vikas Puri Crossing,Vikas Puri Crossing,Match
3,Dholi Piao,Dholi Piau,Slightly match
4,District Centre Najafgarh Road,District Centre Janak Puri,Not matched
5,Kangra Niketan,Kangra Niketan,Match
6,Krishna Park,Krishna Park Extn.,Match
7,Manohar Nagar,Manohar Nagar,Match
8,CRPF Camp Keshopur,CRPF Camp,Slightly match
9,Major Bhupinder Singh Marg,Major Bhupinder Singh Nagar,Match
10,Keshopur Depot,Kesho Pur Depot,Match
11,Meera Bagh,Meera Bagh,Match
12,Meera Bagh,Meera Bagh Apartment,Slightly match
13,Sunder Vihar,Sunder Vihar ,Match
14,Sunder Apartment,Sunder Apartment,Match
15,P.Vihar Power Houe,Paschim Vihar Power House,Slightly match
16,Peera Garhi Chowk,Peera Garhi Depot,Not matched
17,Peera Garhi Chowk,Peera Garhi ,Slightly match
18,Mangol Puri B Block / Vidya Vihar,B Block Mangol Puri Ring Road,Not matched
19,West Enclave,West Enclave,Match
20,Mangolpur School,Mangol Pur School,Match
21,Mangolpur Kalan Village,Mangol Puri Police Line,Not matched
22,Rohini Depot III,Rohini Depot 3,Slightly match
23,Puspanjali Enclave,Pushpanjali Enclave,Match
24,Kali Mata Mandir,Kali Mata Mandir,Match
25,Saraswati Vihar C Block,Saraswati Vihar C Block,Match
26,Madhuvan Chowk,Madhuvan Chowk,Match
27,Power House Pitam Pura,Power House Pittam Pura,Match
28,Pitampura RU Block,RU Block Pitam Pura,Match
29,Uttri Pitam Pura,Uttri Pitam Pura,Match
30,Prashant Vihar F-Block,Prashant Vihar,Slightly match
31,Haidarpur Water Works,Haider Pur Water Works,Match
32,Badli Crossing,Badli Crossing,Match
33,Gtk By Pass,GTK By Pass,Match
34,Sanjay Gandhi Transport Nagar,Sanjay Gandhi Transport Nagar,Match
35,Libas Pur GT Road,Libas Pur GT Road,Match
36,Swaroop Nagar GT Road,Swaroop Nagar,Slightly match
37,Gurudwara Siraspur GT Road,Gurudwara,Slightly match
38,Nangli Puna,Nangli Punam,Match
39,Jain Mandir,Jain Mandir,Match
40,Budhpur GT Road,Budhpur ,Slightly match
41,Bdo Office,Alipur Blk.(BDO Office),Slightly match
42,Alipur Village GT Road,Alipur GT Road,Slightly match
43,Alipur Cpwd Office,CPWD Office Ali Pur,Match
44,Bakauli crossing,Bakauli crossing,Match
45,Bakoli,Bakoli,Match
46,Khampur Village,Khampur,Slightly match
47,Tikri Khurd Crossing / AMPC,Tikri Khurd Xing,Slightly match
48,Singhola Crossing,Singhola,Slightly match
49,Singhu Village Crossing,Singhu Village Crossing,Match
50,Singhu Border GT Road,Singhu Border,Slightly match
51,Sec A 5 and 8 Narela Desu Colony,Desu Colony ,Slightly match
52,Kanya Gurukul Narela,Kanya Gurukul Gausala,Slightly match
53,Sec A 5 Crossing Narela,A 5/6 Narela Xing,Not matched
54,Sec A 5 Crossing Narela,A 5 Narela,Slightly match
55,Police Colony Narela,Police Colony,Slightly match
56,RAM DEV CHOWK,Ram Dev Chowk,Match
57,Sec A-9 Narela,A 9 Narela,Match
58,S.Raja Harish Chander Hospital,S. Raja Harish chander Hospital,Match
59,Munim Ji Ka Bagh,Munimji Ka Bagh,Match
60,Bhor Garh,Bhor Garh,Match
61,New Anaj Mandi,New Anaj Mandi,Match
62,Kurani More,Kureni,Not matched
63,NARELA OLD MANDI,Narela old Mandi,Match
64,LAMPUR MORE,Lampur More,Match
65,NARELA TERMINAL,Narela Terminal,Match
