,OLD_STOPS,NEW_STOPS,OUTPUT
1,Uttam Nagar Terminal,UTTAM NAGAR TERMINAL,Match
2,Vikas Puri Crossing,VIKAS PUR CROSSING,Match
3,Vikas Puri A Block,VIKAS PURI A-BLOCK,Match
4,C-Block Vikas Puri,POLICE STATION VIKAS PURI,Match at 5 in new_data list
5,C Block Vikas Puri,C-BLOCK VIKAS PURI,Match
6,Budhela Village / C Block Vikas Puri,BUDHELA VILLAGE,Slightly match
7,Oxford School,OXFORD SENIOR SECONDARY SCHOOL,Slightly match
8,Gurudwara Vikaspuri,GURUDWARA VIKAS PURI/ SONIA CINEMA,Slightly match
9,Krishna Park,KRISHNA PARK EXTN,Match
10,Manohar Nagar,MANOHAR NAGAR,Match
11,CRPF Camp Keshopur,CRPF CAMP,Slightly match
12,Major Bhupinder Singh Marg,MAJOR BHUPINDER SINGH NAGAR,Match
13,Keshopur Depot,KESHO PUR DEPOT,Match
14,Meera Bagh Apartments,MEERA BAGH,Slightly match
15,Sunder Vihar,SUNDER VIHAR,Match
16,Sunder Apartment,SUNDER APARTMENT,Match
17,P.Vihar Power Houe,POWER HOUSE PASCHIM VIHAR,Not matched
18,Peera Garhi Chowk,PEERA GARHI DEPOT,Not matched
19,Peera Garhi Chowk,PEERA GARHI,Slightly match
20,Mangol Puri B Block / Vidya Vihar,MANGOLPURI B BLOCK,Slightly match
21,West Enclave,WEST ENCLAVE,Match
22,Police Line,MANGOL PURI POLICE LINE,Slightly match
23,Mangol Pur School (Kanjhawla Road),MANGOLPUR SCHOOL,Slightly match
24,Rohini Depot III,ROHINI DEPOT 3,Slightly match
25,Puspanjali Enclave,PUSHPANJALI ENCLAVE,Match
26,Kali Mata Mandir,KALI MANDIR,Match
27,Deepali Chowk,DEEPALI CHOWK,Match
28,Saraswati Vihar C Block,SARSWATI VIHAR C BLOCK,Match
29,Madhuban Chowk Outer Ring Road,MADHUBAN CHOWK,Slightly match
30,RU Block Power House,POWER HOUSE PITTAM PURA,Not matched
31,Pitampura RU Block,PITAMPURA RU BLOCK,Match
32,Uttri Pitam Pura,UTTARI PITAMPURA,Match
33,Prashant Vihar F-Block,PRASHANT VIHAR,Slightly match
34,Haidarpur Water Works,HAIDERPUR WATER WORKS,Match
35,Badli Crossing,BADLI CROSSING,Match
36,GTK Bypass / Mukraba Chowk,GTK BY PASS,Not matched
37,Sanjay Gandhi Transport Nagar,SANJAY GANDHI TRANSPORT,Match
38,Libas Pur GT Road,LIBAS PUR GT ROAD,Match
39,Swaroop Nagar GT Road,SWAROOP NAGAR,Slightly match
40,Gurudwara Siraspur GT Road,GURUDWARA HARGOBIND,Not matched
41,Nangli Puna,NANGLI PUNA,Match
42,Jain Mandir,JAIN MANDIR,Match
43,Budhpur GT Road,BUDHPUR,Slightly match
44,Bdo Office,ALIPUR BLOCK-BDO OFFICE,Slightly match
45,Alipur Village GT Road,ALI PUR GT ROAD,Not matched
46,Alipur Cpwd Office,ALIPUR CPWD OFFICE,Match
47,Durga Mandir A,DURGA  MANDIR ALIPUR,Slightly match
48,Ali Pur Garhi,ALIPUR GARHI,Match
49,Holambi Khurd Crossing,HOLAMBI KHURD XING,Slightly match
50,Minda Farm,MINDA FARM,Match
51,Holambi Kalan Crossing,HOLAMBI KHURD,Slightly match
52,Holambi Kalan Terminal,HOLAMBI KALAN,Slightly match
53,Holambi Kalan JJ Colony,HOLAMBI KALAN JJ CLY,Match
