,OLD_STOPS,NEW_STOPS,OUTPUT
1,ISBT Kashmere Gate Terminal,ISBT Kashmere Gate,Slightly match
2,ISBT Nityanand Marg,ISBT Nityanand Marg,Match
3,Ludlow Castle,Ludlow Castle,Match
4,Exchange Store / Civil Lines Metro Station,Civil Line Metro Station,Slightly match
5,IP College (GT Road),I P College,Slightly match
6,Old Secretariat (Postal Account Office),Old Secretriate,Slightly match
7,Vidhan Sabha Metro Station,Vidhan sabha metro station,Match
8,Khyber Pass,Khyber Pass,Match
9,Mall Road,Mall Road Ring Road,Slightly match
10,Vishwa Vidyalaya Metro Station,Vishva vidyalaya metro station,Match
11,INS Hostel,INS Hostel,Match
12,GTB Nagar,G.T.B Nagar,Match
13,New Police Lines,New Police Line,Match
14,Model Town II,Alpana Cinema,Match at 15 in new_data list
15,Model Town II,Model Town-II,Match
16,Model Town III,Model Town-III,Match
17,Azadpur Terminal,Azadpur Terminal,Match
18,Sabji Mandi Azadpur,Azad Pur Nai Subzi Mandi,Not matched
19,Adarsh Nagar / Bharola Village,Adarsh Nagar,Slightly match
20,Sarai Peepal Thala,Sarai Peepal Thala,Match
21,Jahangirpuri GT Road,Jahangir Puri Metro Station,Not matched
22,Jahangir Puri Metro Station,Jahangir Puri Crossing,Match at 21 in new_data list
23,GTK Depot,G.T.K Depot,Match
24,G.T.K BY PASS,G.T.K By Pass,Match
25,Badli Crossing,Badli Crossing,Match
26,Haidarpur Water Works,Haider Pur Water Works,Match
27,Prashant Vihar F-Block,Prashant Vihar,Slightly match
28,Uttri Pitam Pura,Uttri Pitam Pura,Match
29,Pitampura RU Block,RU Block Pitam Pura,Match
30,Pitampura Power House,Power House Pittam Pura,Slightly match
31,Madhuban Chowk Outer Ring Road,Madhuvan Chowk,Slightly match
32,SaraswatiVihar C Block,Saraswati Vihar C-Block,Match
33,Kali Mata Mandir,Kali Mata Mandir,Match
34,Puspanjali Enclave,Pushpanjali Enclave,Match
35,Rohini Depot - 3,Rohini Depot-3,Match
36,Mangolpur School,Mangol Puri Police Line,Match at 37 in new_data list
37,Mangol Pur School (Outer Ring Road),Mangol Pur School,Slightly match
38,West Enclave,West Enclave,Match
39,Mangol Puri B Block / Vidya Vihar,B-Block Mangol Puri Ring Road,Not matched
40,Peera Garhi Chowk,Peera Garhi ,Slightly match
41,Peera Garhi Chowk,Peera Garhi Depot,Not matched
42,P.Vihar Power Houe,Paschim Vihar Power House,Slightly match
43,Sundar Apartments,Sunder Apartment,Match
44,Sunder Vihar,Sunder Vihar ,Match
45,Meera Bagh,Meera Bagh Apartment,Slightly match
46,Meera Bagh Apartment,Meera Bagh,Slightly match
47,Keshopur Depot,Kesho Pur Depot,Match
48,Major Bhupinder Singh Nagar,Major Bhupinder Singh Nagar,Match
49,G Block Vikas Puri,J H Block Vikas Puri,Slightly match
50,H-3 Vikas Puri,G Block Vikas Puri,Not matched
51,Gurudwara Vikaspuri,Gurudwara Vikas Puri/ Sonia Cinema,Slightly match
52,Oxford School,Oxford School,Match
53,Budhela Village,Budhela Village ,Match
54,C Block Vikas Puri,C-Block Vikas Puri,Match
55,Vikas Puri A Block,C-D Block Vikas Puri,Slightly match
56,C-Block Vikas Puri,Police Station Vikas Puri ,Match at 54 in new_data list
57,Vikas Puri A Block,Vikas Puri A,Slightly match
58,Vikaspuri Crossing (Shivaji Marg),Vikas Puri Crossing,Slightly match
59,Uttam Nagar Terminal,Uttam Nagar Terminal,Match
