,OLD_STOPS,NEW_STOPS,OUTPUT
1,Ghuman Hera Village,GHUMMAN HEERA VILLAGE,Match
2,Dewta Wala mandir,DEVTA WALA MANDIR,Match
3,Hasanpur Village,HASANPUR,Slightly match
4,Kharkhari Rodh,KHARKHARI RODH,Match
5,Pandwala Crossing,PANDWALAN CROSSING,Match
6,KharKhari Jatmal / Surhera Crossing,KHARI KHARI JATMAL,Slightly match
7,Khera Dabar Crossing,KHERA DABAR CROSSING,Match
8,KharKhari Nahar / Khera Dabur,KHARKHARI NAHAR,Slightly match
9,khera Village,KHAIRA VILLAGE,Slightly match
10,Krishna Nagar / Gopal Nagar,Gopal Nagar Extn/Toto Farm/ Krishna Nagar,Slightly match
11,Ghuman Hera Xing,GHUMAN HERA X-ING,Match
12,Nazafgarh Dhansa More,DHANSA STAND NAJAFGARH,Not matched
13,Jharoda Crossing,Jharoda Crossing ,Match
14,Nazafgarh Health Centre,Health Center,Slightly match
15,NajafGarh Delhi Gate,Najafgarh Delhi Gate,Match
16,Tuda Mandi,Tuda Mandi,Match
17,Power House NajafGarh,Power House NajafGarh,Match
18,Sai Baba Mandir (Nazafgarh),Sai Baba Mandir (Nazafgarh),Match
19,Nangli Sakrawati,Nangli Sakrawati,Match
20,Nangli Sakrawati Crossing,Nangli Sakrawati Crossing,Match
21,Arjun Park,Arjun Park,Match
22,Nangli Dairy,Nangli Dairy,Match
23,Kakrola Bridge,Kakrola Bridge,Match
24,Kakrola More,KAKROLA CROSSING (NAJFGARGH ROAD),Not matched
25,Sewak Park,DWARKA MORE METRO STATION,Not matched
26,Rama Park,RAMA PARK,Match
27,Mohan Garden,MOHAN GARDEN,Match
28,Nawada Gaon,NAVADA VILLAGE,Not matched
29,Kiran Garden,KIRAN GARDEN,Match
30,Om Vihar,OM VIHAR,Match
31,Prem Nagar,PREM NAGAR,Match
32,Uttam Nagar,UTTAM NAGAR MINI STAND,Slightly match
33,Uttam Nagar,UTTAM NAGAR TERMINAL,Slightly match
34,Vikas Puri Crossing,VIKAS PURI X-ING,Not matched
35,Dholi Piao,DHOLI PIAO,Match
36,District Centre Najafgarh Road,DISTRICT CENTER,Slightly match
37,Janakpuri East Metro Station/ Nangli Zalib,NANGLI JALIB,Not matched
38,Ganesh Nagar,GANESH NAGAR,Match
39,Tilak Nagar Crossing (Najafgarh Road),TILAK NAGAR XING,Not matched
40,Tilak Nagar Terminal,TILAK NAGAR,Slightly match
