,OLD_STOPS,NEW_STOPS,OUTPUT
1,Rohini Sec-15,Rohini Sec - 27 Temple,Slightly match
2,Rohini Sector -28,Rohini Sector -28,Match
3,Maha Dev Chowk,Maha Dev Chowk,Match
4,Shahbad Dairy Block A,Shahbad Dairy,Slightly match
5,Shahbad Dairy A Block,A-Block Shahbad Dairy,Match
6,Sahabad Daulatpur Village,Sahabad Daulatpur Village,Match
7,Delhi Engg College Shahbad,Engineering College,Not matched
8,Rohini Sec-16 Xing,Rohini Sec-17 Xing,Match
9,District Park Sec-16 Rohini,Rohini Sec-16,Slightly match
10,Rohini SFS Flats,Rohini SFS Flats,Match
11,Rohini Sec 18,Rohini Sec 11 H Block,Slightly match
12,Rohini Sec 18,Rohini Sec- 11 F-Block,Slightly match
13,Rohini sec- 11 Pocket- A,Rohini sec- 11 Pocket- A,Match
14,Rithala Metro Station,Rithala Metro Station,Match
15,Rajeev Gandhi Cancer Hospital,Rajiv Gandhi Cancer Hospital,Match
16,Rohini Depot 1 Sec 6,Rohini Sec -6,Slightly match
17,Rohini West Metro Station,Rohini West Metro Station.,Match
18,Rohini Sec-9,Rohini Sec -9,Match
19,Rohini Sec 7 8 Xing,Rohini Sector- 7/8 Xing,Slightly match
20,Madhuban Chowk (Outer Ring Road),Madhuban Chowk ,Slightly match
21,DDA Flats Hari Nagar,Power House,Not matched
22,Pitampura CD Block (Aggrasen model School),CD Block Pitam Pura,Slightly match
23,Pittampura AP-Block,AP Block PitamPura,Match
24,Pitam Pura KD Block,KD Block PitamPura,Match
25,DAV School,DAV Public School,Slightly match
26,Pitam Pura KD Block,ND- Block Pitam Pura,Slightly match
27,TV Tower (Power House),DDA Office TV Tower,Not matched
28,Guru Govind Singh College,Guru Govind Singh College,Match
29,Wazirpur Depot,Wazirpur Depot,Match
30,Telephone Exchange,Telephone Exchange,Match
31,Britannia,Britania,Match
32,Shakurpur Shiv Mandir,Shakur Pur Shiv Mandir,Match
33,Punjabi Bagh Terminal,Punjabi Bagh,Slightly match
34,Punjabi Bagh Club,Punjabi Bagh Club,Match
35,ESI Hospital,ESI Hospital,Match
36,Rajdhani College / Raja Garden,Rajdhani College,Slightly match
37,Rajouri Garden Market,Rajouri Garden Ring Road,Not matched
38,Mayapuri Depot,Maya Puri Depot,Match
39,Government Press,Govt. Press,Not matched
40,Metal Forging,Metal Forging,Match
41,BE Block Hari Nagar/ESI Dispensary,BE Block Hari Nagar,Slightly match
42,PS Mayapuri,PS Maya Puri,Match
43,Bobby Soap,Bobby Shop,Slightly match
44,Gulab House,Gulab House,Match
45,Zunk Market,Zink Market,Match
46,DESU Office,DESU Office,Match
47,Naraini Mandir,Naraini Mandir,Match
48,Hari Nagar Shaheed Pawan Sahni Chowk,Hari Nagar Shaheed Pawan Sahni Chowk,Match
