,OLD_STOPS,NEW_STOPS,OUTPUT
1,Jai Mata Market Tri Nagar Terminal,TRI NAGER JAI MATA MKT,Slightly match
2,A-1 Keshav Puram,A-01 KESHAV PURAM,Match
3,C-2 Keshav Puram,C-02 KESHAV PURAM,Match
4,C-4 Keshav Puram,C-04 KESHAV PURAM,Match
5,C-8 Keshav Puram,C-08 KESHAV PURAM,Match
6,B-4 Keshav Puram,B-04 KESHAV PURAM,Match
7,B-3 Keshav Puram,B-03 KESHAV PURAM,Match
8,Kanhaiya Nagar,KANHIYA NAGEER,Slightly match
9,Inderlok,WAZIR PUR JJ COLONY,Not matched
10,Shastri Nagar Shiv Mandir,INDER LOCK METRO ST.,Not matched
11,Shastri Nagar E Block,SHASTRI NAGER METRO ST.,Not matched
12,Shastri Nagar Metro Station,SHASTI NAGER SHIV MANDIR,Not matched
13,Ashok Vihar Crossing,SHASTRI NAGER E BLOCK,Not matched
14,Shastri Nagar A Block,SHASTRI NAGER A BLOCK,Match
15,Gulabi Bagh,GULABI BAGH XING,Match
16,Chowki No 2 / Gulabi Bagh Crossing,CHOUKI NO 02,Not matched
17,Shakti Nagar Nangia Park,NAGIA PARK SHKTI NAGER,Slightly match
18,Birla Mills,BIRLA MILL,Match
19,Clock Tower,CLOCK TOWER,Match
20,Roshnara Bagh,ROHANARA BAGH,Match
21,Roshnara Road,ROHANARA ROAD,Match
22,Ice Factory,ICE FACTORY,Match
23,St Stephen Hospital,ST. STEPHEN HOSP.,Slightly match
24,Tees Hazari Court,TIS HAZARI COURT,Match
25,ISBT Nityanand Marg,ISBT NITYANAND MARG,Match
