,OLD_STOPS,NEW_STOPS,OUTPUT
1,okhla gaon,Okhla Gaon,Match
2,Batla House (Temporary),Batla House,Slightly match
3,Ansari Health Care,Ansari Stadium,Not matched
4,Jamiya Millia College,Jamia  Milia College,Match
5,Holy Family Hospital,Holy Family Hospital,Match
6,Bharat Nagar Crossing,Bharat Nagar Crossing,Match
7,Bharat Nagar,Bharat Nagar,Match
8,Taimur Nagar,Taimoor Nagar,Slightly match
9,Maharani Bagh (Ashram),Maharani Bagh,Slightly match
10,Ashram Chowk,Ashram,Slightly match
11,Bhogal (Jungpura),Bhogal,Slightly match
12,Nizamuddin Extension,Hazrat Nizamuddin Extn,Not matched
13,Police Station Nizamuddin (Dargah),P S Nizamuddin,Slightly match
14,Golf Club / Sunder Nagar,Golf Club,Slightly match
15,Kaka Nagar,Kaka Nagar,Match
16,Zoo,Zoo,Match
17,High Court,High Court,Match
18,Art Gallery,National Art Gailery,Slightly match
19,Baroda House,Baroda House,Match
20,Bhartiya Vidya Bhawan,Bhartiya Vidhya Bhawan,Match
21,Max Muller Bhawan,Max Muller Bhawan,Match
22,Scindia House,Scindia House,Match
23,Marina,Marina Hotel,Slightly match
24,New Delhi Railway Station Gate 1,New Delhi Railway Station Gate-1,Match
25,PAHARGANJ DISPENSARY,Paharganj Dispensary,Match
26,P.S. Pahar Gunj,P.S. Pahar Gunj,Match
27,Jhandewalan,Jhandewalan,Match
28,Karol Bagh Terminal,Karol Bagh Terminal,Match
29,Faiz Road,Faiz Road,Match
30,Pusa Road Petrol Pump Sadhu Vaswani Marg,Sadhu Vasvani Marg ,Slightly match
31,Karol Bagh Metro Station,Karol Bagh Metro Station,Match
32,Telephone Exchange Karol Bagh,Telephone Exchange,Slightly match
33,RAJENDER PLACE METRO STATION,Rajindera Place Metro Station,Match
34,West Patel Nagar,East Patel Nagar,Slightly match
35,South Patel Nagar (Metro Station),South Patel Nagar,Slightly match
36,West Patel Nagar,West Patel Nagar,Match
37,Shadipur DTC Colony Metro Station,Shadipur Metro Station,Slightly match
38,Shadipur Depot,Shadi Pur Depot,Match
39,Moti Nagar Industrial Area,Moti Nagar Industrial Area,Match
40,KARAMPURA TERMINAL,Karam Pura Terminal,Match
