,OLD_STOPS,NEW_STOPS,OUTPUT
1,noida phase 2 phool mandi,Noida Ph 2 Phool Mandi,Match
2,Noida Ph 2 Phool Mandi,Noida Ph 2 ,Slightly match
3,nangla charan dass village,Nangla Village,Slightly match
4,Hosiery Complex petrol Pump,Hosiery Complex petrol Pump,Match
5,nepz gate no-2,Nepz Gate No 2,Match
6,noida sect-82 more,Noida Sec 82 More,Match
7,Bhangel Village,Bhangel Village,Match
8,SALARPUR VILLAGE,SALARPUR VILLAGE,Match
9,mehrishi ashram,Mehrishi Ashram Salarpur,Slightly match
10,Sarin Farm,Sarin Farm,Match
11,hindon vihar more,Hindon Vihar Xing,Not matched
12,baroula village,Baroula Village,Match
13,Bhangel Village,AGHAPUR VILLAGE,Match at 7 in new_data list
14,"Noida Sec 12,22 t-Point",Noida Sec 40,Slightly match
15,Sadarpur More,Sadarpur More,Match
16,Noida Sec 40,Noida Sec 43 P.C. Sadarpur,Slightly match
17,Chhalera village,Chhalera Village,Match
18,Noida Sector 37,Noida Sector 37,Match
19,Amity  International School,Amity International School,Match
20,MahaMaya Flyover West,Mahamaya Flyover West,Match
21,Pusta No.-9,Pusta Thokar no 9,Slightly match
22,Check Post,Yamuna Bridge East Check Post,Slightly match
23,Kalindi Kunj,Kalindi Kunj Bdr,Match
24,Shaheen Bagh,Sahin Bagh,Slightly match
25,Jasola Vihar,Jasola Vihar,Match
26,Sarita Vihar K Block,K Block Sarita Vihar,Match
27,Sarita Vihar Xing,Sarita Vihar Xing,Match
28,Sarita Vihar Under Pass,Sarita Vihar Under Pass,Match
29,DESU Office (BSES),DESU Office (BSES),Match
30,Okhla Phase II,Okhla Phase II,Match
31,Crown Plaza,Crown Plaza,Match
32,C-Lal Chowk,C Lal Chowk,Match
33,Kalkaji Depot,Kalkaji Depot,Match
34,Punj Sons,Punj Sons,Match
35,Kalkaji Mandir (MaaAnandmayeeMarg),Kalkaji Mandir,Slightly match
36,Nehru Place,Nehru Place Terminal,Slightly match
