,OLD_STOPS,NEW_STOPS,OUTPUT
1,Gole Market Sec-4,Kamla Market,Not matched
2,JLN Marg,Jawahar Lal Nehru Marg,Not matched
3,Zakir Husain College,Zakir Hussain College,Match
4,Turkman Gate / G B Pant Hosipatal,Turkman Gate,Slightly match
5,Delite Cinema,Delight Cinema,Slightly match
6,Delhi Gate,Delhi Gate,Match
7,Golcha Cinema,Golcha Cinema,Match
8,Darya Ganj,Darya Ganj,Match
9,Subhash Park,Subhash Park,Match
10,Jama Masjid,Jama Masjid,Match
11,Red Fort,Red Fort,Match
12,GPO,G P O Kasmiri Gate,Not matched
13,Guru Govind Singh University (Kashmere Gate),GGS IP University,Slightly match
14,ISBT Kashmere Gate,ISBT Kashmere Gate,Match
15,ISBT Nityanand Marg,ISBT Nityanand Marg,Match
16,Ludlow Castle,Ludlow Castle School,Slightly match
17,Exchange Store / Civil Lines Metro Station,Civil Line Metro Station,Slightly match
18,IP College (GT Road),I P College,Slightly match
19,Old Secretariat (Postal Account Office),Old Secretriate,Slightly match
20,Vidhan Sabha Metro Station,Vidhan sabha metro station,Match
21,Khyber Pass,Khyber Pass,Match
22,Mall Road,Mall Road Ring Road,Slightly match
23,Vishwa Vidyalaya Metro Station,Vishva vidyalaya metro station,Match
24,INS Hostel,INS Hostel,Match
25,GTB Nagar,G.T.B Nagar,Match
26,New Police Lines,New Police Line,Match
27,Model Town II,Alpana Cinema,Match at 28 in new_data list
28,Model Town II,Model Town II,Match
29,Model Town III,Model Town III,Match
30,Azadpur Metro station,Azadpur Terminal,Not matched
31,Shalimar Bagh (Ring Road),Shalimar Bagh Xing,Slightly match
32,Ashok Vihar Xing,Ashok Vihar Crossing,Slightly match
33,Shalimar Bagh Richi Rich,Richi Rich Shalimar Bagh,Match
34,Prem Bari Pul,Prem Bari Pull,Match
35,Punjab Kesari (Subhash Palace Depot),Subhash Place Depot Punjab Kesri,Match
36,Wazirpur DTC Depot / Netaji Subhash Palace,Wazirpur Depot,Slightly match
37,Pitampura ND Block,Pitam Pura ND Block,Match
38,Kohat Enclave Metro Station,Kohat Enclave,Slightly match
39,VaishaliEnclave / Kapil Vihar,Vashali Enclave,Slightly match
40,JD Block Pitam Pura,JD Blk Pitam Pura,Match
41,Madhuban Chowk Outer Ring Road,Madhuvan Chowk,Slightly match
42,SaraswatiVihar C Block,Saraswati Vihar C Block,Match
43,Kali Mata Mandir,Kali Mata Mandir,Match
44,Puspanjali Enclave,Pushpanjali Enclave,Match
45,Rohini Depot - 3,Rohini Depot 3,Match
46,Mangolpur School,Mangol Puri Police Line,Match at 47 in new_data list
47,Mangol Pur School (Kanjhawla Road),Mangol Pur School,Slightly match
48,Mangol Pur Khurd,Mangol Pur Kalan,Match at 50 in new_data list
49,Avantika Xing,Avantika Xing,Match
50,Mangol Pur Khurd,Mangolpur khurd,Match
51,Mangol Puri D Block,Y Block Mangol Puri,Slightly match
