,OLD_STOPS,NEW_STOPS,OUTPUT
1,Karampura Terminal,Karampura Terminal,Match
2,Moti Nagar Industrial Area,Moti Nagar,Slightly match
3,Moti Nagar Market,Moti Nagar Market,Match
4,Kirti Nagar,Kirti Nagar,Match
5,Basai Darapur / Ramesh Nagar,Ramesh Nagar,Slightly match
6,Bali Nagar,Bali Nagar,Match
7,Raja Garden,Raja Garden,Match
8,Rajdhani College / Raja Garden,Rajdhani College (Raja Garden),Match
9,ESI Hospital,ESI Hospital,Match
10,Punjabi Bagh Club,Punjabi Bagh Club,Match
11,Punjabi Bagh Terminal (Rohtak Road),Punjabi Bagh,Slightly match
12,Agarsen Hospital,Maharaja Aggrasen Hospital,Slightly match
13,Bakhtawar Pur School,Shivaji Park,Not matched
14,SPM College,SPM College,Match
15,Madipur Village,Madipur Village,Match
16,Madipur JJ Colony Metro Station,Madipur JJ Colony,Slightly match
17,Ordinance Depot,Ordinance Depot,Match
18,Shiva Enclave/ New Multan Nagar,New Multan Nagar,Slightly match
19,Multan Nagar,Multan Nagar,Match
20,Paschim Vihar Super Bazar (West Metro Station),Paschim Vihar Super Bazar,Slightly match
21,Peera Garhi Depot,Peera Garhi,Slightly match
22,B-Block Mangolpuri,B Block Mangol Puri,Match
23,Q-Block Mangolpuri,Mangol Puri Q Block,Match
24,T Block Mangol Puri,Mangol Puri R Block,Slightly match
25,Mangol Puri S Block,Mangol Puri S Block,Match
26,Sultan Puri AB Block Extension,Sultan Pur Xing,Not matched
27,Jalebi Chowk Sultan Puri AB Block,Jalebi Chowk,Slightly match
28,Sultanpuri Machhi Market,Sultanpuri Machhi Market,Match
29,Jalebi Chowk Sultan Puri AB Block,B Block Sultan Puri,Slightly match
30,Sultanpuri C Block,C Block Sultan Puri,Not matched
31,Sultanpuri Terminal,Sultan Puri Terminal,Match
