,OLD_STOPS,NEW_STOPS,OUTPUT
1,nihal vihar t point,Nihal Vihar T Point,Match
2,delhi state co oprative bank,Delhi State Co Oprative Bank,Match
3,Rohini Sec 18,Old Police Chowki,Not matched
4,rajendra public school,Rajendra Public School,Match
5,b block nihal vihar,B Block Nihal Vihar,Match
6,nihal vihar crossing,Nihal Vihar Crossing,Match
7,Gh12 P Vihar,GH 12 Pachim Vihar ,Slightly match
8,Ram Mandir P V,Ram Mandir Paschim Vihar,Slightly match
9,GH-12 Paschim vihar,Pachim Vihar GH 13/14,Slightly match
10,Guru Hari Kishan Nagar,Guru Hari Kishan Nagar,Match
11,Pachim Vihar GH-13/14,Paschim vihar Power House,Match at 9 in new_data list
12,Paschim Vihar- Water Tank,Paschim Vihar Water Tank,Match
13,Paschim Vihar Pocket BG1,Paschim Vihar A 3,Slightly match
14,Paschim Puri Road No 29,Road No 29/30 Xing,Not matched
15,Mother Dairy P Puri,Mother Dairy Paschim Puri,Slightly match
16,Punjabi Bagh Extension,Punjabi Bagh Ext,Slightly match
17,Punjabi Bagh Club,Punjabi Bagh Market,Not matched
18,Syndicate Bank,Sindicate Bank,Match
19,West Enclave,West Enclave Road Crossing,Slightly match
20,Punjabi Bagh Market,Punjabi Bagh Mini Market,Match
21,Punjabi Bagh Terminal,Punjabi Bagh,Slightly match
22,New Moti Bagh B Block,New Moti nagar B Block,Slightly match
23,Karampura Terminal,Karampura Terminal,Match
24,Moti Nagar Industrial Area,Moti Nagar Industrial Area,Match
25,Shadipur Depot,Shadi Pur Depot,Match
26,Shadipur Metro Station,DTC Colony Shadi Pur,Not matched
27,West Patel Nagar,West Patel Nagar,Match
28,South Patel Nagar (Metro Station),South Patel Nagar,Slightly match
29,East Patel Nagar,East Patel Nagar,Match
30,Shankar Road,Shankar Road,Match
31,New Rajender Nagar,New Rajinder Nagar,Match
32,Upper Ridge Road,Ridge Road,Slightly match
33,Talkatora Stadium,Talkatora Stadium,Match
34,Dr. RML Hospital,RML Hospital,Match
35,Talkatora Road,Talkatora Road,Match
36,Kendriya Terminal / Gurudwara Rakab Gunj,Gurudwara Rakab Gunj,Slightly match
37,Kendriya Terminal (Church Road),Kendriya Terminal,Slightly match
38,NDPO,NDPO,Match
39,Bala Sahib Gurudwara,Gurudwara Bangla Sahib,Slightly match
40,Hanuman Mandir / Shivaji Stadium,Hanuman Mandir,Slightly match
41,Shivaji Park,Shivaji Park,Match
42,Vivekanand Marg / Minto Road,Vivekanand Marg,Slightly match
43,PS Kamla Market,Kamla Market,Match
44,New Delhi Railway Station Gate 2,New Delhi Railway Station Gate No.2,Match
