,OLD_STOPS,NEW_STOPS,OUTPUT
1,New Delhi Railway Station Gate 2,New Delhi Railway Station Gate No.2,Match
2,Shivaji Park,Shivaji Park,Match
3,Super Bazar,Super Bazar Con Place,Slightly match
4,Shivaji Stadium Terminal,Shivaji Stadium,Slightly match
5,Shaheed Bhagat Singh Marg,Shahid Bhagat Singh Marg.,Match
6,Gole Market,Gole Market (Bhai Veer Singh Marg),Slightly match
7,Gole Market,Gole Market (St. Columbas School),Slightly match
8,NDPO,NDPO,Match
9,Kendriya Terminal (Pt. Pant Marg),Kendriya Terminal,Slightly match
10,Gurudwara Rakab Ganj,Gurudwara Rakab Gunj,Match
11,Talkatora Road,Talkatora Road,Match
12,RML Hospital,RML Hospital,Match
13,Talkatora Stadium,Talkatora Stadium,Match
14,Upper Ridge Road,Ridge Road,Slightly match
15,New Rajinder Nagar Post Office,New Rajinder Nagar,Slightly match
16,Shankar Road,Shankar Road,Match
17,West Patel Nagar,East Patel Nagar,Slightly match
18,South Patel Nagar (Metro Station),South Patel Nagar,Slightly match
19,West Patel Nagar,West Patel Nagar,Match
20,Shadipur DTC Colony Metro Station,DTC Colony Shadi Pur,Slightly match
21,Shadipur Depot,Shadi Pur Depot,Match
22,Moti Nagar Industrial Area,Moti Nagar Industrial Area,Match
23,Karampura Terminal,Karampura Terminal,Match
24,B Block New Moti Nagar,New Moti nagar B Block,Match
25,Punjabi Bagh Terminal,Punjabi Bagh,Slightly match
26,Punjabi Bagh Market,Punjabi Bagh Mini Market,Match
27,West Enclave,West Enclave Road Crossing,Slightly match
28,Syndicate Bank,Sindicate Bank,Match
29,Punjabi Bagh Club,Punjabi Bagh Market,Not matched
30,Punjabi Bagh Extension,Punjabi Bagh Ext,Slightly match
31,Paschim Puri,Mother Dairy Paschim Puri,Slightly match
32,Road No 29/30 Xing,Road No 29/30 Xing,Match
33,Paschim Vihar Pocket BG1,Paschim Vihar A 3,Slightly match
34,Paschim Vihar- Water Tank,Paschim Vihar Water Tank,Match
35,Paschim Vihar A3,Paschim vihar Power House,Slightly match
36,Guru Hari Kishan Nagar,Guru Hari Kishan Nagar,Match
37,Pachim Vihar GH-13/14,Pachim Vihar GH 13/14,Match
38,Paschim Vihar A3,Ram Mandir Paschim Vihar,Slightly match
39,GH-12 Paschim vihar,GH 12 Pachim Vihar ,Match
40,Nihal Vihar Xing,Nihal Vihar Crossing,Slightly match
41,b block nihal vihar,B Block Nihal Vihar,Match
42,rajendra public school,Rajendra Public School,Match
43,old police chowki,Old Police Chowki,Match
44,delhi state co oprative bank,Delhi State Co Oprative Bank,Match
45,nihal vihar t point,Nihal Vihar T Point,Match
