,OLD_STOPS,NEW_STOPS,OUTPUT
1,Sayed Nangloi,Sayed Nangloi,Match
2,Nihal Vihar X,Nihal Vihar Xing,Slightly match
3,Gh12 P Vihar,GH 12 Pachim Vihar,Slightly match
4,Ram Mandir P V,Ram Mandir Paschim Vihar,Slightly match
5,Paschim V Gh13,Paschim Vihar GH 13/14,Slightly match
6,Guru Hari K N,Guru Hari Kishan Nagar,Slightly match
7,P.Vihar Power Houe,Paschim vihar Power House,Slightly match
8,Paschim V W T,Paschim Vihar Water Tank,Slightly match
9,Paschim V A-3,Paschim Vihar A 3,Slightly match
10,Paschim Puri Road No 29,Road No 29/30 Xing,Not matched
11,Mother Dairy P Puri,Mother Dairy Paschim Puri,Slightly match
12,Punjabi Bagh Extension,Punjabi Bagh Ext,Slightly match
13,Punjabi Bagh Club,Punjabi Bagh Market,Not matched
14,Syndicate Bank,Sindicate Bank,Match
15,West Enclave,West Enclave Road Crossing,Slightly match
16,Punjabi Bagh Market,Punjabi Bagh Mini Market,Match
17,Punjabi Bagh Terminal,Punjabi Bagh,Slightly match
18,New Moti Bagh B Block,New Moti nagar B Block,Slightly match
19,Karampura Terminal,Karam Pura,Slightly match
20,Moti Nagar Industrial Area,Moti Nagar Industrial Area,Match
21,Shadipur Depot,Shadi Pur Depot,Match
22,Shadipur Metro Station,Shadi Pur Metro Station,Match
23,West Patel Nagar,West Patel Nagar,Match
24,South Patel Nagar (Metro Station),South Patel Nagar,Slightly match
25,East Patel Nagar,East Patel Nagar,Match
26,Shankar Road,Shankar Road,Match
27,New Rajender Nagar,New Rajinder Nagar,Match
28,Upper Ridge Road,Ridge Road,Slightly match
29,Talkatora Stadium,Talkatora Stadium,Match
30,Dr. RML Hospital,RML Hospital,Match
31,Talkatora Road,Talkatora Road,Match
32,Kendriya Terminal / Gurudwara Rakab Gunj,Gurudwara Rakab Gunj,Slightly match
33,Kendriya Terminal (Pt. Pant Marg),Kendriya Terminal,Slightly match
34,NDPO,NDPO,Match
35,Bala Sahib Gurudwara,Gurudwara Bangla Sahib,Slightly match
36,Hanuman Mandir / Shivaji Stadium,Hanuman Mandir,Slightly match
37,Shivaji Stadium Terminal,Shivaji Stadium,Slightly match
