,OLD_STOPS,NEW_STOPS,OUTPUT
1,Majra Dabas Village,MAJRA DABAS,Slightly match
2,Chand Pur Majra School,MAJRA DABAS SCHOOL,Not matched
3,Prem Piyau,PREM PIAO,Slightly match
4,CHAND PUR X-ING,CHAND PUR X,Match
5,Kanjhawala Chowk,KANJHAWALA ,Slightly match
6,Shivam Plywood,SHIVAM PLYWOOD,Match
7,Radha Swami Satsang / Rupali Enclave,RUPALI ENCLAVE -RS SATSANG,Slightly match
8,Shiv vihar/Bheem chowk,SHIV VIHAR BHEEM CHOWK,Match
9,Desu Office Karala,DESU OFFICE,Slightly match
10,Karala Crossing,KARALA,Slightly match
11,Mubarak Pur Crossing,KARALA CROSSING,Not matched
12,MADAN PUR DABAS,MADANPUR DABAS,Match
13,Mubarak Pur Crossing,MUBARAK PUR X-ING,Slightly match
14,Rani Khera School / Bhagya Vihar,RANI KHERA,Not matched
15,West Blk Frd Enc,WEST BLOCK FRIENDS ENCLAVE MUNDKA,Slightly match
16,Mundka Xing,MUNDKA CROSSING,Not matched
17,Mundka Village Xing,SWARAN PARK,Not matched
18,Swarn Park,RAJDHANI PARK,Not matched
19,Rajdhani Park,QUMRUDDIN NAGAR CROSSING,Match at 18 in new_data list
20,Qamruddin Nagar Terminal,NANGLOI JJ COLONY-2,Not matched
21,Nangloi Post Office,LOKESH CINEMA,Not matched
22,Nagloi Jj Colony 3,NANGLOI,Not matched
23,Nangloi Metro Station,SULTAN PURI CROSSING,Not matched
24,Sultan Puri Crossing,NANGLOI JJ COLONY 3,Match at 23 in new_data list
25,Nagloi Jj Colony 3,JWALA PURI,Not matched
26,Jwala Puri / Nangloi Depot,INDER ENCLAVE,Not matched
27,Inder Enclave,UDYOG NAGAR,Match at 26 in new_data list
28,Udyog Nagar,PEERAGARHI METRO STATION,Match at 27 in new_data list
29,Peera Garhi Metro Station,PEERA GARHI,Slightly match
30,Peera Garhi Chowk,NEW MULTAN NAGAR,Not matched
31,Paschim Vihar Super Bazar (West Metro Station),ORDINANCE DEPOT,Not matched
32,Multan Nagar,MADIPUR JJ COLONY,Not matched
33,Avtar Enclave,MADIPUR VILLAGE,Not matched
34,New Multan Nagar,SPM COLLEGE,Match at 30 in new_data list
35,Ordinance Depot,SHIVAJI PARK,Match at 31 in new_data list
36,Madipur JJ Colony Metro Station,MAHARAJA AGGRASEN HOSPITAL,Not matched
37,Madipur Village,PUNJABI BAGH TERMINAL,Match at 33 in new_data list
38,SPM College,KARAM Pura Terminal,Match at 34 in new_data list
39,Shivaji Park,,Match at 35 in new_data list
40,Agarsen Hospital,,Not matched
41,Punjabi Bagh East,,Not matched
42,Punjabi Bagh Club,,Not matched
43,Jaydev Park,,Not matched
44,Ram Pura,,Not matched
45,Ashok Park,,Not matched
46,Zakhira Flyover,,Not matched
47,Inderlok,,Not matched
48,inderlok metro station,,Not matched
