,OLD_STOPS,NEW_STOPS,OUTPUT
1,Madi Pur JJ Colony,Madipur JJ Colony,Match
2,Madipur Village,Madipur Village,Match
3,SPM College,SPM College,Match
4,Shivaji Park,Shivaji Park,Match
5,Agarsen Hospital,Maharaja Aggrasen Hospital,Slightly match
6,Punjabi Bagh East,Punjabi Bagh Terminal,Not matched
7,Punjabi Bagh Club,Power House (Punjabi Bagh),Not matched
8,Jaydev Park,Jai Dev Park,Slightly match
9,Ram Pura,Ram Pura,Match
10,Ashok Park,Ashoka Park,Match
11,Zakhira (Rohtak Road),Zakhira,Slightly match
12,Inderlok Metro Station,Inder Lok,Match at 13 in new_data list
13,Inderlok,Inder Lok Metro Station,Match at 12 in new_data list
14,Shastri Nagar Shiv Mandir,Shastri Nagar Shiv Mandir,Match
15,Shastri Nagar E Block,Shastri Nagar E Block,Match
16,Shastri Nagar Metro Station,Shastri Nagar metro station,Match
17,Sarai Rohilla Flyover,Sarai Rohella Flyover,Match
18,Sarai Rohilla Govt Qtrs,Sarai Rohella,Slightly match
19,Liberty Cinema,Liberty Cinema,Match
20,Dev Nagar / Khalsa College,Dev Nagar,Slightly match
21,Dev Nagar / Khalsa College,Khalsa College,Slightly match
22,Prahlad Market,Prehlad Market,Match
23,Thana DB Gupta Road,P.S. D.B. Gupta Road,Not matched
24,DB Gupta Market,DB Gupta Market,Match
25,Faiz Road,Faiz Road,Match
26,Karol Bagh Terminal,Karol Bagh Terminal,Match
27,Jhandewalan,Jhandewalan,Match
28,Paharganj Police Station,P.S. Pahar Gunj,Not matched
29,Dispensary Paharganj,Paharganj Dispensary,Match
30,Ajmeri Gate / Kamla Market,Ajmeri Gate,Slightly match
31,JLN Marg,Jawahar Lal Nehru Marg,Not matched
32,Zakir Husain College,Zakir Hussain College,Match
33,Turkman Gate / G B Pant Hosipatal,Turkman Gate,Slightly match
34,Delite Cinema,Delight Cinema,Slightly match
35,Delhi Gate (JLN Marg),Delhi Gate,Slightly match
36,Delhi Gate / Ambedkar Stadium Terminal,Ambedkar Stadium,Slightly match
