,OLD_STOPS,NEW_STOPS,OUTPUT
1,Rani Khera School / Bhagya Vihar,Rani Khera,Not matched
2,Mubarak Pur Crossing,Mubarak Pur Xing,Slightly match
3,MADAN PUR DABAS,Madan Pur Dabas,Match
4,Karala Crossing,Karala Xing,Not matched
5,Karala Village,Karala,Slightly match
6,Karala School,Karala School,Match
7,Rama Vihar,Rama Vihar,Match
8,Rajeev Nagar,Rajiv Nagar,Slightly match
9,Begumpur,Begam Pur,Slightly match
10,Aggarsain Hospital (Rohini Sec 22),Rohini Sector-21,Not matched
11,Rohini Sec 20/21 More,Rohini Sec-20/21 Xing,Slightly match
12,Pooth Kalan,Pooth Kalan,Match
13,Brahm shakti hospital,Braham Shakti Hospital,Match
14,Krishna Vihar,Krishna Vihar,Match
15,Buddh vihar,Budh Vihar,Match
16,Mangol Puri Y Block,Y-Blk. Mangol Puri,Slightly match
17,Mangol Pur Khurd,Mangolpur khurd,Match
18,Avantika Xing,Avantika Xing,Match
19,Mangol Pur Khurd,Mangol Pur Kalan,Match at 17 in new_data list
20,Mangolpur School,Mangol Pur School,Match
21,Mangolpur Kalan Village,Mangol Puri Police Line,Not matched
22,Rohini Depot III,Rohini Depot-3,Slightly match
23,Puspanjali Enclave,Pushpanjali Enclave,Match
24,Kali Mata Mandir,Kali Mata Mandir,Match
25,Saraswati Vihar C Block,Saraswati Vihar C-Block,Match
26,Madhuvan Chowk,Madhuvan Chowk,Match
27,Pitampura JD Block,JD Blk Pitam Pura,Slightly match
28,Vaishali Enclave / Kapil Vihar,Vashali Enclave,Slightly match
29,Kohat Enclave Metro Station,Kohat Enclave,Slightly match
30,Pitampura ND Block,Pitam Pura ND-Blk.,Match
31,Netaji Subhash Palace (Wazirpur Depot) Road No 41,Wazirpur Depot,Not matched
32,Wazirpur Depot / Subhash Place Depot,Subhash Place Depot ,Slightly match
33,Prem Bari Pull,Prem Bari Pull,Match
34,Shalimar Bagh,Richi Rich Shalimar Bagh,Slightly match
35,Ashok Vihar Xing,Ashok Vihar Crossing,Slightly match
36,Shalimar Bagh Richi Rich,Shalimar Bagh Xing,Not matched
37,Azadpur Terminal,Azadpur ,Slightly match
38,Model Town-III,Model Town-III,Match
39,Model Town II,Model Town-II,Match
40,Alpana Cinema (Model Town Mtr Stn),Alpana Cinema,Slightly match
41,New Police Line,New Police Line,Match
42,GTB Nagar,G.T.B Nagar,Match
43,INS Hostel,INS Hostel,Match
44,Vishwa Vidyalaya Metro Station,Vishva vidyalaya metro station,Match
45,Mall Road,Mall Road Ring Road,Slightly match
46,Khyber Pass,Khyber Pass,Match
47,Vidhan Sabha Metro Station,Vidhan sabha metro station,Match
48,Old Secretariat (Postal Account Office),Old Secretriate,Slightly match
49,IP College,I P College,Match
50,Exchange Store / Civil Lines Metro Station,Civil Line Metro Station,Slightly match
51,Ludlow Castle,Ludlow Castle School,Slightly match
52,ISBT Nityanand Marg,ISBT Nityanand Marg,Match
53,Mori Gate Terminal,Mori Gate ,Slightly match
54,Old Delhi Railway Station,Old Delhi Railway Station,Match
