,OLD_STOPS,NEW_STOPS,OUTPUT
1,Old Delhi Railway Station,OLD DELHI RAILWAY STATION,Match
2,Tees Hazari Court,TEES HAZARI ANIMAL HOSPITAL,Slightly match
3,Ice Factory,ICE FACTORY,Match
4,Azad Market,AZAD MARKET DCM,Match
5,Dcm Chowk,D C M CHOWK,Match
6,Bara Hindu Rao,BARA HINDU RAO,Match
7,Filmistan C,FILMISTAN,Match
8,Model Basti,MODEL BASTI,Match
9,Id Ghah,ID GHAH,Match
10,Guru Govind Singh Marg,GURU GOVIND SINGH MARG,Match
11,Tibiya College,TIBBIA COLLEGE,Match
12,Liberty Cinema,LIBERTY CINEMA,Match
13,Sarai Rohilla Govt Qtrs,STAFF QUARTERS,Not matched
14,Begumpur (Malviya Nagar),SARAI ROHILLA,Not matched
15,Anand Parvat Industrial Area,ANAND PARVAT INDUSTRIAL AREA,Match
16,Daya Basti Flyover,DAYA BASTI FLYOVER,Match
17,Zakhira Flyover,ZAKIRA FLYOVER,Match
18,Zakhira (Rohtak Road),ZAKHIRA,Slightly match
19,Ashok Park,ASHOKA PARK,Match
20,Ram Pura,RAM PURA,Match
21,Jai Dev Park,JAI DEV PARK,Match
22,Punjabi Bagh Power House,POWER HOUSE (PUNJABI BAGH),Match
23,Punjabi Bagh Terminal (Rohtak Road),PUNJABI BAGH TERMINAL,Slightly match
24,Agarsen Hospital,MAHARAJA AGGRASEN HOSPITAL,Slightly match
25,Bakhtawar Pur School,SHIVAJI PARK,Not matched
26,SPM College,SPM COLLEGE,Match
27,Madipur Village,MADIPUR VILLAGE,Match
28,Madipur JJ Colony Metro Station,MADIPUR JJ COLONY,Slightly match
29,Ordinance Depot,ORDINANCE DEPOT,Match
30,Shiva Enclave/ New Multan Nagar,NEW MULTAN NAGAR,Slightly match
31,Avtar Enclave,AVTAR ENCLAVE,Match
32,Multan Nagar,MULTAN NAGAR,Match
33,Peera Garhi Depot,PEERAGARHI,Not matched
34,Peera Garhi Metro Station,PEERAGARHI METRO STATION,Match
35,Udyog Nagar,UDHYOG NAGAR,Match
36,Inder Enclave,INDER ENCLAVE,Match
37,Jwala Puri / Nangloi Depot,JWALA PURI,Slightly match
38,Nagloi Jj Colony 3,NANGLOI JJ COLONY 3,Match
39,Sultanpur Xing,SULTANPURI XING,Match
40,Nangloi Metro Station,NANGLOI,Not matched
41,KAMARUDDIN NAGAR,KAMARUDDIN NAGAR,Match
42,ShivRam Park,SHIV RAM PARK,Match
43,NILOTHI CROSSING,NILOTHI,Slightly match
44,NILOTHI CROSSING,NILOTHI CROSSING,Match
45,RANHOLA,RANHOLA,Match
46,TILANG PUR KOTLA,TILANG PUR KOTLA,Match
47,Satya Vihar / Chanchal Park,SATYAM VIHAR,Slightly match
48,BakkarWala Crossing,BAKKARWALA MORE,Not matched
49,Baprola Vidhyalaya,BAPROLA SCHOOL,Not matched
50,Baprola Village,BAPROLA,Slightly match
51,BUNNY CAMP,BUNNY CAMP,Match
52,Jai Vihar,JAI VIHAR,Match
53,Dk Depot,DK DEPOT,Match
54,NAJAFGARH NANGLOI STAND,NAJAFGARH NANGLOI STAND,Match
55,NAJAFGARH HEALTH CENTER,HEALTH CENTER NAJAFGARH,Match
56,Najafgarh Delhi Gate,NAJAF GARH DELHI GATE,Match
57,Nfg Chawala Stand,NAJAFGARH CHHAWALA STAND,Slightly match
58,Police Station Najafgarh,P.S. NAJAFGARH,Slightly match
59,Dhansa Stand Nfg,DHANSA STAND NAJAFGARH,Slightly match
60,Jharoda Crossing,JHARONDA XING,Not matched
61,Najafgarh Terminal,NAJAFGARH TERMINAL,Match
