,OLD_STOPS,NEW_STOPS,OUTPUT
1,Majra Dabas Village,MAJRA DABAS,Slightly match
2,Chand Pur Majra School,MAJRA DABAS SCHOOL,Not matched
3,Prem Piyau,PREM PIAO,Slightly match
4,CHAND PUR X-ING,CHAND PUR,Slightly match
5,Kanjhawala Chowk,KANJHAWALA CHOWK,Match
6,Kanjhawala Village,KANJHAWALA VILLAGE,Match
7,Kanjhawala Depot (Narela Road),KANJHAWALA DEPOT,Slightly match
8,Desu Sub Station,KANJHAWALA SCHOOL,Not matched
9,Kanjhawala Haryana Shakti C-School,SIR CHHOTU RAM POLYTECHNIC,Not matched
10,Sir Chhotu Ram Polytechnic,GHEVRA VILLAGE,Match at 9 in new_data list
11,Ghevra Village,GHEVRA FATAK,Match at 10 in new_data list
12,FCI Ghevra,GHEVRA CROSSING,Slightly match
13,Ghevra Crossing (Kanjhawala Road),HIRAN KUDNA MORE,Not matched
14,Hiran Kudna Crossing,MILE STONE FACTORY,Not matched
15,Mile Stone / Shiv Shankar Dharam Kanta,SHIV SHANKAR DHARAM KANTA,Slightly match
16,Mile Stone / Shiv Shankar Dharam Kanta,MUNDKA SCHOOL,Not matched
17,Mundka Industrial Area / Mundka School,MUNDKA VILLAGE,Not matched
18,Mundka Village (Metro Station),MUNDKA CROSSING,Not matched
19,Mundka Village Xing,SWARAN PARK,Not matched
20,Swarn Park,RAJDHANI PARK,Not matched
21,Rajdhani Park,QUMRUDDIN NAGAR CROSSING,Match at 20 in new_data list
22,Qamruddin Nagar,NANGLOI JJ COLONY 2,Not matched
23,Nangloi Post Office,LOKESH CINEMA,Not matched
24,Nagloi Jj Colony 3,NANGLOI,Not matched
25,Nangloi Metro Station,SULTAN PURI CROSSING,Not matched
26,Sultan Puri Crossing,NANGLOI JJ COLONY 3,Match at 25 in new_data list
27,Nagloi Jj Colony 3,JWALA PURI,Not matched
28,Jwala Puri / Nangloi Depot,INDER ENCLAVE,Not matched
29,Inder Enclave,UDYOG NAGAR,Match at 28 in new_data list
30,Udyog Nagar,PEERAGARHI METRO STATION,Match at 29 in new_data list
31,Peera Garhi Metro Station,PEERA GARHI,Slightly match
32,Peera Garhi Chowk,PASHCHIM VIHAR(SUPER BAZAR),Not matched
33,Paschim Vihar Super Bazar (West Metro Station),MULTAN NAGAR,Not matched
34,Multan Nagar,AVTAR ENCLAVE,Match at 33 in new_data list
35,Avtar Enclave,NEW MULTAN NAGAR,Match at 34 in new_data list
36,New Multan Nagar,ORDINANCE DEPOT,Match at 35 in new_data list
37,Ordinance Depot,MADIPUR JJ COLONY,Match at 36 in new_data list
38,Madipur JJ Colony Metro Station,MADIPUR VILLAGE,Not matched
39,Madipur Village,SPM COLLEGE,Match at 38 in new_data list
40,SPM College,SHIVAJI PARK,Match at 39 in new_data list
41,Shivaji Park,MAHARAJA AGGRASEN HOSPITAL,Match at 40 in new_data list
42,Agarsen Hospital,PUNJABI BAGH TERMINAL,Not matched
43,East Punjabi Bagh,POWER HOUSE (PUNJABI BAGH),Not matched
44,Punjabi Bagh Club,ASHOKA PARK,Not matched
45,Jaydev Park,ZAKHIRA,Not matched
46,Ram Pura,ZAKHIRA FLYOVER,Not matched
47,Ram Pura (Ashok Park),DAYA BASTI FLYOVER,Not matched
48,Zakhira (Rohtak Road),SARAI ROHELLA,Not matched
49,Zakhira Flyover,LIBERTY CIMENA,Match at 46 in new_data list
50,Daya Basti Flyover,TIBBIA COLLEGE,Match at 47 in new_data list
51,Anand Parbat Industrial Area,GURU GOVIND SINGH MARG,Not matched
52,Sarai Rohilla,FILMISTAN,Not matched
53,Sarai Rohilla Govt Qtrs,AZAD MARKET,Not matched
54,Liberty Cinema,ICE FACTORY,Not matched
55,Tibiya College,ST. STEPHEN'S HOSPITAL,Not matched
56,Guru Govind Singh Marg,TIS HAZARI COURT,Match at 51 in new_data list
57,Filmistan,ISBT NITYANAND MARG,Match at 52 in new_data list
58,Bara Hindu Rao,ISBT KASHMERE GATE,Not matched
59,D C M CHOWK,GGS IP UNIVERSITY,Not matched
60,Azad Market,G P O KASMIRI GATE,Match at 53 in new_data list
61,Ice Factory,OLD DELHI RAILWAY STATION,Match at 54 in new_data list
62,St Stephen Hospital,,Not matched
63,Tees Hazari Court,,Not matched
64,ISBT Nityanand Marg,,Match at 57 in new_data list
65,ISBT Kashmere Gate Terminal,,Not matched
66,Guru Govind Singh University (Kashmere Gate),,Not matched
67,G P O KASMIRI GATE,,Match at 60 in new_data list
68,OLD DELHI RAILWAY STATION,,Match at 61 in new_data list
