,OLD_STOPS,NEW_STOPS,OUTPUT
1,Karampura Terminal,Karam Pura Terminal,Match
2,B Block New Moti Nagar,New Moti nagar B-Block,Match
3,Punjabi Bagh Terminal,Punjabi Bagh,Slightly match
4,Agarsen Hospital,Maharaja Aggrasen Hospital,Slightly match
5,Bakhtawar Pur School,Shivaji Park,Not matched
6,SPM College,SPM College,Match
7,Madipur Village,Madipur Village,Match
8,Madipur JJ Colony Metro Station,Madipur JJ Colony,Slightly match
9,Ordinance Depot,Ordinance Depot,Match
10,Shiva Enclave/ New Multan Nagar,New Multan Nagar,Slightly match
11,Multan Nagar,Multan Nagar,Match
12,Paschim Vihar Super Bazar (West Metro Station),Paschim Vihar Super Bazar,Slightly match
13,Peera Garhi Depot,Peera Garhi,Slightly match
14,Peera Garhi Metro Station,Peera Garhi Metro Station,Match
15,Udyog Nagar,Udhyog Nagar,Match
16,Inder Enclave,Inder Enclave,Match
17,Jwala Puri / Nangloi Depot,Jwala Puri,Slightly match
18,Nagloi Jj Colony 3,Nangloi JJ Colony 3,Match
19,Sultan Puri Crossing,Sultan Puri Crossing,Match
20,Nangloi,Nangloi,Match
21,Nangloi JJ Colony Lokesh Cinema,Lokesh Cinema,Slightly match
22,Qamruddin Nagar Terminal,Quamruddin Nagar Crossing,Not matched
23,Rajdhani Park,Rajdhani Park,Match
24,Swarn Park,Sarwan Park,Slightly match
25,Mundka Xing,Mundka  Crossing,Not matched
26,Mundka Village (Metro Station),Mundka ,Not matched
27,Mundka Industrial Area / Mundka School,Mundka School,Slightly match
28,Mile Stone / Shiv Shankar Dharam Kanta,Shiv Shankar Dharam Kanta,Slightly match
29,Mile Stone / Shiv Shankar Dharam Kanta,Mile Stone Factory,Not matched
30,Hiran Kudna Crossing,Hiran Kudna Crossing,Match
31,Ghevra Crossing (Neelwal Road),Ghevra Crossing ,Slightly match
32,Ghevra Village,Ghevra Village,Match
33,Savda JJ Colony,Savda J.J. Colony Xing,Slightly match
34,Savda Village,Swada,Not matched
35,Nizam P S,Nizam Pur School,Slightly match
36,Nizam Pur,Nizam Pur,Match
37,Garhi R School,Garhi Randhala School,Slightly match
38,Garhi R Vill,Garhi Randhala Village,Slightly match
