,OLD_STOPS,NEW_STOPS,OUTPUT
1,Old Delhi Railway Station,Old Delhi Railway Station,Match
2,Tees Hazari Court,Tees Hazari  Animal Hospital,Slightly match
3,Ice Factory,Ice Factory,Match
4,Azad Market,Azad Market,Match
5,Dcm Chowk,Bara Hindu Rao,Not matched
6,Bara Hindu Rao,Filmistan,Match at 5 in new_data list
7,Filmistan C,Model Basti,Not matched
8,Model Basti,Guru Govind Singh Marg,Match at 7 in new_data list
9,Id Ghah,Tibiya College,Not matched
10,Guru Govind Singh Crossing (Faiz Road),Liberty Cimena,Not matched
11,Tibiya College,Sarai Rohella,Match at 9 in new_data list
12,Liberty Cinema,Anand Parvat Industrial Area,Not matched
13,Government Quarter Sarai Rohila,Daya Basti Flyover,Not matched
14,Sarai Rohila,Zakhira Flyover,Not matched
15,Anand Parvat Industrial Area,Ashoka Park,Match at 12 in new_data list
16,Daya Basti Flyover,Ram Pura,Match at 13 in new_data list
17,Zakhira Flyover,Jai Dev Park,Match at 14 in new_data list
18,Zakhira Flyover,Power House (Punjabi Bagh),Match at 14 in new_data list
19,Ashok Park,Punjabi Bagh Terminal,Not matched
20,Ram Pura,Maharaja Aggrasen Hospital,Match at 16 in new_data list
21,Jai Dev Park,Shivaji Park,Match at 17 in new_data list
22,Punjabi Bagh Power House,SPM College,Not matched
23,Punjabi Bagh Terminal (Rohtak Road),Madipur Village,Not matched
24,Agarsen Hospital,Madipur JJ Colony,Not matched
25,Shivaji Park,Ordinance Depot,Match at 21 in new_data list
26,SPM College,New Multan Nagar,Match at 22 in new_data list
27,Madipur Village,Multan Nagar,Match at 23 in new_data list
28,Madipur JJ Colony Metro Station,Paschim Vihar Super Bazar,Not matched
29,Ordinance Depot,Peera Garhi,Match at 25 in new_data list
30,Shiva Enclave/ New Multan Nagar,Peera Garhi Metro Station,Not matched
31,Avtar Enclave,Udhyog Nagar,Not matched
32,Multan Nagar,Inder Enclave,Match at 27 in new_data list
33,Peeragarhi Chowk,Jwala Puri,Not matched
34,Peera Garhi Metro Station,Nangloi JJ Colony 3,Match at 30 in new_data list
35,Udyog Nagar,Sultan Puri Crossing,Not matched
36,Inder Enclave,Nangloi,Match at 32 in new_data list
37,Jwala Puri / Nangloi Depot,Lokesh Cinema,Not matched
38,Nagloi Jj Colony 3,Qmamaruddin Nagar Xing,Not matched
39,Sultan Puri Crossing,Rajdhani Park,Match at 35 in new_data list
40,NANGLOI JJ COLONY-2,Swarn Park,Not matched
41,Nangloi JJ Colony Lokesh Cinema,Mundka Xing,Not matched
42,NITHARI VILLAGE,Mundka,Not matched
43,Mubarak Pur Dabas,Mundka School,Not matched
44,,West Block Frinds Encl.,
45,,Rani Khera,
46,,Mubarak Pur X-ing,
47,,Mubarak Pur ,
