,OLD_STOPS,NEW_STOPS,OUTPUT
1,Neelwal Village,NEELWAL VILLAGE,Match
2,Vaishno Mata Mandir,VAISHNO MATA MANDIR,Match
3,Ghevra Crossing (Kanjhawala Road),GHEVRA CROSSING,Slightly match
4,Hiran Kudna Crossing,HIRAN KUDNA MORE,Not matched
5,Mile Stone / Shiv Shankar Dharam Kanta,MILE STONE FACTORY,Not matched
6,Mile Stone / Shiv Shankar Dharam Kanta,SHIV SHANKAR DHARAM KANTA,Slightly match
7,Mundka Industrial Area / Mundka School,MUNDKA SCHOOL,Slightly match
8,Mundka Village (Metro Station),MUNDKA VILLAGE,Slightly match
9,Mundka Village Xing,MUNDKA CROSSING,Not matched
10,Swarn Park,SWARAN PARK,Match
11,Rajdhani Park,RAJDHANI PARK,Match
12,Qamruddin Nagar,QUMRUDDIN NAGAR CROSSING,Slightly match
13,Nangloi Post Office,NANGLOI JJ COLONY-2,Not matched
14,Nagloi Jj Colony 3,LOKESH CINEMA,Not matched
15,Nangloi Metro Station,NANGLOI,Not matched
16,Sultan Puri Crossing,SULTAN PURI CROSSING,Match
17,Nagloi Jj Colony 3,NANGLOI JJ COLONY 3,Match
18,Jwala Puri / Nangloi Depot,JWALA PURI,Slightly match
19,Inder Enclave,INDER ENCLAVE,Match
20,Udyog Nagar,UDYOG NAGAR,Match
21,Peera Garhi Metro Station,PEERAGARHI METRO STATION,Match
22,Peera Garhi Chowk,PEERA GARHI,Slightly match
23,Paschim Vihar Super Bazar (West Metro Station),PASHCHIM VIHAR(SUPER BAZAR),Slightly match
24,Multan Nagar,MULTAN NAGAR,Match
25,Avtar Enclave,AVTAR ENCLAVE,Match
26,New Multan Nagar,NEW MULTAN NAGAR,Match
27,Ordinance Depot,ORDINANCE DEPOT,Match
28,Madipur JJ Colony Metro Station,MADIPUR JJ COLONY,Slightly match
29,Madipur Village,MADIPUR VILLAGE,Match
30,SPM College,SPM COLLEGE,Match
31,Shivaji Park,SHIVAJI PARK,Match
32,Agarsen Hospital,MAHARAJA AGGRASEN HOSPITAL,Slightly match
33,Punjabi Bagh East,EAST PUNJABI BAGH,Match
34,Punjabi Bagh Terminal,PUNJABI BAGH,Slightly match
35,New Moti Bagh B Block,NEW MOTI NAGAR B BLK.,Slightly match
36,Karampura Terminal,KARAMPURA TERMINAL,Match
