,OLD_STOPS,NEW_STOPS,OUTPUT
1,Old Delhi Railway Station,Old Delhi Railway Station,Match
2,Tees Hazari Court,Tees Hazari  Animal Hospital,Slightly match
3,Ice Factory,Ice Factory,Match
4,Azad Market,Azad Market,Match
5,Bara Hindu Rao,Bara Hindu Rao,Match
6,Filmistan C,Filmistan,Match
7,Model Basti,Model Basti,Match
8,Guru Govind Singh Marg,Guru Govind Singh Marg,Match
9,Tibiya College,Tibiya College,Match
10,Liberty Cinema,Liberty Cimena,Slightly match
11,Government Quarter Sarai Rohila,Sarai Rohella,Not matched
12,Anand Parvat Industrial Area,Anand Parvat Industrial Area,Match
13,Daya Basti Flyover,Daya Basti Flyover,Match
14,Zakhira Flyover,Zakhira Flyover,Match
15,Ashok Park,Ashoka Park,Match
16,Ram Pura,Ram Pura,Match
17,Jai Dev Park,Jai Dev Park,Match
18,Punjabi Bagh Power House,Power House (Punjabi Bagh),Match
19,Punjabi Bagh Terminal (Rohtak Road),Punjabi Bagh Terminal,Slightly match
20,Agarsen Hospital,Maharaja Aggrasen Hospital,Slightly match
21,Shivaji Park,Shivaji Park,Match
22,SPM College,SPM College,Match
23,Madipur Village,Madipur Village,Match
24,Madipur JJ Colony Metro Station,Madipur JJ Colony,Slightly match
25,Ordinance Depot,Ordinance Depot,Match
26,Shiva Enclave/ New Multan Nagar,New Multan Nagar,Slightly match
27,Multan Nagar,Multan Nagar,Match
28,Paschim Vihar Super Bazar (West Metro Station),Paschim Vihar Super Bazar,Slightly match
29,Peera Garhi Chowk,Peera Garhi,Slightly match
30,B Block Mangol Puri,B Block Mangol Puri,Match
31,Q-Block Mangolpuri,Mangol Puri Q Block,Match
32,T Block Mangol Puri,Mangol Puri R Block,Slightly match
33,Mangol Puri S Block,Mangol Puri S Block,Match
34,Sultan Puri AB Block Extension,Sultan Pur Xing,Not matched
35,Jalebi Chowk Sultan Puri AB Block,Jalebi Chowk,Slightly match
36,Sultanpuri Machhi Market,Sultanpuri Machhi Market,Match
37,Jalebi Chowk Sultan Puri AB Block,B Block Sultan Puri,Slightly match
38,Sultanpuri C Block,C Block Sultan Puri,Not matched
39,Sultan Puri Terminal,Sultan Puri Terminal,Match
