,OLD_STOPS,NEW_STOPS,OUTPUT
1,Azadpur Metro station,AZADPUR TERMINAL,Not matched
2,Shalimar Bagh,SHALIMAR BAGH CROSSING,Slightly match
3,Ashok Vihar Xing,ASHOK VIHAR XING,Match
4,Shalimar Bagh Richi Rich,RICHI RICH SHALIMAR BAGH,Match
5,Prem Bari Pul,PREM BADI PUR,Slightly match
6,Punjab Kesari (Subhash Palace Depot),SUBHASH PLACE DEPOT,Slightly match
7,Wazirpur Depot,WAZIRPUR DEPOT,Match
8,Telephone Exchange,TELEPHONE EXCHANGE,Match
9,Britannia,BRITANIA,Match
10,Shakurpur JJColony,SHAKUR PUR SHIV MANDIR,Not matched
11,Punjabi Bagh Club,PUNJABI BAGH TERMINAL,Not matched
12,Agarsen Hospital,MAHARAJA AGGRASEN HOSPITAL,Slightly match
13,Shivaji Park,SHIVAJI PARK,Match
14,SPM College,SPM COLLEGE,Match
15,Madipur Village,MADIPUR VILLAGE,Match
16,Madipur JJ Colony Metro Station,MADIPUR JJ COLONY,Slightly match
17,Ordinance Depot,ORDINANCE DEPOT,Match
18,Shiva Enclave/ New Multan Nagar,NEW MULTAN NAGAR,Slightly match
19,Avtar Enclave,AVTAR ENCLAVE,Match
20,Multan Nagar,MULTAN NAGAR,Match
21,Peeragarhi Chowk,PEERAGARHI,Slightly match
22,Peera Garhi Metro Station,PEERAGARHI METRO STATION,Match
23,Udyog Nagar,UDHYOG NAGAR,Match
24,Inder Enclave,INDER ENCLAVE,Match
25,Jwala Puri / Nangloi Depot,JWALA PURI,Slightly match
26,Nagloi Jj Colony 3,NANGLOI JJ COLONY 3,Match
27,Sultan Puri Crossing,SULTANPURI XING,Not matched
28,NANGLOI JJ COLONY-2,NANGLOI,Slightly match
29,Nangloi JJ Colony Lokesh Cinema,LOKESH CINEMA,Slightly match
30,Nangloi JJ Colony Lokesh Cinema,NANGLOI JJ COLONY NO 2,Slightly match
31,Qamruddin Nagar Terminal,QAMRUDDIN NAGAR CROSSING,Not matched
32,Rajdhani Park,RAJDHANI PARK,Match
33,Swarn Park,SWARAN PARK,Match
34,Mundka Xing,Mundka XING,Match
35,Mundka Village (Metro Station),Mundka,Not matched
36,Mundka Industrial Area / Mundka School,Mundka School,Slightly match
37,SHIV SHANKAR DHARAM KANTA,Shiv Shankar Dharam Kanta,Match
38,MILE STONE FACTORY,Mile Stone Factory,Match
39,Hiran Kudna Crossing,Hiran Kudna More,Not matched
40,GAHEVRA X-ING,Gahevra XING,Match
41,Tikri Piou,Tikri Piou,Match
42,Tikri Hospital,Tikri Hospital,Match
43,Tikri Village,Tikri Village,Match
44,PVC Market,PVC Market ,Match
45,Tikri Border,Tikri Border,Match
