,OLD_STOPS,NEW_STOPS,OUTPUT
1,Tikri Border Metro Station,Rithala Metro Station,Not matched
2,Rithala Village,Rithala Village Crossing,Slightly match
3,Sec-24 Rohini Main Road,Rohini Sec-24/25 Crossing,Not matched
4,Rohini Sec-24,Rohini Sec-24,Match
5,Rohini Sec 23 Pkt 1 (Green Hill Aptt.),Rohini Sector 23 Pkt 1,Slightly match
6,Rohini Sec-9,Rohini Sec 23 Pkt 3,Slightly match
7,Rohini Sec 18,Rohini Sec 23 Pkt 9,Slightly match
8,Hanuman Mandir Rohini Sec 24,Rohini Sec-23 Pocket-2 (on Shri Balaji Babosa Marg),Not matched
9,rohini ext. (on shri balaji babosa marg),Rohini Ext. (on Shri Balaji Babosa Marg),Match
10,Begumpur,Begam Pur Police Station,Not matched
11,Rohini Sector-21,Rohini Sector-21 (on Begam Pur Police St. Road),Slightly match
12,Begumpur,Begam Pur,Slightly match
13,Rajiv Nagar,Rajiv Nagar,Match
14,Rama Vihar,Rama Vihar,Match
15,Karala Village,Karala School,Not matched
16,Karala School,Karala,Slightly match
17,Mubarak Pur Crossing,Karala Xing,Not matched
18,Madanpur Dabas,Madan Pur Dabas,Match
19,Mubarak Pur Crossing,Mubarak Pur X-ing,Slightly match
20,Rani Khera School / Bhagya Vihar,Rani Khera,Not matched
21,West Blk Frd Enc,West Block Frinds Encl.,Slightly match
22,mundka metro station,Mundka Metro Station,Match
