,OLD_STOPS,NEW_STOPS,OUTPUT
1,Qutub Minar,Mundka Metro Station,Not matched
2,Friends Enclave Mundka,West Block Frinds Encl.,Not matched
3,Rani Khera School / Bhagya Vihar,Rani Khera,Not matched
4,Mubarak Pur Crossing,Mubarak Pur X-ing,Slightly match
5,MADAN PUR DABAS,Madan Pur Dabas,Match
6,Karala Crossing,Karala Xing,Not matched
7,Karala Village,Karala,Slightly match
8,Karala School,Karala School,Match
9,Rama Vihar,Rama Vihar,Match
10,Rajeev Nagar,Rajiv Nagar,Slightly match
11,Begumpur,Begam Pur,Slightly match
12,Rohini Sector-21,Rohini Sector-21 (on Begam Pur Police St. Road),Slightly match
13,Begumpur,Begam Pur Police Station,Not matched
14,Aggarsain Hospital (Rohini Sec 22),Rohini Ext. (on Shri Balaji Babosa Marg),Not matched
15,Rohini Sec 17A and 16,Rohini Sec-23 Pocket-2 (on Shri Balaji Babosa Marg),Not matched
16,Rohini Sec 18,Rohini Sec 23 Pkt 9,Slightly match
17,Rohini Sec 18,Rohini Sec 23 Pkt 3,Slightly match
18,Rohini Sec 23 Pkt 1 (Green Hill Aptt.),Rohini Sector 23 Pkt 1,Slightly match
19,Rohini Sec-9,Rohini Sec-24,Slightly match
20,Sec-24 Rohini Main Road,Rohini Sec-24/25 Crossing,Not matched
21,Rithala Village,Rithala Village Crossing,Slightly match
22,Rithala Metro Station,Rithala Metro Station,Match
