,OLD_STOPS,NEW_STOPS,OUTPUT
1,Q Block Mangol Puri Terminal,Q Block Mangol Puri Terminal,Match
2,E Block Mangol Puri,R Block Mangol Puri,Match
3,T Block Mangol Puri,S Block Mangol Puri,Match
4,T Block Magol Puri,Mangol Puri P Block,Slightly match
5,PS Mangol Puri,Mangol Puri D Block,Slightly match
6,E Block Mangol Puri,Mangol Puri E Block,Match
7,B Block Mangol Puri,B Block Mangol Puri,Match
8,Peera Garhi Depot,Peera Garhi,Slightly match
9,Paschim Vihar Super Bazar (West Metro Station),Paschim Vihar Super Bazar,Slightly match
10,Multan Nagar,Multan Nagar,Match
11,New Multan Nagar,New Multan Nagar,Match
12,Ordinance Depot,Ordinance Depot,Match
13,Madipur JJ Colony Metro Station,Madipur JJ Colony,Slightly match
14,Madipur Village,Madipur Village,Match
15,SPM College,SPM College,Match
16,Bakhtawar Pur School,Shivaji Park,Not matched
17,Agarsen Hospital,Maharaja Aggrasen Hospital,Slightly match
18,Punjabi Bagh Terminal (Rohtak Road),Punjabi Bagh Terminal,Slightly match
19,Power House,Power House (Punjabi Bagh),Slightly match
20,Jai Dev Park,Jai Dev Park,Match
21,Ram Pura,Ram Pura,Match
22,Ashok Park,Ashoka Park,Match
23,Zakhira Flyover,Zakhira Flyover,Match
24,Daya Basti Flyover,Daya Basti Flyover,Match
25,Anand Parbat Industrial Area,Anand Parvat Industrial Area,Match
26,Sarai Rohila,Sarai Rohella,Slightly match
27,LIBERTY CIMENA,Liberty Cimena,Match
28,Tibiya College,Tibiya College,Match
29,Guru Govind Singh Marg,Guru Govind Singh Marg,Match
30,MODEL BASTI-DC2845,Model Basti,Slightly match
31,Filmistan,Filmistan,Match
32,Bara Hindu Rao,Bara Hindu Rao,Match
33,Azad Market,Azad Market,Match
34,Ice Factory,Ice Factory,Match
35,St Stephen Hospital,St. Stephen's Hospital,Match
36,Tees Hazari Court,Tis Hazari Court,Match
37,ISBT Nityanand Marg,ISBT Nityanand Marg,Match
38,Shastri Park,Shashtri Park Metro Depot,Slightly match
39,Shyam Giri Mandir,Shyam Giri Mandir,Match
40,Shastri Park,Shashtri Park,Match
41,Dharampura,Dharam Pura,Match
42,Seelampur Metro Station,Seelampur,Slightly match
43,Welcome,Welcome,Match
44,Shahdara (Shyam Lal College),Shyam Lal College Shahdara,Match
45,Mansarovar Park Metro Station,Mansarover Park Metro Station,Match
46,Telephone Exchange,Telephone Exchange,Match
47,Jhilmil Crossing / Dilshad Garden GT Road,Dilshad Garden GT Road,Slightly match
48,Jhilmil Xing,Jhilmil Xing,Match
49,Shahdra Border,Shahdra Border,Match
50,Surya Nagar,Surya Nagar,Match
51,Ram Prastha Temple,Ramprashta,Not matched
52,Ram Prastha Crossing,Ram Prastha Crossing,Match
53,Anand Vihar ISBT Main Road, Anand Vihar ISBT Main Road,Match
54,Maharaj Pur Check Post,Maharaj Pur Check Post,Match
55,Gazipur Depot,Gazi Pur Depot,Match
56,ISBT Anand Vihar,ISBT Anand Vihar  ,Match
