,OLD_STOPS,NEW_STOPS,OUTPUT
1,Anand Vihar ISBT Terminal,ISBT Anand Vihar,Slightly match
2,Ram Prastha Crossing,Ram Prastha Crossing,Match
3,Ram Prastha Temple,Ramprashta,Not matched
4,Surya Nagar,Surya Nagar,Match
5,Shahadara Border (Dilshad Garden Mtr Stn),Shahdra Border,Slightly match
6,Jhilmil Xing,Jhilmil Xing,Match
7,Dilshad Garden GT Road,Dilshad Garden GT Road,Match
8,Telephone Exchange,Telephone Exchange,Match
9,Mansarovar Park Metro Station,Mansarover Park Metro Station,Match
10,Shahdara (Shyam Lal College),Shyam Lal College Shahdara,Match
11,Welcome Colony,Welcome,Slightly match
12,Seelampur Gt Road,Seelampur,Slightly match
13,Dharam Pura,Dharam Pura,Match
14,Shastri Park,Shashtri Park,Match
15,Shyam Giri Mandir,Shyam Giri Mandir,Match
16,Shastri Park,Shashtri Park Metro Depot,Slightly match
17,Isbt Nityanand Marg,ISBT Nityanand Marg,Match
18,Tees Hazari Court,Tis Hazari Court,Match
19,St Stephen Hospital,St. Stephen's Hospital,Match
20,Ice Factory,Ice Factory,Match
21,Azad Market,Azad Market,Match
22,Bara Hindu Rao,Bara Hindu Rao,Match
23,Filmistan C,Filmistan,Match
24,Model Basti,Model Basti,Match
25,Guru Govind Singh Marg,Guru Govind Singh Marg,Match
26,Tibiya College,Tibiya College,Match
27,Liberty Cinema,Liberty Cimena,Slightly match
28,Sarai Rohilla Govt Qtrs,Sarai Rohella,Slightly match
29,Anand Parvat Industrial Area,Anand Parvat Industrial Area,Match
30,Daya Basti Flyover,Daya Basti Flyover,Match
31,Zakhira Flyover,Zakhira Flyover,Match
32,Ashok Park,Ashoka Park,Match
33,Ram Pura,Ram Pura,Match
34,Jai Dev Park,Jai Dev Park,Match
35,Punjabi Bagh Power House,Power House (Punjabi Bagh),Match
36,Punjabi Bagh Terminal (Rohtak Road),Punjabi Bagh Terminal,Slightly match
37,Agarsen Hospital,Maharaja Aggrasen Hospital,Slightly match
38,Bakhtawar Pur School,Shivaji Park,Not matched
39,SPM College,SPM College,Match
40,Madipur Village,Madipur Village,Match
41,Madipur JJ Colony Metro Station,Madipur JJ Colony,Slightly match
42,Ordinance Depot,Ordinance Depot,Match
43,Shiva Enclave/ New Multan Nagar,New Multan Nagar,Slightly match
44,Multan Nagar,Multan Nagar,Match
45,Paschim Vihar Super Bazar (West Metro Station),Paschim Vihar Super Bazar,Slightly match
46,Peera Garhi Depot,Peera Garhi,Slightly match
47,B Block Mangol Puri,B Block Mangol Puri,Match
48,E Block Mangol Puri,Mangol Puri E Block,Match
49,PS Mangol Puri,Mangol Puri D-Block,Slightly match
50,T Block Mangol Puri,Mangol Puri P-Block,Slightly match
51,E Block Mangol Puri,S Block Mangol Puri,Match
52,T Block Magol Puri,R Block Mangol Puri,Match
53,Q Block Mangol Puri Terminal,Q Block Mangol Puri Terminal,Match
