,OLD_STOPS,NEW_STOPS,OUTPUT
1,Q Block Mangol Puri Terminal,Q Block Mangol Puri Terminal,Match
2,E Block Mangol Puri,R Block Mangol Puri,Match
3,T Block Mangol Puri,S Block Mangol Puri,Match
4,T Block Magol Puri,Mangol Puri P-Block,Slightly match
5,PS Mangol Puri,Mangol Puri D-Block,Slightly match
6,E Block Mangol Puri,Mangol Puri E Block,Match
7,B Block Mangol Puri,B Block Mangol Puri,Match
8,Peera Garhi Depot,Peera Garhi,Slightly match
9,Paschim Vihar Super Bazar (West Metro Station),Paschim Vihar Super Bazar,Slightly match
10,Multan Nagar,Multan Nagar,Match
11,New Multan Nagar,New Multan Nagar,Match
12,Ordinance Depot,Ordinance Depot,Match
13,Madipur JJ Colony Metro Station,Madipur JJ Colony,Slightly match
14,Madipur Village,Madipur Village,Match
15,SPM College,SPM College,Match
16,Bakhtawar Pur School,Shivaji Park,Not matched
17,Agarsen Hospital,Maharaja Aggrasen Hospital,Slightly match
18,Punjabi Bagh Terminal,Punjabi Bagh,Slightly match
19,New Moti Bagh B Block,New Moti nagar B-Block,Slightly match
20,Karampura Terminal,Karam Pura Terminal,Match
21,Moti Nagar Industrial Area,Moti Nagar  ,Slightly match
22,Moti Nagar Industrial Area,Moti Nagar Industrial Area,Match
23,Shadipur Depot,Shadi Pur Depot,Match
24,Shadipur Colony,DTC Colony Shadi Pur,Not matched
25,Pandav Nagar,Pandav Nagar,Match
26,Naraina Depot,Naraina Depot,Match
27,Bentex,Bentax,Slightly match
28,Loha Mandi,Loha Mandi,Match
29,Inder Puri Krishi Kunj,Inder Puri-Krishi Kunj,Match
