,OLD_STOPS,NEW_STOPS,OUTPUT
1,Katevara Vill,KATEWARA VILLAGE,Slightly match
2,Qutab Garh,QUTUB GARH,Slightly match
3,Jat Khor Vill,JAT KHOR,Slightly match
4,PUNJAB KHOR,PUNJAB KHOR ,Match
5,Tatesar Gurukul,TATESAR GURUKUL,Match
6,Tatesar Village,TATESAR VILLAGE,Match
7,Jonti Village,JOUNTI VILLAGE,Match
8,Jonti Crossing,JOUNTI CROSSING,Match
9,S. VIVEKANAND SCHOOL,S. VIVEKANAND SCHOOL,Match
10,Ladpur Village,LADPUR,Slightly match
11,Nirmal Hospital,NIRMAL HOSPITAL,Match
12,SDM Court Kanjhawala,KANJHAWALA,Slightly match
13,Karala Village,KARALA,Slightly match
14,Mubarak Pur Crossing,MADAN PUR DABAS,Not matched
15,Rani Khera School / Bhagya Vihar,RANI KHERA,Not matched
16,West Blk Frd Enc,WEST BLOCK FRINDS ENCL.,Slightly match
17,Mundka Industrial Area / Mundka School,MUNDKA VILLAGE X-ING,Not matched
18,Mundka Village (Metro Station),SWARAN PARK,Not matched
19,Mundka Village Xing,RAJDHANI PARK,Match at 17 in new_data list
20,Swarn Park,QAMRUDDIN NAGAR CROSSING,Not matched
21,Rajdhani Park,NANGLOI JJ COLONY NO 2,Match at 19 in new_data list
22,Qamruddin Nagar,LOKESH CINEMA,Not matched
23,Nangloi JJ Colony Lokesh Cinema,NANGLOI,Not matched
24,Lokesh Cinema Nangloi,SULTANPURI X-ING,Not matched
25,Nangloi Metro Station,NANGLOI JJ COLONY 3,Not matched
26,Sultanpur Xing,JWALA PURI,Not matched
27,Nagloi Jj Colony 3,INDER ENCLAVE,Not matched
28,Jwala Puri / Nangloi Depot,UDHYOG NAGAR,Not matched
29,Inder Enclave,PEERAGARHI METRO STATION,Match at 27 in new_data list
30,Udyog Nagar,PEERAGARHI,Not matched
31,Peera Garhi Metro Station,PASCHIM VIHAR SUPER BAZAR,Match at 29 in new_data list
32,Peera Garhi Chowk,MULTAN NAGAR-U01018,Not matched
33,Paschim Vihar Super Bazar (West Metro Station),AVTAR ENCLAVE,Not matched
34,Multan Nagar,NEW MULTAN NAGAR-DC1759,Slightly match
35,Avtar Enclave,ORDINANCE DEPOT,Match at 33 in new_data list
36,New Multan Nagar,MADIPUR JJ COLONY,Not matched
37,Ordinance Depot,MADIPUR VILLAGE,Match at 35 in new_data list
38,Madipur JJ Colony Metro Station,SPM COLLEGE,Not matched
39,Madipur Village,SHIVAJI PARK,Match at 37 in new_data list
40,SPM College,MAHARAJA AGGRASEN HOSPITAL,Match at 38 in new_data list
41,Bakhtawar Pur School,PUNJABI BAGH TERMINAL,Not matched
42,Agarsen Hospital,MOTI NAGAR B-BLOCK,Not matched
43,Punjabi Bagh Terminal,KARAM PURA TERMINAL,Match at 41 in new_data list
44,New Moti Bagh B Block,,Not matched
45,Karampura Terminal,,Match at 43 in new_data list
