,OLD_STOPS,NEW_STOPS,OUTPUT
1,Karampura Terminal,KARAM PURA TERMINAL,Match
2,B Block New Moti Nagar,MOTI NAGAR B-BLOCK,Match
3,Punjabi Bagh Terminal (Rohtak Road),PUNJABI BAGH TERMINAL,Slightly match
4,Agarsen Hospital,MAHARAJA AGGRASEN HOSPITAL,Slightly match
5,Bakhtawar Pur School,SHIVAJI PARK,Not matched
6,SPM College,SPM COLLEGE,Match
7,Madipur Village,MADIPUR VILLAGE,Match
8,Madipur JJ Colony Metro Station,MADIPUR JJ COLONY,Slightly match
9,Ordinance Depot,ORDINANCE DEPOT,Match
10,Shiva Enclave/ New Multan Nagar,NEW MULTAN NAGAR-DC1759,Not matched
11,Avtar Enclave,AVTAR ENCLAVE,Match
12,Multan Nagar,MULTAN NAGAR-U01018,Slightly match
13,Paschim Vihar Super Bazar (West Metro Station),PASCHIM VIHAR SUPER BAZAR,Slightly match
14,Peera Garhi Depot,PEERAGARHI,Not matched
15,Peera Garhi Metro Station,PEERAGARHI METRO STATION,Match
16,Udyog Nagar,UDHYOG NAGAR,Match
17,Inder Enclave,INDER ENCLAVE,Match
18,Jwala Puri / Nangloi Depot,JWALA PURI,Slightly match
19,Nagloi Jj Colony 3,NANGLOI JJ COLONY 3,Match
20,Sultanpur Xing,SULTANPURI X-ING,Match
21,Nangloi Metro Station,NANGLOI,Not matched
22,Lokesh Cinema Nangloi,LOKESH CINEMA,Slightly match
23,Nangloi JJ Colony Lokesh Cinema,NANGLOI JJ COLONY NO 2,Slightly match
24,Qamruddin Nagar Terminal,QAMRUDDIN NAGAR CROSSING,Not matched
25,Rajdhani Park,RAJDHANI PARK,Match
26,Swarn Park,SWARAN PARK,Match
27,Mundka Xing,MUNDKA VILLAGE X-ING,Slightly match
28,Mundka Village (Metro Station),WEST BLOCK FRINDS ENCL.,Not matched
29,Mundka Industrial Area / Mundka School,RANI KHERA,Not matched
30,West Blk Frd Enc,MADAN PUR DABAS,Not matched
31,Rani Khera School / Bhagya Vihar,KARALA,Not matched
32,Mubarak Pur Crossing,KANJHAWALA,Not matched
33,Karala Village,NIRMAL HOSPITAL,Not matched
34,SDM Court Kanjhawala,LADPUR,Not matched
35,Nirmal Hospital,S. VIVEKANAND SCHOOL,Match at 33 in new_data list
36,Ladpur Village,JOUNTI CROSSING,Not matched
37,S. VIVEKANAND SCHOOL,JOUNTI VILLAGE,Match at 35 in new_data list
38,Jonti Crossing,TATESAR VILLAGE,Not matched
39,Jonti Village,TATESAR GURUKUL,Not matched
40,Tatesar Village,PUNJAB KHOR ,Match at 38 in new_data list
41,Tatesar Gurukul,JAT KHOR,Match at 39 in new_data list
42,Punjab Khor Village,QUTUB GARH,Not matched
43,Jat Khore,KATEWARA VILLAGE,Not matched
44,Qutab Garh,,Not matched
45,Katevara Vill,,Not matched
