,OLD_STOPS,NEW_STOPS,OUTPUT
1,Anand Vihar ISBT Terminal,ISBT Anand Vihar,Slightly match
2,Anand Vihar ISBT Main Road,Anand Vihar ISBT Main Road,Match
3,Maharaj Pur Check Post,Mahrajpur Check Post,Match
4,Gazipur Depot,Gazipur Depot,Match
5,Hasanpur Village,Hasan Pur Village,Match
6,Hasanpur Depot,Hasan Pur Depot,Match
7,Karkardooma Xing,Karkardooma Crossing,Slightly match
8,New Rajdhani Enclave,New Rajdhani Enclave,Match
9,Preet Vihar,Swashthya Vihar,Not matched
10,Nirman Vihar,Nirman Vihar,Match
11,Shakarpur Crossing,Shakarpur Xing,Slightly match
12,Shakarpur,Shakarpur,Match
13,Laxmi Nagar / Shakarpur Crossing,Laxmi Nagar,Slightly match
14,Rainy Well,Rainy Well,Match
15,Delhi Secretariat,Delhi Sect.,Slightly match
16,ITO Ring Road,ITO AGCR,Not matched
17,Bal Bhawan DDU Marg,Bal Bhawan,Slightly match
18,Govt Sr Sec School DDU Marg,Govt Sr.Sec. School,Match
19,DDU Marg Railway Colony,Din Dayal Upadhaya Marg,Not matched
20,Govt Press,Govt Press,Match
21,Govt Press Kali Mandir,Kali Mandir,Slightly match
22,Super Bazar,Super Bazar,Match
23,Shivaji Stadium Terminal,Shivaji Stadium,Slightly match
24,Shaheed Bhagat Singh Marg,Shaheed Bhagat Singh Mg.,Match
25,Gole Market,Gole Market.,Match
26,Rama Krishna Ashram Marg,R.K. Ashram Marg,Slightly match
27,Panchkuian Road,Panchkuian Road,Match
28,Punchkuain Road / Banwari Lal Hosp.,Punchkuain Road / Banwari Lal Hosp.,Match
29,Meghdoot Bhawan,Meghdoot Bhawan,Match
30,Sadhu Vasvani Marg,Sadhu Vasvani Marg ,Match
31,Karol Bagh Metro Station,Karol Bagh Metro Station,Match
32,Telephone Exchange Karol Bagh,Telephone Exchange,Slightly match
33,RAJENDER PLACE METRO STATION,Rajindera Place Metro Station,Match
34,West Patel Nagar,East Patel Nagar,Slightly match
35,South Patel Nagar (Metro Station),South Patel Nagar,Slightly match
36,West Patel Nagar,West Patel Nagar,Match
37,Shadipur DTC Colony Metro Station,Shadi Pur Metro Station,Not matched
38,Shadipur Depot,Shadi Pur Depot,Match
39,Moti Nagar Industrial Area,Moti Nagar Industrial Area,Match
40,Karampura Terminal,Karam Pura Terminal,Match
41,B Block New Moti Nagar,New Moti nagar B Block,Match
42,Punjabi Bagh Terminal,Punjabi Bagh,Slightly match
43,Agarsen Hospital,Maharaja Aggrasen Hospital,Slightly match
44,Shivaji Park,Shivaji Park,Match
45,SPM College,SPM College,Match
46,Madipur Village,Madipur Village,Match
47,Madipur JJ Colony Metro Station,Madipur JJ Colony,Slightly match
48,Ordinance Depot,Ordinance Depot,Match
49,Shiva Enclave/ New Multan Nagar,New Multan Nagar,Slightly match
50,Multan Nagar,Multan Nagar,Match
51,Paschim Vihar Super Bazar (West Metro Station),Paschim Vihar Super Bazar,Slightly match
52,Peera Garhi Chowk,Peera Garhi,Slightly match
53,B Block Mangol Puri,B Block Mangol Puri,Match
54,Q-Block Mangolpuri,Mangol Puri Q Block,Match
55,T Block Mangol Puri,Mangol Puri R Block,Slightly match
56,Mangol Puri S Block,Mangol Puri S Block,Match
57,Sultan Puri AB Block Extension,Sultan Pur Xing,Not matched
58,Jalebi Chowk Sultan Puri AB Block,Jalebi Chowk,Slightly match
59,Sultanpuri Machhi Market,Sultanpuri Machhi Market,Match
60,Jalebi Chowk Sultan Puri AB Block,B Block Sultan Puri,Slightly match
61,Sultan Puri AB Block,C Block Sultan Puri,Slightly match
62,Sultan Puri Terminal,Sultan Puri Terminal,Match
