,OLD_STOPS,NEW_STOPS,OUTPUT
1,bhati mines,BHATI MINES,Match
2,indira nagar,INDIRA NAGAR,Match
3,Check Post,CHECK POST,Match
4,Radha Swami Satsang,RADHA SWAMI SATSANG,Match
5,sp school,SP SCHOOL,Match
6,sp school,DERA MORE,Match at 5 in new_data list
7,Dera More,HARSAWROOP COLONY,Match at 6 in new_data list
8,Harasawroop Colony,FATEH PUR BERI,Not matched
9,Fatehpur Beri,SHANI DHAM MANDIR,Match at 8 in new_data list
10,Shani Dham Mandir,CHANDAN HOLLA,Match at 9 in new_data list
11,Chandan Holla,MALLU FARM,Match at 10 in new_data list
12,Mallu Farm,SATBARI VILLAGE,Match at 11 in new_data list
13,Satbari Village,NANDA HOSPITAL,Match at 12 in new_data list
14,Nanda Hospital,RAJPUR X-ING,Match at 13 in new_data list
15,Rajpur Xing,CHHATARPUR EXTENSION,Match at 14 in new_data list
16,Chhatarpur Extension,CHHATTARPUR,Slightly match
17,Chhattarpur,CHHATTARPUR MANDIR,Slightly match
18,Chhattarpur Mandir,CHHATARPUR XING (JAIN MANDIR),Slightly match
19,chhatarpur xing (jain mandir),CHHATARPUR METRO STATION,Match at 18 in new_data list
20,Andheria More / Chhatarpur Metro Station,ANDHERIA BAGH CROSSING(VASANT KUNJ ROAD),Not matched
21,Andheria Bagh More,DESU OFFICE,Not matched
22,Desu Office,VASANT KUNJ SEC-A PKT BC,Match at 21 in new_data list
23,Sec-A Vasant Kunj,VASANT KUNJ SECTOR-A,Slightly match
24,Vasant Kunj Sec-A ILBS,KISHAN GARH & NPD ,Not matched
25,Kishan Garh,D 2/3 VASANT KUNJ,Not matched
26,Vasant Kunj Sec-D/3-4,VASANT KUNJ D-3-4,Match
27,Vasant Kunj Terminal,B1 VASANT KUNJ,Slightly match
28,Vasant Kunj Sec-A ILBS,VASANT KUNJ BUS STAND,Not matched
29,Vasant Kunj sec-B1,MASOOD PUR VILLAGE BUS STOP,Not matched
30,Masood Pur Village,MASOOD PUR DAIRY,Not matched
31,Masood Pur Dairy,KATHURIA PUBLIC SCHOOL,Match at 30 in new_data list
32,Kathuria Public School (Sai Darbar Mandir),VERMA FARM,Not matched
33,ISIC Hospital (Verma farm),C8 VASANT KUNJ,Not matched
34,Vasant Kunj Sec-C-8,ISIC HOSPITAL,Not matched
35,ISIC Hospital (Verma farm),OLD POLICE STN-C-8 VASANT KUNJ,Not matched
36,Vasant Kunj Sec-C-8,RANG PURI PAHARI,Not matched
37,Rang Puri Pahari,MAHIPAL PUR,Match at 36 in new_data list
38,Mahipal Pur Village,MAHIPAL PUR EXTENSION,Not matched
39,Mahipal Pur Village,NHW-8 CROSSING,Not matched
40,NHW 8,POLICE COLONY MEHRAM NAGAR,Not matched
41,Police Cly M Nagar,PALAM AIRPORT BY PASS,Not matched
42,Palam Airport Bypass,HANUMAN MANDIR,Match at 41 in new_data list
43,HANUMAN MANDIR,INDIAN OIL STATION,Match at 42 in new_data list
44,Indian Oil Station,PRAHALAD PUR (SHEKHAWATI LINE),Match at 43 in new_data list
45,Prehlad Pur,PALAM RLY FLYOVER-DC1925,Not matched
46,Palam Colony Flyover,MANGLA PURI XING (HEALTH CENTER)  / PALAM VILLAGE,Not matched
47,Health Centre,SULABH,Not matched
48,Sulabh International Centre,MAHAVIR ENCLAVE,Not matched
49,Mahaveer Enclave III,DASHRATH PURI,Not matched
50,Dashrath Puri,VIJAY ENCLAVE,Match at 49 in new_data list
51,Vijay Enclave (Palam-Dabri Road),DABRI VILLAGE,Not matched
52,Dabri Village,SEETA PURI EXTENSION,Match at 51 in new_data list
53,Seeta Puri Ext,DABRI CROSSING,Not matched
54,Dabri Crossing (Pankha Road),JANAK PURI C-2,Not matched
55,C-2 Janak Puri,JANAK PURI C-1,Slightly match
56,C-1 Janak Puri,JEEVAN PARK,Not matched
57,Jivan park,TILAK PUL,Not matched
58,Tilak Pul,A-1 JANAKPURI-DC2228,Match at 57 in new_data list
59,Uttam Nagar / A1 Janak Puri,UTTAM NAGAR TERMINAL,Not matched
60,Uttam Nagar Terminal,VIKAS PURI X-ING,Match at 59 in new_data list
61,Vikas Puri Crossing,DHOLI PIAO,Not matched
62,Dholi Piao,DISTRICT CENTER,Match at 61 in new_data list
63,District Centre Najafgarh Road,KANGRA NIKETAN,Not matched
64,Kangra Niketan,KRISHNA PARK EXTN,Match at 63 in new_data list
65,Krishna Park,MANOHAR NAGAR,Not matched
66,Manohar Nagar,CRPF CAMP,Match at 65 in new_data list
67,CRPF Camp Keshopur,MAJOR BHUPINDER SINGH NAGAR,Not matched
68,Major Bhupinder Singh Marg,KESHO PUR DEPOT,Not matched
69,Keshopur Depot,MEERA BAGH,Match at 68 in new_data list
70,Meera Bagh Apartments,SUNDER VIHAR,Not matched
71,Sunder Vihar,SUNDER APARTMENT,Match at 70 in new_data list
72,Sunder Apartment,POWER HOUSE PASCHIM VIHAR,Match at 71 in new_data list
73,P.Vihar Power Houe,PEERA GARHI DEPOT,Not matched
74,Peera Garhi Chowk,PEERAGARHI METRO STATION,Not matched
75,Peera Garhi Metro Station,UDHYOG NAGAR,Match at 74 in new_data list
76,Udyog Nagar,INDER ENCLAVE,Not matched
77,Inder Enclave,JWALA PURI,Match at 76 in new_data list
78,Jwala Puri / Nangloi Depot,NANGLOI JJ COLONY 3,Not matched
79,Nangloi JJ Colony Lokesh Cinema,SULTANPURI X-ING,Not matched
80,Sultan Puri Crossing,NANGLOI,Not matched
81,NANGLOI JJ COLONY-2,LOKESH CINEMA,Not matched
82,Nangloi JJ Colony Lokesh Cinema,NANGLOI JJ COLONY NO 2,Slightly match
83,Nangloi JJ Colony Lokesh Cinema,QAMRUDDIN NAGAR CROSSING,Not matched
84,Qamruddin Nagar Terminal,RAJDHANI PARK,Not matched
85,Rajdhani Park,SWARAN PARK,Match at 84 in new_data list
86,Swarn Park,MUNDKA VILLAGE X-ING,Not matched
87,Mundka Xing,MUNDKA VILLAGE,Not matched
88,Mundka Village (Metro Station),MUNDKA SCHOOL,Not matched
89,Mundka Industrial Area / Mundka School,SHIV SHANKAR DHARAM KANTA,Not matched
90,SHIV SHANKAR DHARAM KANTA,MILE STONE FACTORY,Match at 89 in new_data list
91,MILE STONE FACTORY,HIRAN KUDNA MORE,Match at 90 in new_data list
92,Hiran Kudna Crossing,GAHEVRA X-ING,Not matched
93,GAHEVRA X-ING,GHEVRA FATAK,Match at 92 in new_data list
94,FCI Ghevra,GHEVRA VILLAGE,Not matched
95,Ghevra Village,GHEVERA M-BLOCK,Match at 94 in new_data list
96,ghevera m-block,M-BLOCK SAVDA JJ COLONY,Not matched
97,m-block savda jj colony,GHEVRA SAVDA J.J. COLONY,Match at 96 in new_data list
98,ghevra savda j.j. colony,,Match at 97 in new_data list
