,OLD_STOPS,NEW_STOPS,OUTPUT
1,Savda Jj Colony,SAVDA J.J. COLONY,Match
2,Savda Village,M-BLOCK SAVDA JJ COLONY,Not matched
3,Savda JJ Colony,SAVDA J.J. COLONY MORE,Slightly match
4,Ghevra Village,GHERVA VILLAGE,Match
5,FCI Ghevra,GHEVRA FATAK,Not matched
6,Ghevra Crossing (Kanjhawala Road),GAHEVRA X-ING,Not matched
7,Hiran Kudna Crossing,HIRAN KUDNA MORE,Not matched
8,Mile Stone / Shiv Shankar Dharam Kanta,MILE STONE FACTORY,Not matched
9,Mile Stone / Shiv Shankar Dharam Kanta,SHIV SHANKAR DHARAM KANTA,Slightly match
10,Mundka Industrial Area / Mundka School,MUNDKA SCHOOL,Slightly match
11,Mundka Village (Metro Station),MUNDKA VILLAGE,Slightly match
12,Mundka Village Xing,MUNDKA VILLAGE X-ING,Match
13,Swarn Park,SWARAN PARK,Match
14,Rajdhani Park,RAJDHANI PARK,Match
15,Qamruddin Nagar,QAMRUDDIN NAGAR CROSSING,Slightly match
16,Nangloi JJ Colony Lokesh Cinema,LOKESH CINEMA,Slightly match
17,Nangloi Metro Station,NANGLOI,Not matched
18,Sultan Puri Crossing,SULTANPURI X-ING,Not matched
19,Nagloi Jj Colony 3,NANGLOI JJ COLONY 3,Match
20,Jwala Puri / Nangloi Depot,JWALA PURI,Slightly match
21,Inder Enclave,INDER ENCLAVE,Match
22,Udyog Nagar,UDHYOG NAGAR,Match
23,Peera Garhi Metro Station,PEERAGARHI METRO STATION,Match
24,Peera Garhi Depot,PEERA GARHI,Slightly match
25,Peera Garhi Depot,PEERA GARHI DEPOT,Match
26,P.Vihar Power Houe,POWER HOUSE PASCHIM VIHAR,Not matched
27,Sundar Apartments,SUNDER APARTMENT,Match
28,Sunder Vihar,SUNDER VIHAR,Match
29,Meera Bagh,MEERA BAGH,Match
30,Keshopur Depot,KESHO PUR DEPOT,Match
31,Major Bhupinder Singh Nagar,MAJOR BHUPINDER SINGH NAGAR,Match
32,CRPF Camp,CRPF CAMP,Match
33,Manohar Nagar,MANOHAR NAGAR,Match
34,Krishna Park,KRISHNA PARK EXTN,Match
35,Kangra Niketan,KANGRA NIKETAN,Match
36,District Centre Nazafgarh Road,DISTRICT CENTER,Slightly match
37,Dholi Piao,DHOLI PIAO,Match
38,Vikaspuri Crossing (Shivaji Marg),VIKAS PURI X-ING,Not matched
39,Uttam Nagar Terminal,UTTAM NAGAR TERMINAL,Match
40,Uttam Nagar / A1 Janak Puri,A-1 JANAKPURI,Slightly match
41,Tilak Pul,TILAK PUL,Match
42,Jivan park,JEEVAN PARK,Slightly match
43,C-1 Janak Puri,JANAK PURI C-1,Match
44,C2D Janak Puri,JANAK PURI C-2,Slightly match
45,Dabri Crossing,DABRI CROSSING,Match
46,Seeta Puri Ext,SEETA PURI EXTENSION,Slightly match
47,Dabri Village,DABRI VILLAGE,Match
48,Vijay Enclave (Palam-Dabri Road),VIJAY ENCLAVE,Slightly match
49,Dashrath Puri,DASHRATH PURI,Match
50,Mahaveer Enclave III,MAHAVIR ENCLAVE,Not matched
51,Sulabh International Centre,SULABH,Not matched
52,Health Centre,HEALTH CENTER,Match
53,Dwarka Flyover,PALAM VILLAGE / MANGLA PURI,Not matched
54,Palam Colony Flyover,PALAM RLY FLYOVER,Slightly match
55,Prehlad Pur,PRAHALAD PUR (SHEKHAWATI LINE),Slightly match
56,Indian Oil Station,INDIAN OIL STATION,Match
57,Hanuman Mandir / Shivaji Stadium,HANUMAN MANDIR,Slightly match
58,Palam Airport Bypass,PALAM AIRPORT BY PASS,Match
59,Palam More,PALAM MORE (CGDA),Slightly match
60,NHW 8,NHW-8 CROSSING,Slightly match
61,Mahipal Pur Village,MAHIPAL PUR EXTENSION,Not matched
62,Mahipal Pur Village,MAHIPAL PUR,Slightly match
63,Aruna Asaf Ali Hospital,RANG PURI,Not matched
64,Radission Hotel,RADISION HOTEL,Match
65,New Custom House,SANTOOR HOTEL,Not matched
66,Cargo,CARGO,Match
67,Air Traffic Control (ATC),AIR TRAFFIC CONTROL,Match
68,IGI Airport Terminal 2 (Air India Office),IGI AIRPORT TERMINAL 2,Slightly match
