,OLD_STOPS,NEW_STOPS,OUTPUT
1,IGI Airport Terminal 2 (Air India Office),IGI AIRPORT TERMINAL 2,Slightly match
2,Air Traffic Control,AIR TRAFFIC CONTROL,Match
3,Cargo / Express Terminal Gate,CARGO,Not matched
4,Centaur Hotel / New Custom House,SANTOOR HOTEL,Not matched
5,Radission Hotel,RADISION HOTEL,Match
6,Aruna Asaf Ali Hospital,RANG PURI,Not matched
7,Mahipal Pur Village,MAHIPAL PUR,Slightly match
8,Mahipal Pur Village,MAHIPAL PUR EXTENSION,Not matched
9,NHW 8,NHW-8 CROSSING,Slightly match
10,Police Cly M Nagar,POLICE COLONY MEHRAM NAGAR,Slightly match
11,Palam Airport Bypass,PALAM AIRPORT BY PASS,Match
12,HANUMAN MANDIR,HANUMAN MANDIR,Match
13,Indian Oil Station,INDIAN OIL STATION,Match
14,Prehlad Pur,PRAHALAD PUR (SHEKHAWATI LINE),Slightly match
15,Palam Colony Flyover,PALAM RLY FLYOVER,Slightly match
16,Dwarka Flyover Palam Village,PALAM VILLAGE / MANGLA PURI (HEALTH CERNTER),Slightly match
17,Sulabh International Centre,SULABH,Not matched
18,Mahaveer Enclave III,MAHAVIR ENCLAVE,Not matched
19,Dashrath Puri,DASHRATH PURI,Match
20,Vijay Enclave (Palam-Dabri Road),VIJAY ENCLAVE,Slightly match
21,Dabri Village,DABRI VILLAGE,Match
22,Seeta Puri Ext,SEETA PURI EXTENSION,Slightly match
23,Dabri Crossing (Pankha Road),DABRI CROSSING,Slightly match
24,C-2 Janak Puri,JANAK PURI C-2,Match
25,C-1 Janak Puri,JANAK PURI C-1,Match
26,Jivan park,JEEVAN PARK,Slightly match
27,Tilak Pul,TILAK PUL,Match
28,Uttam Nagar / A1 Janak Puri,A-1 JANAKPURI,Slightly match
29,Uttam Nagar Terminal,UTTAM NAGAR TERMINAL,Match
30,Vikas Puri Crossing,VIKAS PURI X-ING,Not matched
31,Dholi Piao,DHOLI PIAO,Match
32,District Centre Najafgarh Road,DISTRICT CENTER,Slightly match
33,Kangra Niketan,KANGRA NIKETAN,Match
34,Krishna Park,KRISHNA PARK EXTN,Match
35,Manohar Nagar,MANOHAR NAGAR,Match
36,CRPF Camp Keshopur,CRPF CAMP,Slightly match
37,Major Bhupinder Singh Marg,MAJOR BHUPINDER SINGH NAGAR,Match
38,Keshopur Depot,KESHO PUR DEPOT,Match
39,Meera Bagh Apartments,MEERA BAGH,Slightly match
40,Sunder Vihar,SUNDER VIHAR,Match
41,Sunder Apartment,SUNDER APARTMENT,Match
42,P.Vihar Power Houe,POWER HOUSE PASCHIM VIHAR,Not matched
43,Peera Garhi Depot,PEERA GARHI DEPOT,Match
44,Peera Garhi Depot,PEERAGARHI ,Not matched
45,Peera Garhi Metro Station,PEERA GARHI METRO STATION,Match
46,Udyog Nagar,UDHYOG NAGAR,Match
47,Inder Enclave,INDER ENCLAVE,Match
48,Jwala Puri / Nangloi Depot,JWALA PURI,Slightly match
49,Nagloi Jj Colony 3,NANGLOI JJ COLONY 3,Match
50,Sultanpur Xing,SULTANPURI X-ING,Match
51,Nangloi Metro Station,NANGLOI,Not matched
52,Nangloi JJ Colony Lokesh Cinema,LOKESH CINEMA,Slightly match
53,Qamruddin Nagar Terminal,QAMRUDDIN NAGAR CROSSING,Not matched
54,Rajdhani Park,RAJDHANI PARK,Match
55,Swarn Park,SWARAN PARK,Match
56,Mundka Xing,MUNDKA VILLAGE X-ING,Slightly match
57,Mundka Village (Metro Station),MUNDKA VILLAGE,Slightly match
58,Mundka Industrial Area / Mundka School,MUNDKA SCHOOL,Slightly match
59,Mile Stone / Shiv Shankar Dharam Kanta,SHIV SHANKAR DHARAM KANTA,Slightly match
60,Mile Stone / Shiv Shankar Dharam Kanta,MILE STONE FACTORY,Not matched
61,Hiran Kudna Crossing,HIRAN KUDNA MORE,Not matched
62,Ghevra Crossing (Kanjhawala Road),GAHEVRA X-ING,Not matched
63,FCI Ghevra,GHEVRA FATAK,Not matched
64,Ghevra Village,GHERVA VILLAGE,Match
65,Savda JJ Colony,SAVDA J.J. COLONY MORE,Slightly match
66,Savda Village,M-BLOCK SAVDA JJ COLONY,Not matched
67,Savda Jj Colony,SAVDA J.J. COLONY,Match
