,OLD_STOPS,NEW_STOPS,OUTPUT
1,Narela Terminal,NARELA TERMINAL,Match
2,Police Station Narela,P.S. NARELA,Slightly match
3,shafiabad more,SHAFIABAD MORE ,Match
4,Ram Dev Chowk,RAM DEV CHOWK,Match
5,Sec A-9 Narela,NARELA A-9,Match
6,S.Raja Harish Chander Hospital,RAJA HARISH CHAND HOSP.,Slightly match
7,Muneem Ji Ka Bagh,MUNIM JI KA BAGH,Match
8,New Anaj Mandi,NARELA NEW ANAJ  MANDI,Slightly match
9,Kurani More,KURENI,Not matched
10,narela railway xing,NARELA RAILWAY X-ING,Match
11,VISHAL BAGH,VISHAL BAGH,Match
12,BAL BICHU GHAR,BAL BIKSHU GHAR,Slightly match
13,Swatantra Ngr,SWATANTRA NAGAR,Match
14,Maharaja Agrassen School,MAHARAJA AGGRASEN PUBLIC SCHOOL,Slightly match
15,Bharat Mata School,BHARAT MATA PUBLIC SCHOOL,Match
16,Kaushal Devi Netraheen Ashram,KAUSHALYA DEVI BLIND ASHRAM,Not matched
17,SANNOTH X-ING,SANNOTH X-ING,Match
18,Ghoga Air Force Station,GHOGA AIR FORCE STATION,Match
19,Jain Shukla Mandir,JAIN SHUKLA MANDIR,Match
20,Bawana School,J J COLONY BAWANA,Not matched
21,Bawana JJ Colony / CRPF,BAWANA,Not matched
22,Bawana Depot,BAWANA DEPOT,Match
23,PS Bawana,BAWANA THANA,Not matched
24,Dariyapur Kalan School Bawana,Darya Pur School,Slightly match
25,Darya Pur Village,Darya Pur Village,Match
26,Nangal Crossing,Nangal Crossing,Match
27,Bajit Pur,Bajit Pur Village,Slightly match
28,govt. tube well,Govt. Tube well,Match
29,Majra Dabas Village,MAJRA DABAS,Slightly match
30,Chand Pur Majra School,MAJRA DABAS SCHOOL,Not matched
31,CHAND PUR X-ING,CHAND PUR,Slightly match
32,Kanjhawala Chowk,KANJHAWALA CHOWK,Match
