,OLD_STOPS,NEW_STOPS,OUTPUT
1,Savda Jj Colony,Savda J.J. Colony ,Match
2,Savda Village,M Block Savda JJ Colony,Not matched
3,Savda JJ Colony,Savda J.J. Colony Xing,Slightly match
4,Ghevra Village,Ghevra Village,Match
5,ghervra railway phatak,Ghervra Railway Phatak,Match
6,Ghevra Crossing (Kanjhawala Road),Ghevra More,Not matched
7,Hiran Kudna Crossing,Hiran Kudna More,Not matched
8,Mile Stone / Shiv Shankar Dharam Kanta,Mile Stone Factory,Not matched
9,Mile Stone / Shiv Shankar Dharam Kanta,Shiv Shankar Dharam Kanta,Slightly match
10,Mundka Industrial Area / Mundka School,Mundka School,Slightly match
11,Mundka Village (Metro Station),Mundka,Not matched
12,Mundka Village Xing,Mundka Xing,Slightly match
13,Swarn Park,Swarn Park,Match
14,Rajdhani Park,Rajdhani Park,Match
15,Qamruddin Nagar,Qmamaruddin Nagar Xing,Slightly match
16,Nangloi JJ Colony Lokesh Cinema,Lokesh Cinema,Slightly match
17,Nangloi Metro Station,Nangloi,Not matched
18,Sultan Puri Crossing,Sultan Puri Crossing,Match
19,Nagloi Jj Colony 3,Nangloi JJ Colony 3,Match
20,Jwala Puri / Nangloi Depot,Jwala Puri,Slightly match
21,Inder Enclave,Inder Enclave,Match
22,Udyog Nagar,Udhyog Nagar,Match
23,Peera Garhi Metro Station,Peera Garhi Metro Station,Match
24,Peera Garhi Chowk,Peera Garhi,Slightly match
25,Paschim Vihar Super Bazar (West Metro Station),Paschim Vihar Super Bazar,Slightly match
26,Multan Nagar,Multan Nagar,Match
27,New Multan Nagar,New Multan Nagar,Match
28,Ordinance Depot,Ordinance Depot,Match
29,Madipur JJ Colony Metro Station,Madipur JJ Colony,Slightly match
30,Madipur Village,Madipur Village,Match
31,SPM College,SPM College,Match
32,Shivaji Park,Shivaji Park,Match
33,Agarsen Hospital,Maharaja Aggrasen Hospital,Slightly match
34,Punjabi Bagh Terminal (Rohtak Road),Punjabi Bagh Terminal,Slightly match
35,Power House,Power House (Punjabi Bagh),Slightly match
36,Ram Pura,Ram Pura,Match
37,Ashok Park,Ashoka Park,Match
38,Zakhira Flyover,Zakhira Flyover,Match
39,Daya Basti Flyover,Daya Basti Flyover,Match
40,Anand Parbat Industrial Area,Anand Parvat Industrial Area,Match
41,Sarai Rohila,Sarai Rohella,Slightly match
42,Liberty Cinema,Liberty Cinema,Match
43,Dev Nagar / Khalsa College,Dev Nagar Khalsa college,Match
44,Prahlad Market,Prehlad Market,Match
45,Thana DB Gupta Road,P.S. D.B. Gupta Road,Not matched
46,DB Gupta Market,DB Gupta Market,Match
47,Faiz Road,Faiz Road,Match
48,Karol Bagh Terminal,Karol Bagh Terminal,Match
49,Jhandewalan,Jhandewalan,Match
50,Paharganj Police Station,P.S. Pahar Gunj,Not matched
51,Dispensary Pahar Gunj,Paharganj Dispensary,Not matched
52,Ajmeri Gate / Kamla Market,Ajmeri Gate,Slightly match
53,JLN Marg,Jawahar Lal Nehru Marg,Not matched
54,Zakir Husain College,Zakir Hussain College,Match
55,Turkman Gate / G B Pant Hosipatal,Turkman Gate,Slightly match
56,Delite Cinema,Delight Cinema,Slightly match
57,Delhi Gate,Delhi Gate,Match
58,Express Building-DC2809,Express Building,Match
59,ITO,ITO AGCR,Slightly match
60,Delhi Secretariat,Delhi Sect,Slightly match
61,Rainy Well,Rainy Well,Match
62,Lalita Park,Lalita Park,Match
63,Ramesh Park,Ramesh Park,Match
64,Kishan Kunj,Kishan Kunj,Match
65,SDM Office,SDM Office,Match
66,Geeta Colony,Geeta Colony,Match
67,St. Lawrence School,ST. Lawrence School,Match
68,Geeta Colony Block 5,Geeta Colony 5 Block,Match
69,Geeta Colony,Geeta Colony ,Match
70,Jheel Terminal,Jheel,Slightly match
