,OLD_STOPS,NEW_STOPS,OUTPUT
1,Jheel Terminal,Jheel,Slightly match
2,Geeta Colony,Geeta Colony ,Match
3,Geeta Colony Block 5,Geeta Colony 5 Block,Match
4,St. Lawrence School,ST. Lawrence School,Match
5,Geeta Colony Road Crossing,Geeta Colony,Slightly match
6,SDM Office,SDM Office,Match
7,Kishan Kunj,Kishan Kunj,Match
8,Ramesh Park,Ramesh Park,Match
9,Lalita Park,Lalita Park,Match
10,Rainy Well,Rainy Well,Match
11,Delhi Secretariat,Delhi Sect,Slightly match
12,ITO,ITO AGCR,Slightly match
13,ITO,DDU Marg,Not matched
14,Bal Bhawan DDU Marg,Bal Bhawan,Slightly match
15,Express Building,Express Building,Match
16,Delhi Gate,Delhi Gate,Match
17,LNJP Hospital,LNJP Hospital,Match
18,Zakir Husain College,Zakir Hussain College,Match
19,PS Kamla Market,Kamla Market,Match
20,Kamla Market / Ajmeri Gate,Ajmeri Gate,Slightly match
21,Dispensary Paharganj,Paharganj Dispensary,Match
22,P.S. Pahar Gunj,P.S. Pahar Gunj,Match
23,Jhandewalan,Jhandewalan,Match
24,Karol Bagh Terminal,Karol Bagh Terminal,Match
25,Faiz Road,Faiz Road,Match
26,DB Gupta Market,DB Gupta Market,Match
27,Thana DB Gupta Road,P.S. D.B. Gupta Road,Not matched
28,Prahlad Market,Prehlad Market,Match
29,Khalsa College,Dev Nagar Khalsa college,Slightly match
30,Anand Parvat Terminal,Anand Pravat,Slightly match
31,Sarai Rohila,Sarai Rohella,Slightly match
32,Anand Parvat Industrial Area,Anand Parvat Industrial Area,Match
33,Daya Basti Flyover,Daya Basti Flyover,Match
34,Zakhira Flyover,Zakhira Flyover,Match
35,Ashok Park,Ashoka Park,Match
36,Ram Pura,Ram Pura,Match
37,Jai Dev Park,Jai Dev Park,Match
38,Punjabi Bagh Power House,Power House (Punjabi Bagh),Match
39,Punjabi Bagh Terminal (Rohtak Road),Punjabi Bagh Terminal,Slightly match
40,Agarsen Hospital,Maharaja Aggrasen Hospital,Slightly match
41,Shivaji Park,Shivaji Park,Match
42,SPM College,SPM College,Match
43,Madipur Village,Madipur Village,Match
44,Madipur JJ Colony Metro Station,Madipur JJ Colony,Slightly match
45,Ordinance Depot,Ordinance Depot,Match
46,Shiva Enclave/ New Multan Nagar,New Multan Nagar,Slightly match
47,Multan Nagar,Multan Nagar,Match
48,Paschim Vihar Super Bazar (West Metro Station),Paschim Vihar Super Bazar,Slightly match
49,Peera Garhi Depot,Peera Garhi,Slightly match
50,Peera Garhi Metro Station,Peera Garhi Metro Station,Match
51,Udyog Nagar,Udhyog Nagar,Match
52,Inder Enclave,Inder Enclave,Match
53,Nangloi,Jwala Puri,Match at 56 in new_data list
54,Nangloi,Nangloi JJ Colony 3,Slightly match
55,Sultan Puri Crossing,Sultan Puri Crossing,Match
56,NANGLOI JJ COLONY-2,Nangloi,Slightly match
57,Nangloi JJ Colony Lokesh Cinema,Lokesh Cinema,Slightly match
58,Qamruddin Nagar Terminal,Qmamaruddin Nagar Xing,Not matched
59,Rajdhani Park,Rajdhani Park,Match
60,Swarn Park,Swarn Park,Match
61,Mundka Xing,Mundka X ing,Match
62,Mundka Village (Metro Station),Mundka,Not matched
63,Mundka Industrial Area / Mundka School,Mundka School,Slightly match
64,SHIV SHANKAR DHARAM KANTA,Shiv Shankar Dharam Kanta,Match
65,MILE STONE FACTORY,Mile Stone Factory,Match
66,Hiran Kudna Crossing,Hiran Kudna More,Not matched
67,Ghevra Crossing (Kanjhawala Road),Ghevra More,Not matched
68,FCI Ghevra,Ghevra Railway Phatak,Not matched
69,Ghevra Village,Ghevra  Village,Match
70,Savda JJ Colony,Savda J.J. Colony Xing,Slightly match
71,Savda Village,M Block Savda JJ Colony,Not matched
72,ghevra savda j.j. colony,Savda J.J. Colony ,Match
