,OLD_STOPS,NEW_STOPS,OUTPUT
1,West Enclave Terminal,West Enclave,Slightly match
2,Telephone Exchange,Telephone Exchange,Match
3,Bhagwan Mahavir Hospital,Bhagwan Mahavir Hospital,Match
4,Keshav Mahavidhyalaya,Keshav Mahavidyalya,Match
5,Rani Bagh,Rani Bagh,Match
6,Raja Park,Raja Park,Match
7,Mahindra Park,Mahindera Park,Match
8,Samrat Enclave,Samrat Enclave,Match
9,Shakur Pur,Sakur Pur BA Block,Slightly match
10,Shakurpur JJColony,Shakur Pur Shiv Mandir,Not matched
11,Punjabi Bagh Terminal,Punjabi Bagh Terminal,Match
12,Power House,Power House (Punjabi Bagh),Slightly match
13,Ram Pura,Ram Pura,Match
14,Ashok Park,Ashoka Park,Match
15,Zakhira Flyover,Zakhira Flyover,Match
16,Daya Basti Flyover,Daya Basti Flyover,Match
17,Anand Parbat Industrial Area,Anand Parvat Industrial Area,Match
18,Sarai Rohila,Sarai Rohilla,Match
19,Liberty Cinema,Liberty Cinema,Match
20,Dev Nagar / Khalsa College,Dev Nagar Khalsa College,Match
21,Prahlad Market,Prehlad Market,Match
22,Thana DB Gupta Road,P.S. D.B. Gupta Road,Not matched
23,DB Gupta Market,DB Gupta Market,Match
24,Faiz Road,Faiz Road,Match
25,Karol Bagh Terminal,Karol Bagh Terminal,Match
26,Jhandewalan,Jhandewalan,Match
27,Paharganj Police Station,P.S. Pahar Gunj,Not matched
28,Dispensary Paharganj,Paharganj Dispensary,Match
29,New Delhi Railway Station Gate 1,New Delhi Railway Station Gate 1,Match
30,Marina,Marina Hotel,Slightly match
31,Shivaji Park,Shivaji Park,Match
32,Vivekanand Marg / Minto Road,Vivekanand Marg,Slightly match
33,PS Kamla Market,Kamla Market,Match
