,OLD_STOPS,NEW_STOPS,OUTPUT
1,Ajmeri Gate / Kamla Market,Kamla Market,Slightly match
2,Vivekanand Marg / Minto Road,Vivekanand Marg,Slightly match
3,Shivaji Park,Shivaji Park,Match
4,Super Bazar,Super Bazar,Match
5,Marina,Marina Hotel,Slightly match
6,New Delhi Railway Station Gate 1,New Delhi Railway Station Gate 1,Match
7,PAHARGANJ DISPENSARY,Paharganj Dispensary,Match
8,P.S. Pahar Gunj,P.S. Pahar Gunj,Match
9,Jhandewalan,Jhandewalan,Match
10,Karol Bagh Terminal,Karol Bagh Terminal,Match
11,Faiz Road,Faiz Road,Match
12,DB Gupta Market,DB Gupta Market,Match
13,Thana DB Gupta Road,P.S. D.B. Gupta Road,Not matched
14,Prahlad Market,Prehlad Market,Match
15,Khalsa College,Dev Nagar Khalsa College,Slightly match
16,Anand Parvat Terminal,Anand Pravat,Slightly match
17,Sarai Rohila,Sarai Rohilla,Match
18,Anand Parvat Industrial Area,Anand Parvat Industrial Area,Match
19,Daya Basti Flyover,Daya Basti Flyover,Match
20,Zakhira Flyover,Zakhira Flyover,Match
21,Ashok Park,Ashoka Park,Match
22,Ram Pura,Ram Pura,Match
23,Jai Dev Park,Jai Dev Park,Match
24,Punjabi Bagh Power House,Power House (Punjabi Bagh),Match
25,Punjabi Bagh Terminal,Punjabi Bagh Terminal,Match
26,Shakurpur Shiv Mandir,Shakur Pur Shiv Mandir,Match
27,Shakur Pur,Sakur Pur BA Block,Slightly match
28,Samrat Enclave,Samrat Enclave,Match
29,Rajdhani Enclave / Mahindra Park,Mahindera Park,Slightly match
30,Raja Park,Raja Park,Match
31,Rani Bagh,Rani Bagh,Match
32,Keshav Mahavidhyalaya,Keshav Mahavidyalya,Match
33,Bhagwan Mahavir Hospital,Bhagwan Mahavir Hospital,Match
34,Telephone Exchange Karol Bagh,Telephone Exchange,Slightly match
35,West Enclave Terminal,West Enclave,Slightly match
