,OLD_STOPS,NEW_STOPS
1,,Shivaji Stadium
2,,Shaheed Bhagat Singh Marg
3,,Gole Market.
4,,R.K. Ashram Marg
5,,Chitra Gupta Rd.
6,,P.S. Pahar Gunj
7,,Jhandewalan
8,,Karol Bagh Terminal
9,,Faiz Road
10,,DB Gupta Market
11,,P.S. D.B. Gupta Road
12,,Prehlad Market
13,,Dev Nagar Khalsa college
14,,Anand Pravat
15,,Sarai Rohella
16,,Anand Parvat Industrial Area
17,,Daya Basti Flyover
18,,Zakhira Flyover
19,,Ashoka Park
20,,Ram Pura
21,,Jai Dev Park
22,,Power House (Punjabi Bagh)
23,,Punjabi Bagh Terminal
24,,Shakur Pur Shiv Mandir
25,,Sakur Pur BA- Blk.
26,,Samrat Enclave
27,,Mahindera Park
28,,Road No- 44 X-ing
29,,Lok Vihar 
30,,Harsh Vihar
31,,Kapil Vihar
32,,DTC Colony Pitam Pura
33,,JD Blk Pitam Pura
34,,Madhuvan Chowk
35,,Saraswati Vihar C-Block
36,,Deepali Chowk
37,,Rohini Sec-7 X-ing
38,,Nahar Pur Village
39,,Ayodhya Chowk
40,,"Rohini Sector-3,4,5 X-ing"
41,,Rohini Sec-4
42,,Rohini Sector-1 Avantika
43,,Avantika X-ing
44,,Mangolpur khurd
45,,Y-Block Mangol Puri
46,,Budh Vihar FASE II
