,OLD_STOPS,NEW_STOPS,OUTPUT
1,Majra Dabas Village,Majra Dabas,Slightly match
2,Chand Pur Majra School,Majra School,Slightly match
3,Prem Piyau,Prem Piao,Slightly match
4,CHAND PUR X-ING,Chand Pur Crossing,Not matched
5,SDM Court Kanjhawala,Kanjhawala ,Slightly match
6,Shivam Plywood,Shivam Plywood,Match
7,Radha Swami Satsang / Rupali Enclave,Rupali Enclave RS Satsang,Slightly match
8,Shiv vihar/Bheem chowk,Shiv Vihar Bheem Chowk,Match
9,Desu Office Karala,Desu Office,Slightly match
10,Karala Village,Karala Crossing,Not matched
11,Karala Village,Karala,Slightly match
12,Karala School,Karala School,Match
13,Rama Vihar,Rama Vihar,Match
14,Rajeev Nagar,Rajiv Nagar,Slightly match
15,Begumpur,Begam Pur,Slightly match
16,Aggarsain Hospital (Rohini Sec 22),Rohini Sector-21,Not matched
17,Rohini Sec 20/21 More,Rohini Sec-20/21 Xing,Slightly match
18,Pooth Kalan,Pooth Kalan,Match
19,Brahm shakti hospital,Braham Shakti Hospital,Match
20,Krishna Vihar,Krishna Vihar,Match
21,Buddh vihar,Budh Vihar,Match
22,Mangol Puri Y Block,Y-Blk. Mangol Puri,Slightly match
23,T Block Mangol Puri,S Block Mangol Puri,Match
24,T Block Magol Puri,Mangol Puri P-Block,Slightly match
25,E Block Mangol Puri,Mangol Puri D-Block,Slightly match
26,E Block Mangol Puri,Mangol Puri E Block,Match
27,B Block Mangol Puri,B Block Mangol Puri,Match
28,Peera Garhi Depot,Peera Garhi,Slightly match
29,Paschim Vihar Super Bazar (West Metro Station),Paschim Vihar Super Bazar,Slightly match
30,Multan Nagar,Multan Nagar,Match
31,New Multan Nagar,New Multan Nagar,Match
32,Ordinance Depot,Ordinance Depot,Match
33,Madipur JJ Colony Metro Station,Madipur JJ Colony,Slightly match
34,Madipur Village,Madipur Village,Match
35,SPM College,SPM College,Match
36,Bakhtawar Pur School,Shivaji Park,Not matched
37,Agarsen Hospital,Maharaja Aggrasen Hospital,Slightly match
38,Punjabi Bagh Terminal,Punjabi Bagh,Slightly match
39,New Moti Bagh B Block,New Moti nagar B-Block,Slightly match
40,Karampura Terminal,Karam Pura Terminal,Match
41,Moti Nagar Industrial Area,Moti Nagar Industrial Area,Match
42,Shadipur Depot,Shadi Pur Depot,Match
43,Shadipur Metro Station,Shadi Pur Metro Station,Match
44,West Patel Nagar,West Patel Nagar,Match
45,South Patel Nagar (Metro Station),South Patel Nagar,Slightly match
46,East Patel Nagar,East Patel Nagar,Match
47,Shankar Road,Shankar Road,Match
48,New Rajender Nagar,New Rajinder Nagar,Match
49,Upper Ridge Road,Ridge Road,Slightly match
50,Talkatora Stadium,Talkatora Stadium,Match
51,RML Hospital,RML Hospital,Match
52,Talkatora Road,Talkatora Road,Match
53,Kendriya Terminal / Gurudwara Rakab Gunj,Gurudwara Rakab Gunj,Slightly match
54,Kendriya Terminal (Pt. Pant Marg),Kendriya Terminal,Slightly match
55,NDPO,NDPO,Match
56,Bala Sahib Gurudwara,Gurudwara Bangla Sahib,Slightly match
57,Hanuman Mandir / Shivaji Stadium,Hanuman Mandir,Slightly match
58,Shivaji Stadium Terminal,Shivaji Stadium,Slightly match
