,OLD_STOPS,NEW_STOPS
1,,Majra Dabas
2,,Majra School
3,,Prem Piao
4,,Chand Pur Crossing
5,,Kanjhawala 
6,,Shivam Plywood
7,,Rupali Enclave RS Satsang
8,,Shiv Vihar Bheem Chowk
9,,Desu Office
10,,Karala Crossing
11,,Karala
12,,Karala School
13,,Rama Vihar
14,,Rajiv Nagar
15,,Begam Pur
16,,Rohini Sector-21
17,,Rohini Sec-20/21 Xing
18,,Pooth Kalan
19,,Braham Shakti Hospital
20,,Krishna Vihar
21,,Budh Vihar
22,,B Block Mangol Puri
23,,Avantika
24,,West Enclave
25,,B Block Mangol Puri
26,,Peera Garhi
27,,Paschim Vihar Super Bazar
28,,Multan Nagar
29,,New Multan Nagar
30,,Ordinance Depot
31,,Madipur JJ Colony
32,,Madipur Village
33,,SPM College
34,,Shivaji Park
35,,Maharaja Aggrasen Hospital
36,,Punjabi Bagh
37,,Punjabi Bagh Club
38,,ESI Hospital
39,,Rajdhani College Raja Garden
40,,Rajouri Garden Ring Road
41,,Maya Puri Depot
42,,Nariana Vihar
43,,Naraina Village
44,,COD Ring Road
45,,Brar Square
46,,Garrision Eng.
47,,R. R. Line
48,,Dhaula Kuan
49,,Satya Niketan
50,,Nanak Pura Gurudwara
51,,Moti Bagh
52,,Aradhna Enclave
53,,R K Puram Sec -12
54,,Hyatt Hotel
55,,Narouji Nagar
56,,S J Hospital
57,,Kidwai Nagar
58,,INA Colony
59,,Safdarjung Terminal
