,OLD_STOPS,NEW_STOPS,OUTPUT
1,Kendriya Terminal (Pt. Pant Marg),Kendriya Terminal Church Road,Not matched
2,North Avenue,North Avenue,Match
3,Dr. RML Hospital,RML Hospital,Match
4,Talkatora Stadium Garden,Talkatora Stadium,Match
5,Kali Bari Marg Crossing,Kali Bari Marg Crossing,Match
6,Laxmi Narayan Temple,Laxmi Narayan Mandir,Not matched
7,PS Mandir Marg,Mandir Marg,Match
8,Panchkuian Road Banwai Lal Hospital,Panch Kuian Road Banwai Lal Hospital,Match
9,Meghdoot Bhawan,Meghdoot Bhawan,Match
10,Sadhu Vasvani Marg,Sadhu Vaswani Marg,Match
11,Karol Bagh Metro Station,Karol Bagh Metro Station,Match
12,Telephone Exchange Karol Bagh,Telephone Exchange,Slightly match
13,RAJENDER PLACE METRO STATION,Rajendra Palace,Not matched
14,West Patel Nagar,East Patel Nagar,Slightly match
15,South Patel Nagar (Metro Station),South Patel Nagar,Slightly match
16,West Patel Nagar,West Patel Nagar,Match
17,Shadipur DTC Colony Metro Station,Shadipur Metro Station,Slightly match
18,Shadipur Depot,Shadi Pur Depot,Match
19,Moti Nagar Industrial Area,Moti Nagar Industrial Area,Match
20,Karampura Terminal,Karampura Terminal,Match
21,B Block New Moti Nagar,New Moti nagar B - Block,Match
22,Punjabi Bagh Terminal,Punjabi Bagh Terminal,Match
23,Agarsen Hospital,Maharaja Aggrasen Hospital,Slightly match
24,Shivaji Park,Shivaji Park,Match
25,SPM College,SPM College,Match
26,Madipur Village,Madipur Village,Match
27,Madipur JJ Colony Metro Station,Madipur JJ Colony,Slightly match
28,Ordinance Depot,Ordinance Depot,Match
29,Shiva Enclave/ New Multan Nagar,New Multan Nagar,Slightly match
30,Multan Nagar,Multan Nagar,Match
31,Paschim Vihar Super Bazar (West Metro Station),Paschim Vihar Super Bazar,Slightly match
32,Peera Garhi Chowk,Peera Garhi,Slightly match
33,B Block Mangol Puri,Mangol Puri B - Block,Match
34,S Block Mangol Puri,Mangol Puri E Block,Slightly match
35,Avantika Xing,Avantika X-Ing,Match
36,Mangol Pur Khurd,Mangol Pur Khurd,Match
37,Mangolpuri Y Block,Y Block Mangol Puri,Match
38,Budh Vihar,Budh Vihar,Match
39,Krishna Vihar,Krishna Vihar,Match
40,Brahm Shakti Hospital,Brahm Shakti Hospital,Match
41,Pooth Kalan,Pooth kalan Village,Slightly match
42,Rohini Sec 21-22 Crossing,Rohini Sec -20/21 Xing,Not matched
43,Begumpur,Begam Pur,Slightly match
44,Rajiv Nagar,Rajiv Nagar,Match
45,Karala Patshala,Karala Pathshala,Match
46,Rama Vihar,Rama Vihar,Match
47,Karala Village,Karala,Slightly match
48,Desu Office,Desu Office,Match
49,Kanjhawla Chowk,Kanjhawala Chowk,Match
50,Kanjhawala Village,Kanjhawala Village,Match
