,OLD_STOPS,NEW_STOPS,OUTPUT
1,Nizamuddin Railway Station,Nizamuddin Railway Station,Match
2,Rajdoot Hotel,Rajdoot Hotel,Match
3,Bhogal (Jungpura),Bhogal,Slightly match
4,Nizamuddin Extension,Hazrat Nizamuddin Extn,Not matched
5,Police Station Nizamuddin (Dargah),P S Nizamuddin,Slightly match
6,Golf Club / Sunder Nagar,Golf Club,Slightly match
7,Kaka Nagar,Kaka Nagar,Match
8,Zoo,Zoo,Match
9,High Court,High Court,Match
10,Art Gallery,National Art Gailery,Slightly match
11,Baroda House,Baroda House,Match
12,Bhartiya Vidya Bhawan,Bhartiya Vidhya Bhawan,Match
13,Max Muller Bhawan,Max Muller Bhawan,Match
14,Scindia House,Scindia House,Match
15,Shivaji Stadium Terminal,Shivaji Stadium,Slightly match
16,Shaheed Bhagat Singh Marg,Shahid Bhagat Singh Mg.,Slightly match
17,Gole Market,Gole Market Peshwa Road,Slightly match
18,Balmiki Mandir Marg,Mandir Marg,Slightly match
19,Panchkuian Road Banwai Lal Hospital,Punchkuain Road / Banwari Lal Hosp.,Slightly match
20,VIDEOCON TOWER,Videocon Tower,Match
21,Jhandewalan,Jhandewalan,Match
22,Karol Bagh Terminal,Karol Bagh Terminal,Match
23,Faiz Road,Faiz Road,Match
24,DB Gupta Market,DB Gupta Market,Match
25,Thana DB Gupta Road,P.S. D.B. Gupta Road,Not matched
26,Prahlad Market,Prehlad Market,Match
27,Khalsa College,Dev Nagar Khalsa College,Slightly match
28,Anand Parvat Terminal,Anand Pravat,Slightly match
29,Sarai Rohila,Sarai Rohella,Slightly match
30,Anand Parvat Industrial Area,Anand Parvat Industrial Area,Match
31,Daya Basti Flyover,Daya Basti Flyover,Match
32,Zakhira Flyover,Zakhira Flyover,Match
33,Ashok Park,Ashoka Park,Match
34,Ram Pura,Ram Pura,Match
35,Jai Dev Park,Jai Dev Park,Match
36,Punjabi Bagh Power House,Power House (Punjabi Bagh),Match
37,Punjabi Bagh Terminal (Rohtak Road),Punjabi Bagh Terminal,Slightly match
38,Agarsen Hospital,Maharaja Aggrasen Hospital,Slightly match
39,Shivaji Park,Shivaji Park,Match
40,SPM College,SPM College,Match
41,Madipur Village,Madipur Village,Match
42,Madipur JJ Colony Metro Station,Madipur JJ Colony,Slightly match
43,Ordinance Depot,Ordinance Depot,Match
44,Shiva Enclave/ New Multan Nagar,New Multan Nagar,Slightly match
45,Multan Nagar,Multan Nagar,Match
46,Paschim Vihar Super Bazar (West Metro Station),Paschim Vihar Super Bazar,Slightly match
47,Peera Garhi Chowk,Peera Garhi,Slightly match
48,B Block Mangol Puri,B Block Mangol Puri,Match
49,Q-Block Mangolpuri,Mangol Puri Q Block,Match
50,T Block Mangol Puri,Mangol Puri R Block,Slightly match
51,Mangol Puri S Block,Mangol Puri S Block,Match
52,Sultan Puri AB Block Extension,Sultan Pur Xing,Not matched
53,Jalebi Chowk Sultan Puri AB Block,Jalebi Chowk,Slightly match
54,Sultanpuri Machhi Market,Sultanpuri Machhi Market,Match
55,Jalebi Chowk Sultan Puri AB Block,B Block Sultan Puri,Slightly match
56,Sultan Puri AB Block,C Block Sultan Puri,Slightly match
57,Sultan Puri Terminal,Sultan Puri Terminal,Match
