,OLD_STOPS,NEW_STOPS,OUTPUT
1,Nizamuddin Railway Station,Nizamuddin Railway Station,Match
2,Rajdoot Hotel,Rajdoot Hotel,Match
3,Bhogal (Jungpura),Bhogal,Slightly match
4,Nizamuddin Extension,Hazrat Nizamuddin Extn,Not matched
5,Police Station Nizamuddin (Dargah),P S Nizamuddin,Slightly match
6,Golf Club / Sunder Nagar,Golf Club,Slightly match
7,Kaka Nagar,Kaka Nagar,Match
8,Zoo,Zoo,Match
9,High Court,High Court,Match
10,Art Gallery,National Art Gailary,Slightly match
11,Baroda House,Baroda House,Match
12,Bhartiya Vidya Bhawan,Bhartiya Vidhya Bhawan,Match
13,Max Muller Bhawan,Max Muller Bhawan,Match
14,Scindia House,Scindia House,Match
15,Shivaji Stadium Terminal,Shivaji Stadium,Slightly match
16,Shaheed Bhagat Singh Marg,Shahid Bhagat Singh Mg.,Slightly match
17,Gole Market,Gole Market  Peshwa Road,Slightly match
18,PS Mandir Marg,Mandir Marg,Match
19,Balmiki Mandir,Balmiki Mandir,Match
20,Panchkuian Road Banwai Lal Hospital,Panch Kuian Road Banwai Lal Hospital,Match
21,VIDEOCON TOWER,Videocon Tower,Match
22,Jhandewalan,Jhandewalan,Match
23,Karol Bagh Terminal,Karol Bagh Terminal,Match
24,Faiz Road,Faiz Road,Match
25,DB Gupta Market,DB Gupta Market,Match
26,Thana DB Gupta Road,Thana DB Gupta Road,Match
27,Prahlad Market,Prehlad Market,Match
28,Khalsa College,Dev Nagar Khalsa College,Slightly match
29,Anand Parvat Terminal,Anand Pravat,Slightly match
30,Sarai Rohila,Sarai Rohilla,Match
31,Anand Parvat Industrial Area,Anand Parwat Industrial Area 1,Match
32,Daya Basti Flyover,Daya Basti Flyover,Match
33,Zakhira Flyover,Zakira Flyover,Match
34,Ashok Park,Ashoka Park,Match
35,Ram Pura,Ram Pura,Match
36,Jai Dev Park,Jaydev Park,Slightly match
37,Punjabi Bagh Power House,Power House (Punjabi Bagh),Match
38,Punjabi Bagh Terminal (Rohtak Road),Punjabi Bagh Terminal,Slightly match
39,Agarsen Hospital,Maharaja Aggrasen Hospital,Slightly match
40,Shivaji Park,Shivaji Park,Match
41,SPM College,SPM College,Match
42,Madipur Village,Madipur Village,Match
43,Madipur JJ Colony Metro Station,Madipur JJ Colony,Slightly match
44,Ordinance Depot,Ordinance Depot,Match
45,Shiva Enclave/ New Multan Nagar,New Multan Nagar,Slightly match
46,Multan Nagar,Multan Nagar,Match
47,Paschim Vihar Super Bazar (West Metro Station),Paschim Vihar Super Bazar,Slightly match
48,Peeragarhi Chowk,Peeragarhi,Slightly match
49,Peera Garhi Metro Station,Peeragarhi Metro Station,Match
50,Udyog Nagar,Udyog Nagar,Match
51,Inder Enclave,Inder Enclave,Match
52,Jwala Puri / Nangloi Depot,Jwala Puri,Slightly match
53,Nagloi Jj Colony 3,Nagloi JJ Colony 3,Match
54,Sultanpuri Crossing,Sultanpuri X ing,Not matched
55,NANGLOI JJ COLONY-2,nangloi,Slightly match
56,Nangloi JJ Colony Lokesh Cinema,Lokesh Cinema,Slightly match
57,Qamruddin Nagar Terminal,Qumruddin Nagar ,Slightly match
