,OLD_STOPS,NEW_STOPS,OUTPUT
1,Rohini Sec-15,Rohini Sector 16,Slightly match
2,Rohini Sec-16 Pocket-I,Rohini Sector 16 Xing,Not matched
3,Rohini Sec 17A and 16,Rohini Sec 17,Slightly match
4,Rohini Sec-11 (Aggarwal Sabha),Rohini Sec 11 F Block Corner,Not matched
5,Rohini Depot-II,Rohini Depot 2,Slightly match
6,ESI Hospital,ESI Hospital Rohini,Slightly match
7,Vidya Marg Crossing,Vidhya Vihar Marg,Not matched
8,DC Chowk Rohini,D.C.Chowk,Slightly match
9,Pratibha School Rohini Sec 9,Rohini Sec 9,Slightly match
10,Rohini Sec 7 8 Xing,Rohini Sec 7/8 Xing,Match
11,Madhuban Chowk (Outer Ring Road),Madhuvan Chowk,Slightly match
12,JD Block Pitam Pura,JD Blk Pitam Pura,Match
13,Dtc Colony Pitam Pura,DTC Colony Pitam Pura,Match
14,Kapil Vihar,Kapil Vihar,Match
15,Harsh Vihar,Harsh Vihar,Match
16,Lok Vihar,Lok Vihar ,Match
17,Road No-44 Crossing,Road No 44 Xing,Slightly match
18,Mahindra Park Road No-44,Mahindera Park,Slightly match
19,Samrat Enclave,Samrat Enclave,Match
20,Shakur Pur,Sakur Pur BA Block,Slightly match
21,Shakurpur Shiv Mandir,Shakur Pur Shiv Mandir,Match
22,Punjabi Bagh Terminal,Punjabi Bagh,Slightly match
23,New Moti Bagh B Block,New Moti nagar B Block,Slightly match
24,Karampura Terminal,Karam Pura Terminal,Match
25,Moti Nagar Industrial Area,Moti Nagar Industrial Area,Match
26,Shadipur Depot,Shadi Pur Depot,Match
27,Shadipur Metro Station,Shadi Pur Metro Station,Match
28,West Patel Nagar,West Patel Nagar,Match
29,South Patel Nagar (Metro Station),South Patel Nagar,Slightly match
30,East Patel Nagar,East Patel Nagar,Match
31,Shankar Road,Shankar Road,Match
32,New Rajender Nagar,New Rajinder Nagar,Match
33,Upper Ridge Road,Ridge Road,Slightly match
34,Talkatora Stadium,Talkatora Stadium,Match
35,Dr. RML Hospital,RML Hospital,Match
36,Talkatora Road,Talkatora Road,Match
37,Kendriya Terminal / Gurudwara Rakab Gunj,Gurudwara Rakab Gunj,Slightly match
38,Kendriya Terminal (Pt. Pant Marg),Kendriya Terminal,Slightly match
39,NDPO,NDPO,Match
40,Gurudwara Bangla Sahib,Gurudwara Bangla Sahib,Match
41,Patel Chowk,Patel Chowk,Match
42,Aakashwani Bhawan,Aakashwani Bhawan,Match
43,Madhuban Chowk Outer Ring Road,Krishi Bhawan,Not matched
44,T B Hospital,Udyog Bhawan,Not matched
45,Nirman Bhawan,Nirman Bhawan,Match
46,Claridges Hotel,Claridges Hotel,Match
47,Prithvi Raj Road Crossing,Prithvi Raj Road Crossing,Match
48,Prithvi Raj Road,Prithvi Raj Road,Match
49,SJ Madrasa,S.J. Madarsa,Slightly match
50,Lodhi Colony,Lodhi Road Crossing,Slightly match
51,Lodhi Colony 18-Block,Lodhi Colony 18,Match
52,Lodhi Colony,Lodhi Colony,Match
53,Central School Lodhi Road,Lodhi Road Central School,Match
54,CGO Complex,CGO Complex,Match
55,J L Nehru Stadium,J L Nehru Stadium,Match
