,OLD_STOPS,NEW_STOPS,OUTPUT
1,Jai Mata Market Tri Nagar Terminal,Tri Nager Jai Mata Mkt Terminal,Slightly match
2,A 1 Keshav Puram,A 1 Keshav Puram,Match
3,Shakur Pur JJ Colony/ Britannia,Britania,Not matched
4,Shakurpur JJColony,Shakur Pur Shiv Mandir,Not matched
5,Punjabi Bagh Club,Punjabi Bagh,Match
6,New Moti Bagh B Block,New Moti nagar B Block,Slightly match
7,Karampura Terminal,Karam Pura Terminal,Match
8,Moti Nagar Industrial Area,Moti Nagar Industrial Area,Match
9,Shadipur Depot,Shadi Pur Depot,Match
10,Shadipur Metro Station,Shadi Pur Metro Station,Match
11,West Patel Nagar,West Patel Nagar,Match
12,South Patel Nagar (Metro Station),South Patel Nagar,Slightly match
13,East Patel Nagar,East Patel Nagar,Match
14,Shankar Road,Shankar Road,Match
15,New Rajender Nagar,New Rajinder Nagar,Match
16,Upper Ridge Road,Ridge Road,Slightly match
17,Talkatora Stadium,Talkatora Stadium,Match
18,Dr. RML Hospital,RML Hospital,Match
19,Talkatora Road,Talkatora Road,Match
20,Kendriya Terminal / Gurudwara Rakab Gunj,Gurudwara Rakab Gunj,Slightly match
21,Kendriya Terminal (Church Road),Kendriya Terminal,Slightly match
22,NDPO,NDPO,Match
23,Gurudwara Bangla Sahib,Gurudwara Bangla Sahib,Match
24,Patel Chowk,Patel Chowk,Match
25,Aakashwani Bhawan,Aakashwani Bhawan,Match
26,Krishi Bhawan / Rail Bhawan Metro Station,Krishi Bhawan,Not matched
27,Udyog Bhawan,Udyog Bhawan,Match
28,Nirman Bhawan,Nirman Bhawan,Match
29,Claridges Hotel,Claridges Hotel,Match
30,Prithvi Raj Road Crossing,Prithvi Raj Road Crossing,Match
31,Prithvi Raj Road,Prithvi Raj Road,Match
32,SJ Madrasa,S.J. Madarsa,Slightly match
33,Lodhi Road Crossing,Lodhi Road Crossing,Match
34,Lodhi Colony 18-Block,Lodhi Colony 18,Match
35,Lodhi Colony,Lodhi Colony,Match
36,Central School Lodhi Road,Lodhi Road Central School,Match
37,CGO Complex,CGO Complex,Match
38,Sunehari Pulla Depot / Jawahar Lal Nehru Stadium Terminal,J L Nehru Stadium,Not matched
39,Ishpat Bhawan,Ishpat Bhawan,Match
40,Police Station Nizamuddin (Dargah),P.S. Nizamuddin,Slightly match
41,Nizamuddin Extension,Hazrat Nizamuddin,Not matched
42,Bhogal (Jungpura),Bhogal,Slightly match
43,Rojdoot Hotel,Rajdoot Hotal,Slightly match
44,Nizamuddin Railway Station,Nizamuddin Railway Station,Match
