,OLD_STOPS,NEW_STOPS,OUTPUT
1,Nizamuddin Railway Station,Nizamuddin Railway Station,Match
2,Kali Mata Mandir,Rajdoot Hotal,Not matched
3,Bhogal (Jungpura),Bhogal,Slightly match
4,Nizamuddin Extension,Hazrat Nizamuddin,Not matched
5,P S Nizamuddin,P.S. Nizamuddin,Match
6,Ishpat Bhawan,Ishpat Bhawan,Match
7,JLN Stadium (Sunehripulla Depot),J L Nehru Stadium,Not matched
8,CGO Complex,CGO Complex,Match
9,Central School Lodhi Colony,Lodhi Road Central School,Slightly match
10,Lodhi Colony Market,Lodhi Colony,Slightly match
11,Lodhi Colony 18-Block,Lodhi Colony 18,Match
12,Lodhi Colony,Lodhi Road Crossing,Slightly match
13,SJ Madrasa,S.J. Madarsa,Slightly match
14,Prithvi Raj Road,Prithvi Raj Road,Match
15,Prithvi Raj Road,Prithvi Raj Road Crossing,Slightly match
16,Claridges Hotel,Claridges Hotel,Match
17,Nirman Bhawan,Nirman Bhawan,Match
18,T B Hospital,Udyog Bhawan,Not matched
19,Madhuban Chowk Outer Ring Road,Krishi Bhawan,Not matched
20,Red Cross Road,Red Cross Road,Match
21,Aakashwani Bhawan,Aakashwani Bhawan,Match
22,Kendriya Terminal (Church Road),Kendriya Terminal,Slightly match
23,Kendriya Terminal / Gurudwara Rakab Gunj,Gurudwara Rakab Gunj,Slightly match
24,Talkatora Road,Talkatora Road,Match
25,Dr. RML Hospital,RML Hospital,Match
26,Talkatora Stadium,Talkatora Stadium,Match
27,Upper Ridge Road,Ridge Road,Slightly match
28,New Rajinder Nagar Post Office,New Rajinder Nagar,Slightly match
29,Shankar Road,Shankar Road,Match
30,West Patel Nagar,East Patel Nagar,Slightly match
31,South Patel Nagar (Metro Station),South Patel Nagar,Slightly match
32,West Patel Nagar,West Patel Nagar,Match
33,Shadipur DTC Colony Metro Station,Shadi Pur Metro Station,Not matched
34,Shadipur Depot,Shadi Pur Depot,Match
35,Moti Nagar Industrial Area,Moti Nagar Industrial Area,Match
36,Karampura Terminal,Karam Pura Terminal,Match
37,B Block New Moti Nagar,New Moti nagar B Block,Match
38,Punjabi Bagh,Punjabi Bagh,Match
39,Shakurpur Shiv Mandir,Shakur Pur Shiv Mandir,Match
40,Britannia Chowk Shakurpur,Britania,Not matched
41,C-1 Keshav Puram,A 1 Keshav Puram,Match
42,Tri Ngr Jai Mata Mkt Terminal,Trinager Jai Mata Mkt Terminal,Match
