,OLD_STOPS,NEW_STOPS,OUTPUT
1,J L Nehru Stadium (S. Pullah Nallah),J L Nehru Stadium,Slightly match
2,CGO Complex,CGO Complex,Match
3,Central School Lodhi Colony,Lodhi Road Central School,Slightly match
4,Lodhi Colony Market,Lodhi Colony,Slightly match
5,Lodhi Colony 18-Block,Lodhi Colony 18,Match
6,Lodhi Colony,Lodhi Road Crossing,Slightly match
7,SJ Madrasa,S.J. Madarsa,Slightly match
8,Prithvi Raj Road,Prithvi Raj Road,Match
9,Prithvi Raj Road,Prithvi Raj Road Crossing,Slightly match
10,Claridges Hotel,Claridges Hotel,Match
11,Nirman Bhawan,Nirman Bhawan,Match
12,T B Hospital,Udyog Bhawan,Not matched
13,Madhuban Chowk Outer Ring Road,Krishi Bhawan,Not matched
14,Red Cross Road,Red Cross Road,Match
15,Aakashwani Bhawan,Aakashwani Bhawan,Match
16,Kendriya Terminal (Church Road),Kendriya Terminal,Slightly match
17,Kendriya Terminal / Gurudwara Rakab Gunj,Gurudwara Rakab Gunj,Slightly match
18,Talkatora Road,Talkatora Road,Match
19,Dr. RML Hospital,RML Hospital,Match
20,Talkatora Stadium,Talkatora Stadium,Match
21,Upper Ridge Road,Ridge Road,Slightly match
22,New Rajinder Nagar Post Office,New Rajinder Nagar,Slightly match
23,Shankar Road,Shankar Road,Match
24,West Patel Nagar,East Patel Nagar,Slightly match
25,South Patel Nagar (Metro Station),South Patel Nagar,Slightly match
26,West Patel Nagar,West Patel Nagar,Match
27,Shadipur DTC Colony Metro Station,Shadi Pur Metro Station,Not matched
28,Shadipur Depot,Shadi Pur Depot,Match
29,Moti Nagar Industrial Area,Moti Nagar Industrial Area,Match
30,Karampura Terminal,Karam Pura Terminal,Match
31,B Block New Moti Nagar,New Moti nagar B Block,Match
32,Punjabi Bagh,Punjabi Bagh,Match
33,Shakurpur Shiv Mandir,Shakur Pur Shiv Mandir,Match
34,Shakur Pur,Sakur Pur BA Block,Slightly match
35,Samrat Enclave,Samrat Enclave,Match
36,Rajdhani Enclave / Mahindra Park,Mahindera Park,Slightly match
37,Raja Park,Raja Park,Match
38,Rani Bagh,Rani Bagh,Match
39,Keshav Mahavidhyalaya,Keshav Mahavidyalya,Match
40,Parvana R Xing,Parvana Road Crossing (Road No. 42),Not matched
41,Bank Colony,Bank Colony,Match
42,Tarun Enclave,Tarun Enclave,Match
43,Bal Bharti School P R,Bal Bharti School (Parwana Road),Slightly match
44,Police Line,Police Line,Match
45,West Enclave,West Enclave,Match
