,OLD_STOPS,NEW_STOPS,OUTPUT
1,Shalimar Bagh BH Block,BH Block Shalimar Bagh,Match
2,Shalimar Bagh BJ Block,Shalimar Bagh Community Centre,Not matched
3,Shalimar Bagh AE Block,AE Block Shalimar Bagh,Match
4,Shalimar Bagh BA Block,B Block Shalimar Bagh,Match
5,Shalimar Bagh A Block,A Block Shalimar Bagh,Match
6,Azadpur Terminal,Azadpur ,Slightly match
7,Model Town-III,Model Town III,Match
8,Model Town II,Model Town II,Match
9,Alpana Cinema (Model Town Mtr Stn),Alpana Cinema,Slightly match
10,New Police Line,New Police Line,Match
11,GTB Nagar,G.T.B Nagar,Match
12,INS Hostel,INS Hostel,Match
13,Vishwa Vidyalaya Metro Station,Vishva vidyalaya metro station,Match
14,Mall Road,Mall Road ,Match
15,Banarsi Daas Estate Timarpur,Banarasi  Dass Estate,Not matched
16,Timarpur,Timar Pur,Match
17,Balak Ram Hospital,Balak Ram Hospital,Match
18,Police Station Timarpur,Police Station Timar Pur,Match
19,Nehru Vihar Xing,Nehru Vihar Xing,Match
20,Wazirabad Crossing GT Road,Wazirabad Crossing,Match
21,Gurudwara NanakSar,Nanak Sar,Slightly match
22,Rajeev Nagar (Wazirabad Road),Rajiv Nagar,Slightly match
23,Khajuri,Khazoori,Not matched
24,Bhajanpura,Bhajan Pura,Match
25,B-Block Yamuna Vihar,B Block Yamuna Vihar,Match
26,Yamuna Vihar Brij Puri,C Block Yamuna Vihar,Not matched
27,C 4 Yamuna Vihar,C 4 Yamuna Vihar,Match
28,B R Ambedkar College (Loni Road Xing),Dr. B.R. Ambedkar College,Slightly match
29,MIG Flates Loni Road,MIG Flats Loni Road,Match
30,Ashok Nagar / Meet Nagar,Ashok Nagar,Slightly match
31,Nand Nagari Depot,Nand Nagri Depot,Match
32,Bank Colony,Bank Colony,Match
33,Gagan Cinema,Gagan Cinema,Match
34,Sunder Nagari,Sunder Nagari,Match
35,Tahir Pur,Tahir Pur Village,Slightly match
36,Anand Gram,Anand Gram,Match
37,Dlf X-Ing,DLF Crossing,Not matched
38,Shalimar Garden Crossing,Shalimar Garden,Slightly match
39,New Seema Puri Depot Cluster,New Seema Puri ,Slightly match
40,New Seema Puri,Seema Puri,Match
41,JandK Pocket Dilshad Garden,J&K Pkt Dilshad Garden ,Slightly match
42,Shahdra Border,Shahdara Border,Match
43,Surya Nagar,Surya Nagar,Match
44,Ram Prastha Temple,Ram Prastha,Slightly match
45,Ram Prastha Crossing,Ram Prastha Crossing,Match
46,Anand Vihar ISBT Main Road, Anand Vihar ISBT Main Road,Match
47,Maharaj Pur Check Post,Maharaj Pur Check Post,Match
48,Gazipur Depot,Gazi Pur Depot,Match
49,ISBT Anand Vihar,Anand Vihar (ISBT),Match
