,OLD_STOPS,NEW_STOPS,OUTPUT
1,Anand Vihar ISBT Terminal,Anand Vihar (ISBT),Match
2,Ram Prastha Crossing,Ram Prastha Crossing,Match
3,Ram Prastha Temple,Ram Prastha,Slightly match
4,Surya Nagar,Surya Nagar,Match
5,Shahdara Border,Shahdara Border,Match
6,JandK Pocket Dilshad Garden,J&K Pkt Dilshad Garden ,Slightly match
7,Old Seema Puri,Seema Puri,Match
8,New Seema Puri,New Seema Puri ,Match
9,Shalimar Garden More,Shalimar Garden,Match
10,DLF Crossing,DLF Crossing,Match
11,Anand Gram Kusht Ashram,Anand Gram,Slightly match
12,Tahir Pur,Tahir Pur Village,Slightly match
13,Sunder Nagri,Sunder Nagari,Match
14,Gagan Cinema,Gagan Cinema,Match
15,Gagan Cinema (Wazirabad Road),Gagan Cinema Xing,Slightly match
16,Bank Colony,Bank Colony,Match
17,Nand Nagari Depot,Nand Nagri Depot,Match
18,Ashok Nagar / Meet Nagar,Ashok Nagar,Slightly match
19,MIG Flates Loni Road,MIG Flats Loni Road,Match
20,B R Ambedkar College (Loni Road Xing),Dr. B.R. Ambedkar College,Slightly match
21,C 4 Yamuna Vihar,C 4 Yamuna Vihar,Match
22,Yamuna Vihar Brijpuri,C Block Yamuna Vihar,Not matched
23,B-Block Yamuna Vihar,B Block Yamuna Vihar,Match
24,Bhajanpura,Bhajan Pura,Match
25,Khajuri,Khazoori,Not matched
26,Rajeev Nagar (Signature Bridge),Rajiv Nagar,Not matched
27,Gurudwara Nanak Sar,Nanak Sar,Slightly match
28,Wazirabad Crossing,Wazirabad Crossing,Match
29,Nehru Vihar Xing,Nehru Vihar Xing,Match
30,Police Station Timarpur,Police Station Timar Pur,Match
31,Balak Ram Hospital,Balak Ram Hospital,Match
32,Timarpur,Timar Pur,Match
33,Banarsi Daas Estate Timarpur,Banarasi  Dass Estate,Not matched
34,Mall Road,Mall Road ,Match
35,Vishwa Vidyalaya Metro Station,Vishva vidyalaya metro station,Match
36,INS Hostel,INS Hostel,Match
37,GTB Nagar,G.T.B Nagar,Match
38,New Police Lines,New Police Line,Match
39,Model Town II,Alpana Cinema,Match at 40 in new_data list
40,Model Town II,Model Town II,Match
41,Model Town III,Model Town III,Match
42,Azadpur Metro station,Azadpur ,Not matched
43,Shalimar Bagh AE Block,A Block Shalimar Bagh,Match
44,Shalimar Bagh BA Block,B Block Shalimar Bagh,Match
45,Shalimar Bagh AE Block,AE Block Shalimar Bagh,Match
46,Shalimar Bagh BA Block,Shalimar Bagh Community Centre,Not matched
47,bh-blk. shalimar bagh,BH Block Shalimar Bagh,Match
