,OLD_STOPS,NEW_STOPS
1,,Anand Vihar (ISBT)
2,,Ram Prastha Crossing
3,,Ram Prastha
4,,Surya Nagar
5,,Shahdara Border
6,,J&K Pkt Dilshad Garden 
7,,Seema Puri
8,,New Seema Puri 
9,,Shalimar Garden
10,,DLF Crossing
11,,Anand Gram
12,,Tahir Pur Village
13,,Sunder Nagari
14,,Gagan Cinema
15,,Gagan Cinema Crossing
16,,Bank Colony
17,,Nand Nagri Depot
18,,Ashok Nagar
19,,MIG Flats Loni Road
20,,Dr. B.R. Ambedkar College
21,,C-4 Yamuna Vihar
22,,C-Block Yamuna Vihar
23,,B Block Yamuna Vihar
24,,Bhajan Pura
25,,Khazoori
26,,Rajiv Nagar
27,,Nanak Sar
28,,Wazirabad Crossing
29,,Nehru Vihar Xing
30,,Police Station Timar Pur
31,,Balak Ram Hospital
32,,Timar Pur
33,,Banarasi  Dass Estate
34,,Mall Road 
35,,Vishva vidyalaya metro station
36,,INS Hostel
37,,G.T.B Nagar
38,,New Police Line
39,,Alpana Cinema
40,,Model Town-II
41,,Model Town-III
42,,Azadpur 
43,,Shalimar Bagh Xing
44,,Ashok Vihar Crossing
45,,Richi Rich Shalimar Bagh
46,,Prem Bari Pull
47,,Subhash Place Depot (Punjab Keshri)
48,,Wazirpur Depot
49,,Guru Govind Singh College
50,,DDA Office TV Tower
51,,ND-Block Pitam Pura
52,,DAV Public School
53,,KD Block PitamPura
54,,AP Block PitamPura
55,,CD Block Pitam Pura
56,,Power House
57,,Madhuban Chowk 
58,,Rohini Sec -8
59,,Rohini Sector-7/8 X-ing
60,,Rohini Sec 9
61,,Rohini West Metro Station.
62,,Rohini Depot 1
63,,Rajeev Gandhi Cancer Hospital
64,,Rithala Metro Station
65,,Rithala Village Crossing
66,,Rohini Sec 24/25 Corner
67,,Rohini Sector 25 Deep Vihar
