,OLD_STOPS,NEW_STOPS,OUTPUT
1,Bawana Village,Bawana Village,Match
2,Bawana School,Primary School Bawana,Slightly match
3,Bawana Village,Panchayat Ghar Bawana,Not matched
4,ISWAR COLONY,Ishwar Colony,Match
5,Bajit Pur X-lng,Bajit Pur Xing,Slightly match
6,Shri Krishna Gaushala,Shri Krishna Dairy Farm,Not matched
7,Prem Piyau,Prem Piao,Slightly match
8,CHAND PUR X-ING,Chand Pur Xing,Match
9,Kanjhawala Chowk,Kanjhawala ,Slightly match
10,Shivam Plywood,Shivam Plywood,Match
11,Radha Swami Satsang / Rupali Enclave,Radha Swami Satsang,Slightly match
12,Shiv vihar/Bheem chowk,Shiv Vihar Bheem Chowk,Match
13,Desu Office Karala,Desu Office,Slightly match
14,Karala Crossing,Karala Crossing,Match
15,Karala Village,Karala,Slightly match
16,Karala School,Karala School,Match
17,Rama Vihar,Rama Vihar,Match
18,Rajeev Nagar,Rajiv Nagar,Slightly match
19,Begumpur,Begam Pur,Slightly match
20,Aggarsain Hospital (Rohini Sec 22),Rohini Sector-21,Not matched
21,Rohini Sec 20/21 More,Rohini Sec-20/21 Xing,Slightly match
22,Pooth Kalan,Pooth Kalan,Match
23,Brahm shakti hospital,Braham Shakti Hospital,Match
24,Krishna Vihar,Krishna Vihar,Match
25,Buddh vihar,Budh Vihar,Match
26,Mangol Puri Y Block,Y-Blk Mangol Puri,Slightly match
27,Mangol Pur Khurd,Mangolpur khurd,Match
28,Avantika Xing,Avantika Xing,Match
29,Mangol Pur Khurd,Mangol Pur Kalan,Match at 27 in new_data list
30,Mangol Pur School (Kanjhawla Road),Mangol Pur School,Slightly match
31,West Enclave,West Enclave,Match
32,Mangol Puri B Block / Vidya Vihar,B-Block Mangol Puri Ring Road,Not matched
33,Peera Garhi Chowk,Peera Garhi ,Slightly match
34,Peera Garhi Chowk,Peera Garhi Depot,Not matched
35,P.Vihar Power Houe,Paschim Vihar Power House,Slightly match
36,Sundar Apartments,Sunder Apartment,Match
37,Sunder Vihar,Sunder Vihar ,Match
38,Meera Bagh,Meera Bagh Apartment,Slightly match
39,Meera Bagh Apartment,Meera Bagh,Slightly match
40,Keshopur Depot,Kesho Pur Depot,Match
41,Major Bhupinder Singh Nagar,Major Bhupinder Singh Nagar,Match
42,CRPF Camp,CRPF Camp,Match
43,Manohar Nagar,Manohar Nagar,Match
44,Krishna Park,Krishna Park Extn.,Match
45,Kangra Niketan,Kangra Niketan,Match
46,District Centre Outer Ring Road,District Centre Janak Puri,Not matched
47,Dholi Piao,Dholi Piau,Slightly match
48,Vikaspuri Crossing (Shivaji Marg),Vikas Puri Xing,Not matched
49,Uttam Nagar Terminal,Uttam Nagar Terminal,Match
