,OLD_STOPS,NEW_STOPS,OUTPUT
1,Uttam Nagar Terminal,Uttam Nagar Terminal,Match
2,Vikas Puri Crossing,Vikas Puri Xing,Slightly match
3,Dholi Piao,Dholi Piau,Slightly match
4,Dholi Piao,District Centre Janak Puri,Not matched
5,Kangra Niketan,Kangra Niketan,Match
6,Krishna Park,Krishna Park Extn.,Match
7,Manohar Nagar,Manohar Nagar,Match
8,CRPF Camp Keshopur,CRPF Camp,Slightly match
9,Major Bhupinder Singh Marg,Major Bhupinder Singh Nagar,Match
10,Keshopur Depot,Kesho Pur Depot,Match
11,Meera Bagh,Meera Bagh,Match
12,Meera Bagh,Meera Bagh Apartment,Slightly match
13,Sunder Vihar,Sunder Vihar ,Match
14,Sunder Apartment,Sunder Apartment,Match
15,P.Vihar Power Houe,Paschim Vihar Power House,Slightly match
16,Peera Garhi Depot,Peera Garhi Depot,Match
17,Peera Garhi Chowk,Peera Garhi ,Slightly match
18,Mangol Puri B Block / Vidya Vihar,B-Block Mangol Puri Ring Road,Not matched
19,West Enclave,West Enclave,Match
20,Mangolpur School,Mangol Pur School,Match
21,Mangolpur Kalan Village,Mangol Pur Kalan,Not matched
22,Avantika Xing,Avantika Xing,Match
23,Mangol Pur Khurd,Mangolpur khurd,Match
24,Mangolpuri Y Block,Y-Blk Mangol Puri,Slightly match
25,Budh Vihar,Budh Vihar,Match
26,Krishna Vihar,Krishna Vihar,Match
27,Brahm Shakti Hospital,Braham Shakti Hospital,Match
28,Pooth Kalan,Pooth Kalan,Match
29,Rohini Sec-23 Pkt-C Crossing,Rohini Sec-23 Pkt-C Crossing,Match
30,Rohini Sec-24,Rohini Sec-24,Match
31,Prehlad Vihar (Deep Vihar),Deep Vihar ,Slightly match
32,Prahlad Vihar,Prahlad Vihar,Match
33,Prehladpur Crossing,Prahlad Pur Crossing ,Match
34,Prehladpur Village,Prahlad Pur ,Not matched
35,Prehladpur School,Prahlad Pur School,Match
36,Jain Colony,Jain Colony,Match
37,Barwala School,Barwala School,Match
38,Barwala Village,Barwala ,Slightly match
39,DHARAMSHALA POOTH KHURD,Pooth Khurd,Slightly match
40,Dharamshala Pooth Khurd,Pooth Khurd Dharamshala,Match
41,Pooth Khurd Hospital,Balmiki Hospital Pooth,Not matched
42,DSIDC Bawana/ Dhakewala,Dhakewala,Slightly match
43,DSIDC Sec-1 (Bawana),Industrial Area Bawan Sec-3,Not matched
44,DSIDC Office Bawana,DSIDC Bawana Sec-1,Not matched
45,Aditi College Bawana,Aditi College,Slightly match
46,Bawana School,Bawana Primary School,Slightly match
47,Bawana Primary Scl,Bawana ,Not matched
48,CRPF Camp Keshopur,CRPF Camp,Slightly match
49,Ghoga Air Force Station,Ghoga Air Force Station,Match
50,Jain Shukla Mandir,Jain Shukla Mandir,Match
51,Sannoth Xing,Sannoth Xing,Match
52,Ghoga Village,Ghoga Village,Match
