,OLD_STOPS,NEW_STOPS,OUTPUT
1,Ghoga Village,Ghoga Village,Match
2,Sannoth Crossing / Ghoga Crossing,Sannoth Xing,Not matched
3,Jain Shukla Mandir,Jain Shukla Mandir,Match
4,GHOGA AIR FORCE STATION,Ghoga Air Force Station,Match
5,CRPF Camp,CRPF Camp,Match
6,Bawana Depot,Bawana,Slightly match
7,Bawana School,Bawana Primary School,Slightly match
8,Aditi College Bawana,Aditi College,Slightly match
9,DSIDC Bawana/ Dhakewala,DSIDC Bawana Sec-1,Not matched
10,DSIDC Office Bawana,Industrial Area Bawan Sec-3,Not matched
11,DSIDC Bawana/ Dhakewala,Dhakewala,Slightly match
12,MRB Hospital,Balmiki Hospital Pooth,Slightly match
13,Pooth Khurd,Pooth Khurd Dharamshala,Slightly match
14,Sultan Pur Crossing / Poothkhurd,Pooth Khurd,Not matched
15,Barwala Village,Barwala ,Slightly match
16,Barwala School,Barwala School,Match
17,Jain Colony,Jain Colony,Match
18,Prehladpur School,Prahlad Pur School,Match
19,Prehladpur Crossing,Prahlad Pur ,Not matched
20,Prahlad Pur,Prahlad Pur Crossing ,Slightly match
21,Prehlad Vihar (Deep Vihar),Prahlad Vihar,Slightly match
22,Prehlad Vihar (Deep Vihar),Deep Vihar ,Slightly match
23,Sec-24 Rohini,Rohini Sec-24,Match
24,Rohini Sec 20/21 More,Rohini Sec-23 Pkt-C Crossing,Not matched
25,Pooth Kalan,Pooth Kalan,Match
26,Brahm shakti hospital,Braham Shakti Hospital,Match
27,Krishna Vihar,Krishna Vihar,Match
28,Buddh vihar,Budh Vihar,Match
29,Mangol Puri Y Block,Y-Blk Mangol Puri,Slightly match
30,Mangol Pur Khurd,Mangolpur khurd,Match
31,Avantika Xing,Avantika X-Ing,Match
32,Mangol Pur Khurd,Mangol Pur Kalan,Match at 30 in new_data list
33,Mangol Pur School (Kanjhawla Road),Mangol Pur School,Slightly match
34,West Enclave,West Enclave,Match
35,Mangol Puri B Block / Vidya Vihar,B-Block Mangol Puri Ring Road,Not matched
36,Peera Garhi Chowk,Peera Garhi ,Slightly match
37,Peera Garhi Depot,Peera Garhi Depot,Match
38,P.Vihar Power Houe,Paschim Vihar Power House,Slightly match
39,Sundar Apartments,Sunder Apartment,Match
40,Sunder Vihar,Sunder Vihar ,Match
41,Meera Bagh,Meera Bagh Apartment,Slightly match
42,Meera Bagh Apartment,Meera Bagh,Slightly match
43,Keshopur Depot,Kesho Pur Depot,Match
44,Major Bhupinder Singh Nagar,Major Bhupinder Singh Nagar,Match
45,CRPF Camp,CRPF Camp,Match
46,Manohar Nagar,Manohar Nagar,Match
47,Krishna Park,Krishna Park Extn.,Match
48,Kangra Niketan,Kangra Niketan,Match
49,District Centre Outer Ring Road,District Centre Janak Puri,Not matched
50,Dholi Piao,Dholi Piau,Slightly match
51,Vikaspuri Crossing (Shivaji Marg),Vikas Puri XING,Not matched
52,Uttam Nagar Terminal,Uttam Nagar Terminal,Match
