,OLD_STOPS,NEW_STOPS,OUTPUT
1,Uttam Nagar Terminal,Uttam Nagar Terminal,Match
2,Vikas Puri Crossing,Vikas Puri X ing,Not matched
3,Dholi Piao,Dholi Piao,Match
4,District Centre Najafgarh Road,Distrist Centre Janak Puri,Not matched
5,Kangra Niketan,Kangra Niketan,Match
6,Krishna Park,Krishna Park Extn,Match
7,Manohar Nagar,Manohar Nagar,Match
8,CRPF Camp Keshopur,CRPF Camp,Slightly match
9,Major Bhupinder Singh Marg,Major Bhupinder Singh Nagar,Match
10,Keshopur Depot,Kesho Pur Depot,Match
11,Meera Bagh,Meera Bagh,Match
12,Meera Bagh,Meera Bagh Appt,Slightly match
13,Sunder Vihar,Sunder Vihar ,Match
14,Sunder Apartment,Sunder Apartment,Match
15,Paschim vihar Power House,Power House Paschim Vihar,Match
16,Peera Garhi Chowk,Peera Garhi Depot,Not matched
17,Peera Garhi Chowk,Peera Garhi,Slightly match
18,Mangol Puri B Block / Vidya Vihar,B Block Mangol Puri Ring Road,Not matched
19,West Enclave,West Enclave,Match
20,Mangolpur School,Mangol Pur School,Match
21,Mangol Pur Khurd,Mangol Pur Kalan,Match at 23 in new_data list
22,Avantika Xing,Avantika Xing,Match
23,Mangol Pur Khurd,Mangolpur khurd,Match
24,Mangolpuri Y Block,Y Blk. Mangol Puri,Slightly match
25,Budh Vihar,Budh Vihar,Match
26,Krishna Vihar,Krishna Vihar,Match
27,Brahm Shakti Hospital,Brahm Shakti Hospital,Match
28,Pooth Kalan,Pooth Kalan,Match
29,Rohini Sec-23 Pkt-C Crossing,Rohini Sec 23 Pkt X-ing,Slightly match
30,Rohini Sec-24,Sector 24 Pocket 5,Not matched
31,Prehlad Vihar (Deep Vihar),Deep Vihar,Slightly match
32,Prahlad Vihar,Prehlad Vihar,Match
33,Prehladpur Crossing,Prahlad Pur Crossing,Match
34,Prehladpur Village,Prehlad Pur Village,Match
35,Prehladpur School,Prehlad Pur School,Match
36,Jain Colony,Jain Colony,Match
37,Barwala School,Barwala Pathshala,Not matched
38,Barwala Village,Barwala,Slightly match
39,Poothkhurd Firni Road,Pooth Khurd,Not matched
40,Sultan Pur Crossing / Poothkhurd,Pooth Khurd Dharamshala,Not matched
41,Balmiki Hospital Pooth,Mahrishi Balmiki Hospital,Not matched
42,DSIDC Bawana/ Dhakewala,Dhakewala,Slightly match
43,Industrial Area Bawan Sec-3,Bawana Industrial Area Sec3,Slightly match
44,Dsidc Sec  1,DSIDC Bawana Sec 1,Slightly match
45,Aditi College Bawana,Aditi College,Slightly match
46,DSIDC Bawana/ Dhakewala,Bawana Primary School,Not matched
47,DSIDC Sec-1 (Bawana),Bawana,Not matched
48,Bawana Depot,Bawana Depot,Match
49,PS Bawana,PS Bawana,Match
50,Darya Pur Village,Darya Pur Village,Match
51,Dariyapur Gaon,Daria Pur School,Not matched
52,Harewali Xing,Harewali Xing,Match
53,harewali village,Harewali Village,Match
