,OLD_STOPS,NEW_STOPS,OUTPUT
1,Katewara Village,Harewali Village,Not matched
2,HAREWALI MORE,Harewali Xing,Not matched
3,DARYA PUR SCHOOL,Daria Pur School,Match
4,Dariyapur Kalan School,Darya Pur Village,Not matched
5,PS Bawana,PS Bawana,Match
6,Bawana Depot,Bawana Depot,Match
7,Bawana Village,Bawana,Slightly match
8,Bawana School,Bawana Primary School,Slightly match
9,Aditi College Bawana,Aditi College,Slightly match
10,DSIDC Bawana/ Dhakewala,DSIDC Bawana Sec 1,Not matched
11,DSIDC Office Bawana,Bawana Indus' Area sec 3,Not matched
12,Dhakewala Bawana,Dhakewala,Slightly match
13,MRB Hospital,Maharshi Balmiki Hospital,Slightly match
14,Pooth Khurd,Pooth Khurd Dharamshala,Slightly match
15,Sultan Pur Crossing / Poothkhurd,Pooth Khurd,Not matched
16,Barwala Village,Barwala,Slightly match
17,Barwala School,Barwala Pathshala,Not matched
18,Jain Colony,Jain Colony,Match
19,Prehladpur School,Prehlad Pur School,Match
20,Prehladpur Village,Prehlad Pur Village,Match
21,Prehladpur Crossing,Prahlad Pur Crossing,Match
22,Prehlad Vihar (Deep Vihar),Prehlad Vihar,Slightly match
23,Prehlad Vihar (Deep Vihar),Deep Vihar,Slightly match
24,Sec-24 Rohini,Sector 24 Pocket 5,Not matched
25,Rohini Sec 20/21 More,ROHINI SEC 23 Pkt-C,Not matched
26,Pooth Kalan,Pooth Kalan,Match
27,Brahm shakti hospital,Brham Shakti Hospital,Match
28,Krishna Vihar,Krishna Vihar,Match
29,Buddh vihar,Budh Vihar,Match
30,Mangol Puri Y Block,Y Blk Mangol Puri,Slightly match
31,Mangol Pur Khurd,Mangol Pur Khurd,Match
32,Avantika Xing,Avantika X ing,Match
33,Mangol Pur Khurd,Mangol Puri Kalan,Match at 31 in new_data list
34,Mangol Pur School (Kanjhawla Road),Mangol Pur School,Slightly match
35,West Enclave,West Enclave,Match
36,Mangol Puri B Block / Vidya Vihar,B Block Mangol Puri Ring Road,Not matched
37,Peera Garhi Chowk,Peera Garhi,Slightly match
38,Peera Garhi Chowk,Peera Garhi Depot,Not matched
39,P.Vihar Power Houe,P.Vihar Power Houe,Match
40,Sundar Apartments,Sunder Apartment,Match
41,Sunder Vihar,Sunder Vihar ,Match
42,Meera Bagh,Meera Bagh Appt,Slightly match
43,Meera Bagh Apartment,Meera Bagh,Slightly match
44,Keshopur Depot,Kesho Pur Depot,Match
45,Major Bhupinder Singh Nagar,Major Bhupinder Singh Nagar,Match
46,CRPF Camp,CRPF Camp,Match
47,Manohar Nagar,Manohar nagar,Match
48,Krishna Park,Krishna Park Extn,Match
49,Kangra Niketan,Kangra Niketan,Match
50,District Centre Outer Ring Road,District Centre janakpuri,Not matched
51,Dholi Piao,Dholi Piau,Slightly match
52,Vikaspuri Crossing (Shivaji Marg),Vikas Puri Crossing,Slightly match
53,uttam nager terminal,Uttam Nager Terminal,Match
