,OLD_STOPS,NEW_STOPS,OUTPUT
1,Najafgarh Terminal,NAJAF GARH TERMINAL,Match
2,Jharoda Crossing,JHARODA XING,Not matched
3,NAJAFGARH,NAJAFGARH Nangloi Stand,Slightly match
4,DICHAON KALAN DEPOT,DICHAON KALAN DEPOT,Match
5,Dichau Kalan Depot,DK DEPOT,Slightly match
6,Jai Vihar,JAI VIHAR,Match
7,AirForce Station (BaniCamp),BUNNY CAMP,Not matched
8,Baprola Village,BAPROLA,Slightly match
9,Baprola School,BAPROLA SCHOOL,Match
10,sattam vihar,SATYAM VIHAR,Match
11,TILANG PUR KOTLA,TILANG PUR KOTLA,Match
12,RANHOLA,RANHOLA,Match
13,NILOTHI CROSSING,NILOTHI CROSSING,Match
14,LAXMI PARK COLONY,LAXMI PARK COLONY,Match
15,Shiv Ram Park,SHIV RAM PARK,Match
16,RAM NAGAR COLONY BQS,RAM NAGAR COLONY BQS,Match
17,Qamruddin Nagar,KAMARUDDIN NAGAR,Slightly match
18,Nangloi Metro Station,Nangloi  ,Not matched
19,Sultan Puri Crossing,SULTAN PURI CROSSING,Match
20,Nagloi Jj Colony 3,NANGLOI JJ COLONY 3,Match
21,Jwala Puri / Nangloi Depot,JWALA PURI,Slightly match
22,Inder Enclave,INDER ENCLAVE,Match
23,Udyog Nagar,UDYOG NAGAR,Match
24,Peera Garhi Metro Station,PEERAGARHI METRO STATION,Match
25,Peera Garhi Chowk,PEERA GARHI,Slightly match
26,Paschim Vihar Super Bazar (West Metro Station),PASHCHIM VIHAR(SUPER BAZAR),Slightly match
27,Multan Nagar,MULTAN NAGAR,Match
28,Avtar Enclave,AVTAR ENCLAVE,Match
29,Multan Nagar,NEW MULTAN NAGAR,Match
30,Madipur JJ Colony Metro Station,MADI PUR J.J COLONY,Slightly match
31,Madipur Village,MADIPUR VILLAGE,Match
32,SPM College,SPM COLLEGE,Match
33,Shivaji Park,SHIVAJI PARK,Match
34,Agarsen Hospital,MAHARAJA AGGARSAIN HOSPITAL,Slightly match
35,Punjabi Bagh Terminal,PUNJABI BAGH,Slightly match
36,SHAKUR PUR SHIV MANDIR,SHAKUR PUR SHIV MANDIR,Match
37,Britannia Chowk Shakurpur,BRITANIA,Not matched
38,TELEPHONE EXCHNAGE,TELEPHONE EXCHANGE,Match
39,Wazirpur DTC Depot Ring Road,WAZIRPUR DEPOT,Slightly match
40,Wazirpur Depot / Subhash Place Depot,SUBHASH PLACE DEPOT,Slightly match
41,Prem Bari Pull,PREM BADI PUR,Slightly match
42,Shalimar Bagh,RICHI RICH SHALIMAR BAGH,Slightly match
43,Ashok Vihar Xing,ASHOK VIHAR XING,Match
44,Shalimar Bagh Richi Rich,SHALIMAR BAGH CROSSING,Not matched
45,Azadpur Terminal,AZADPUR TERMINAL,Match
