,OLD_STOPS,NEW_STOPS
1,,NARELA TERMINAL
2,,P.S. NARELA
3,,RAM DEV CHOWK
4,,A-9 NARELA
5,,S.RAJA HARISH CHANDER HOSPITAL
6,,MUNIM JI KA BAGH
7,,NEW ANAJ MANDI
8,,NARELA RAILWAY X-ING
9,,VISHAL BAGH
10,,BAL BICHU GHAR
11,,SWATANTRA NAGAR
12,,MAHARAJA AGGRASEN PUBLIC SCHOOL
13,,BHARAT MATA PUBLIC SCHOOL
14,,KAUSHALYA DEVI BLIND ASHRAM
15,,SANNOTH X-ING
16,,GHOGA AIR FORCE STATION
17,,JAIN SHUKLA MANDIR
18,,J J COLONY BAWANA
19,,BAWANA
20,,DSIDC BAWANA SEC-1
21,,PRIMARY SCHOOL BAWANA
22,,PANCHAYAT GHAR BAWANA
23,,ISWAR COLONY
24,,BAJIT PUR X-ING
25,,SHRI KRISHNA DAIRY FARM
26,,PREM PIAO
27,,CHAND PUR X-ING
28,,KANJHAWALA CHOWK
29,,SHIVAM PLYWOOD
30,,RUPALI ENCLAVE -RS SATSANG
31,,SHIV VIHAR BHEEM CHOWK
32,,DESU OFFICE
33,,KARALA
34,,MADANPUR DABAS
35,,MUBARAK PUR X-ING
36,,RANI KHERA X-ING
37,,MEER VIHAR
38,,MUBARAK PUR DABAS
39,,NITHARI VILLAGE
40,,NANGLOI
