,OLD_STOPS,NEW_STOPS,OUTPUT
1,Sayed Nangloi,MUBARAK PUR DABAS,Not matched
2,NITHARI VILLAGE,MUBARAK PUR X-ING,Not matched
3,Mubarak Pur Dabas,MADAN PUR DABAS,Slightly match
4,Meer Vihar,KARALA,Not matched
5,Rani Khera School / Bhagya Vihar,DESU OFFICE,Not matched
6,Mubarak Pur Crossing,SHIV VIHAR,Not matched
7,Madan Pur Dabas,KANJHAWALA CHOWK,Match at 3 in new_data list
8,Karala Village,CHAND PUR CROSSING,Not matched
9,Desu Office,PREM PIAO,Match at 5 in new_data list
10,Shiv Vihar Bheem Chowk,SHRI KRISHNA DAIRY FARM,Not matched
11,Radha Swami Satsang,BAJIT PUR X-ING,Not matched
12,Shivam Plywood,ISHWAR COLONY,Not matched
13,Kanjhawla Chowk,PANCHAYAT GHAR BAWANA,Not matched
14,CHAND PUR CROSSING,PRIMARY SCHOOL BAWANA,Match at 8 in new_data list
15,PREM PIAO,DSIDC BAWANA SEC-1,Match at 9 in new_data list
16,Shri Krishna Gaushala,BAWANA,Not matched
17,Bajit Pur Xing,J J COLONY BAWANA,Match at 11 in new_data list
18,Ishwar Colony,JAIN SHUKLA MANDIR,Match at 12 in new_data list
19,Panchayat Ghar,GHOGA AIR FORCE STATION,Not matched
20,Primary School,SANNOTH X-ING,Not matched
21,DSIDC Office Bawana,KAUSHALYA DEVI BLIND ASHRAM,Not matched
22,Bawana School,BHARAT MATA PUBLIC SCHOOL,Slightly match
23,JJ Colony Bawana Road,MAHARAJA AGGRASEN SCHOOL,Not matched
24,Jain Shukla Mandir,SWATANTRA NAGAR,Match at 18 in new_data list
25,GHOGA AIR FORCE STATION,VISHAL BAGH,Match at 19 in new_data list
26,SANNOTH X-ING,NARELA RAILWAY X-ING,Not matched
27,Kaushal Devi Netraheen Ashram,NARELA OLD MANDI,Not matched
28,Bharat Mata School,LAMPUR MORE,Not matched
29,Maharaja Agrassen School,NARELA TERMINAL,Not matched
30,SWATANTRA NAGAR,,Match at 24 in new_data list
31,BAL BICHU GHAR,,Not matched
32,VISHAL BAGH,,Match at 25 in new_data list
33,NARELA RAILWAY X-ING,,Match at 26 in new_data list
34,NARELA OLD MANDI,,Match at 27 in new_data list
35,LAMPUR MORE,,Match at 28 in new_data list
36,NARELA TERMINAL,,Match at 29 in new_data list
