,OLD_STOPS,NEW_STOPS,OUTPUT
1,Sarai Kale Khan ISBT,Sarai Kalekhan ISBT,Match
2,Nizamuddin Road Bridge / CPWD Office,Road Bridge,Not matched
3,Pragati Maidan Terminal / Purana Qila,Pragati Maidan,Slightly match
4,National Stadium,National Stadium,Match
5,High Court,High Court,Match
6,Art Gallery,National Art Gailary,Slightly match
7,AkbarRoad,Akbar Road,Match
8,Vigyan Bhawan,Vigyan Bhawan,Match
9,Nirman Bhawan,Nirman Bhawan,Match
10,Udyog Bhawan,Udyog Bhawan,Match
11,Rail Bhawan Metro Station / Krishi Bhawan,Krishi Bhawan,Not matched
12,Red Cross Road,Red Cross Road,Match
13,Aakashwani Bhawan,Aakashwani Bhawan,Match
14,Kendriya Terminal (Church Road),Kendriya Terminal,Slightly match
15,Kendriya Terminal / Gurudwara Rakab Gunj,Gurudwara Rakab Gunj,Slightly match
16,Talkatora Road,Talkatora Road,Match
17,RML Hospital,RML Hospital,Match
18,Talkatora Stadium,Talkatora Stadium,Match
19,Upper Ridge Road,Ridge Road,Slightly match
20,New Rajinder Nagar Post Office,New Rajinder Nagar,Slightly match
21,Shankar Road,Shankar Road,Match
22,West Patel Nagar,East Patel Nagar,Slightly match
23,South Patel Nagar (Metro Station),South Patel Nagar,Slightly match
24,West Patel Nagar,West Patel Nagar,Match
25,Shadipur DTC Colony Metro Station,Shadipur Metro Station,Slightly match
26,Shadipur Depot,Shadi Pur Depot,Match
27,Moti Nagar Industrial Area,Moti Nagar Industrial Area,Match
28,Karampura Terminal,Karampura Terminal,Match
29,B Block New Moti Nagar,New Moti nagar B Block,Match
30,Punjabi Bagh Terminal,Punjabi Bagh,Slightly match
31,Agarsen Hospital,Maharaja Aggrasen Hospital,Slightly match
32,Shivaji Park,Shivaji Park,Match
33,SPM College,SPM College,Match
34,Madipur Village,Madi Pur Village,Match
35,Madipur JJ Colony Metro Station,Madipur JJ Colony,Slightly match
36,Ordinance Depot,Ordinance Depot,Match
37,Shiva Enclave/ New Multan Nagar,New Multan Nagar,Slightly match
38,Multan Nagar,Multan Nagar,Match
39,Paschim Vihar Super Bazar (West Metro Station),Paschim Vihar Super Bazar,Slightly match
40,Peeragarhi Chowk,Peeragarhi,Slightly match
41,Peera Garhi Metro Station,Peeragarhi Metro Station,Match
42,Udyog Nagar,Udyog Nagar,Match
43,Inder Enclave,Inder Enclave,Match
44,Jwala Puri / Nangloi Depot,Jwala Puri,Slightly match
45,Nagloi Jj Colony 3,Nagloi JJ Colony 3,Match
46,Sultanpuri Crossing,Sultanpuri X ing,Not matched
47,NANGLOI JJ COLONY-2,nangloi,Slightly match
48,Nangloi JJ Colony Lokesh Cinema,Lokesh Cinema,Slightly match
49,Qamruddin Nagar Terminal,Qumruddin Nagar ,Slightly match
