,OLD_STOPS,NEW_STOPS,OUTPUT
1,Sultanpuri Terminal,Sultan Puri Terminal,Match
2,Sultanpuri C Block,C Block Sultan Puri,Not matched
3,Jalebi Chowk Sultan Puri AB Block,B Block Sultan Puri,Slightly match
4,Sultanpuri Machhi Market,Sultanpuri Machhi Market,Match
5,Jalebi Chowk Sultan Puri AB Block,Jalebi Chowk,Slightly match
6,Sultan Pur X- ing,Sultan Pur Xing,Match
7,S Block Mangol Puri,Mangol Puri S Block,Match
8,E Block Mangol Puri,Y Block Mangol Puri,Match
9,Mangol Pur Khurd,Mangolpur khurd,Match
10,Avantika Xing,Avantika Xing,Match
11,Mangol Pur Khurd,Mangol Pur Kalan,Match at 9 in new_data list
12,Mangolpur Kalan Village,Mangol Pur School,Not matched
13,Rohini Depot III,Rohini Depot 3,Slightly match
14,Puspanjali Enclave,Pushpanjali Enclave,Match
15,Kali Mata Mandir,Kali Mata Mandir,Match
16,Saraswati Vihar C Block,Saraswati Vihar C Block,Match
17,Madhuvan Chowk,Madhuvan Chowk,Match
18,Power House Pitam Pura,Power House Pittam Pura,Match
19,Pitampura RU Block,RU Block Pitam Pura,Match
20,Uttri Pitam Pura,Uttri Pitam Pura,Match
21,Prashant Vihar F-Block,Prashant Vihar,Slightly match
22,Haidarpur Water Works,Haider Pur Water Works,Match
23,Badli Crossing,Badli Crossing,Match
24,GTK Bypass / Mukraba Chowk,GTK By Pass,Not matched
25,GTK Depot,G.T.K Depot,Match
26,Jahangir Puri Outer Ring Road,Jahangir Puri Crossing,Not matched
27,Jahangir Puri Metro Station,Jahangir Puri Metro Station,Match
28,Sarai Pipal Thala,Sarai Peepal Thala,Match
29,Adarsh Nagar Metro Station,Adarsh Nagar,Slightly match
30,New Sabzi Mandi,Azad Pur Nai Subzi Mandi,Slightly match
31,Azadpur Terminal,Azadpur ,Slightly match
32,Model Town-III,Model Town III,Match
33,Model Town II,Model Town II,Match
34,Alpana Cinema (Model Town Mtr Stn),Alpana Cinema,Slightly match
35,New Police Line,New Police Line,Match
36,GTB Nagar,G.T.B Nagar,Match
37,INS Hostel,INS Hostel,Match
38,Vishwa Vidyalaya Metro Station,Vishva vidyalaya metro station,Match
39,Mall Road,Mall Road Ring Road,Slightly match
40,Khyber Pass,Khyber Pass,Match
41,Vidhan Sabha Metro Station,Vidhan sabha metro station,Match
42,Old Secretariat (Postal Account Office),Old Secretriate,Slightly match
43,IP College,I P College,Match
44,Exchange Store / Civil Lines Metro Station,Civil Line Metro Station,Slightly match
45,Ludlow Castle,Ludlow Castle School,Slightly match
46,ISBT Nityanand Marg,ISBT Nityanand Marg,Match
47,Metro Train Depot,Shashtri Park Metro Depot,Not matched
48,Shyam Giri Mandir,Shyam Giri Mandir,Match
49,Shastri Park,Shashtri Park,Match
50,Dharampura,Dharam Pura,Match
51,Seelampur Metro Station,Seelampur,Slightly match
52,Welcome,Welcome,Match
53,Shahdara (Shyam Lal College),Shyam Lal College Shahdara,Match
54,Mansarovar Park Metro Station,Mansarover Park Metro Station,Match
55,Telephone Exchange,Telephone Exchange,Match
56,Jhilmil Crossing / Dilshad Garden GT Road,Dilshad Garden GT Road,Slightly match
57,Jhilmil Xing,Jhilmil Xing,Match
58,Shahadra Road,Shahdra Border,Not matched
59,JandK Pocket Dilshad Garden,J&K Pocket Dilshad Garden,Match
60,Old Seema Puri,Seema Puri,Match
61,New Seema Puri,New Seema Puri,Match
