,OLD_STOPS,NEW_STOPS,OUTPUT
1,Qutub Minar,Qutab Garh,Not matched
2,Katewara Village,Katevara Village,Match
3,Bajitpur Mandir,Bajit Pur,Not matched
4,Jawahar Navodya School,Darya Pur Village,Not matched
5,MUNGESH PUR VILLAGE,PS Bawana,Not matched
6,Auchandi Border,Bawana Depot,Not matched
7,Auchandi Village,Bawana,Not matched
8,HAREWALI MORE,DSIDC Sec-1 Bawana,Not matched
9,DARYA PUR SCHOOL,Bawana Primary School,Not matched
10,Dariyapur Kalan School,DSIDC Office Bawana,Not matched
11,PS Bawana,DSIDC Bawana Sec-1,Slightly match
12,Bawana Depot,Dhakewala,Match at 6 in new_data list
13,Bawana Depot,Mahrishi Balmiki Hospital,Match at 6 in new_data list
14,DSIDC Office Bawana,Pooth Khurd village,Match at 10 in new_data list
15,Bawana Primary Scl,Dharamshala Pooth Khurd,Not matched
16,DSIDC Bawana/ Dhakewala,Barwala,Not matched
17,DSIDC Office Bawana,Barwala Pathshala,Match at 10 in new_data list
18,DSIDC Bawana/ Dhakewala,Jain Colony,Not matched
19,MRB Hospital,Prehlad Pur School,Not matched
20,Sultan Pur Crossing / Poothkhurd,Prahlad Pur,Not matched
21,Sultan Pur Crossing / Poothkhurd,Pahalad Pur Mandir,Not matched
22,Barwala Village,Shahbad Dairy,Not matched
23,Barwala School,Shahbad Dairy Block A,Not matched
24,Jain Colony,St Xavier School Daulatpur,Match at 18 in new_data list
25,Prehladpur School,Sahabad Daulatpur Village,Match at 19 in new_data list
26,Prehladpur Village,Telephone Exchange,Not matched
27,Prehlad Pur Mandir,Rohini Sector-16/17 Xing,Not matched
28,Shahbad Dairy,Rohini Sec -16,Match at 22 in new_data list
29,Shahbad Dairy A Block,Rohini Sec -17,Not matched
30,St. Xavier School Shahbad,Rohini Sec-11,Not matched
31,Shahbad Daulatpur Gaon,Rohini Deopt-2,Not matched
32,Telephone Exchange,ESI Hospital Rohini,Match at 26 in new_data list
33,ROHINI SECTOR 18,Vidhya Vihar Marg,Not matched
34,Rohini Sec 16 (Maharaja Aggarsen Dharam Sthal),VIDYA VIHAR MARG,Not matched
35,Rohini Sec 17A and 16,AYODHYA APPARTMENTS,Not matched
36,Rohini Sec-11 (Aggarwal Sabha),ROHINI DC CHOWK,Not matched
37,Rohini Depot-II,ROHINI SEC-9,Not matched
38,ESI Hospital,ROHINI SEC 7,Not matched
39,Vidhya Vihar Marg,ROHINI SECTOR 7/8/9 CROSSING,Match at 33 in new_data list
40,VIDYA VIHAR MARG,FIRE STATION SECTOR 8,Match at 34 in new_data list
41,Ayodhya Apartments,MADHUVAN CHOWK,Not matched
42,DC Chowk Rohini,BLOCK J & D PITAMPURA,Not matched
43,Pratibha School Rohini Sec 9,VAISHALI ENCLAVE,Not matched
44,Rohini Sec 9 A Block,KOHAT ENCLAVE METRO STATION,Not matched
45,Rohini Sec-9,PITAMPURA (ND BLOCK),Match at 37 in new_data list
46,Rohini Sec 7 and 8 Crossing,WAZIRPUR DEPOT,Not matched
47,Madhuvan Chowk,TELEPHONE EXCHNAGE,Match at 41 in new_data list
48,Pitampura JD Block,BRITANIA,Not matched
49,Vaishali Enclave / Kapil Vihar,SHAKUR PUR SHIV MANDIR,Not matched
50,Kohat Enclave Metro Station,PUNJABI BAGH,Match at 44 in new_data list
51,Pitampura ND Block,PUNJABI BAGH TERMINAL,Not matched
52,Wazirpur Depot,POWER HOUSE(PUNJABI BAGH),Match at 46 in new_data list
53,Telephone Exchange,JAI DEV PARK,Match at 26 in new_data list
54,Britannia,RAM PURA,Not matched
55,Shakurpur JJColony,ASHOKA PARK,Not matched
56,Punjabi Bagh Terminal,ZAKHIRA (FLYOVER),Match at 51 in new_data list
57,Punjabi Bagh Club,DAYA BASTI FLYOVER,Not matched
58,Punjabi Bagh Club,ANAND PARVAT IND. AREA,Not matched
59,Jaydev Park,SARAI ROHILLA,Not matched
60,Ram Pura,STAFF QUARTERS,Match at 54 in new_data list
61,Ashok Park,LIBERTY CINEMA,Not matched
62,Zakhira Flyover,TIBIA COLLEGE,Not matched
63,Daya Basti Flyover,GURU GOVIND SINGH MARG,Match at 57 in new_data list
64,Anand Parbat Industrial Area,GURU GOVIND SINGH MARG XING,Not matched
65,Sarai Rohilla,FAIZ ROAD,Match at 59 in new_data list
66,Sarai Rohilla Govt Qtrs,KAROL BAGH TERMINAL,Not matched
67,LIBERTY CIMENA,JHANDEWALAN,Not matched
68,Tibiya College,VIDEOCON TOWER,Not matched
69,Guru Govind Singh Marg,PANCHKUAIN ROAD / BANWARI LAL HOSPITAL,Match at 63 in new_data list
70,Faiz Road,MANDIR MARG,Match at 65 in new_data list
71,Faiz Road,PS MANDIR MARG,Match at 65 in new_data list
72,Karol Bagh Terminal,LAXMI NARAIN TEMPLE,Match at 66 in new_data list
73,Jhandewalan,BIRLA MANDIR,Match at 67 in new_data list
74,Videocon Tower,KALI BARI MARG,Match at 68 in new_data list
75,Panchkuian Road Banwari Lal Hospital,TALKATORA STADIUM,Not matched
76,Balmiki Mandir Marg,RML HOSPITAL,Not matched
77,Balmiki Mandir Marg,TALKATORA ROAD,Not matched
78,Laxmi Narayan Temple,GURUDWARA RAKABGANJ,Not matched
79,PS Mandir Marg,KEND. TERMINAL,Match at 71 in new_data list
80,Kali Bari Marg,NDPO,Match at 74 in new_data list
81,Talkatora Stadium,GURUDWARA BANGLA SAHIB,Match at 75 in new_data list
82,Dr. RML Hospital,PS PARLIAMENT,Not matched
83,Talkatora Road,PALIKA KENDRA,Match at 77 in new_data list
84,Kendriya Terminal / Gurudwara Rakab Gunj,,Not matched
85,Kendriya Terminal (Church Road),,Not matched
86,NDPO,,Match at 80 in new_data list
87,Gurudwara Bangla Sahib,,Match at 81 in new_data list
88,Patel Chowk,,Not matched
89,PS Parliament / Jantar Mantar,,Not matched
90,Palika Kendra,,Match at 83 in new_data list
