,OLD_STOPS,NEW_STOPS
1,,Shivaji Stadium
2,,Shahid Bhagat Singh Mg.
3,,Gole Market Peshwa Road
4,,Mandir Marg
5,,Punchkuain Road / Banwari Lal Hosp.
6,,Meghdoot Bhawan
7,,Sadhu Vasvani Marg 
8,,Karol Bagh Metro Station
9,,Telephone Exchange
10,,Rajindera Place Metro Station
11,,East Patel Nagar
12,,South Patel Nagar
13,,West Patel Nagar
14,,Shadi Pur Metro Station
15,,Shadi Pur Depot
16,,Moti Nagar Industrial Area
17,,Karam Pura Terminal
18,,New Moti nagar B Block
19,,Punjabi Bagh
20,,Shakur Pur Shiv Mandir
21,,Britania
22,,Telephone Exchange
23,,Wazirpur Depot
24,,Guru Govind Singh College
25,,DDA Office TV Tower
26,,ND Block Pitam Pura
27,,DAV Public School
28,,KD Block PitamPura
29,,AP Block PitamPura
30,,CD Block Pitam Pura
31,,Power House
32,,Madhuban Chowk 
33,,Rohini Sector 7/8 Xing
34,,Rohini Sec 9
35,,Rohini West Metro Station.
36,,Rohini Depot 1
37,,Rajeev Gandhi Cancer Hospital
38,,Rithala Metro Station
39,,Rithala Village Crossing
40,,Rohini Sec 24/25 Corner
41,,Rohini Sector 25 Deep Vihar
42,,Rohini Sector 37 
