,OLD_STOPS,NEW_STOPS,OUTPUT
1,Rohini Sec-15,Rohini Sector 25 Deep Vihar,Slightly match
2,Rohini Sec 20/21 More,Rohini Sec 24/25 Corner,Slightly match
3,Rithala Village,Rithala Village Crossing,Slightly match
4,Rithala Metro Station,Rithala Metro Station,Match
5,Rajeev Gandhi Cancer Hospital,Rajeev Gandhi Cancer Hospital,Match
6,Rohini Depot 1 Sec 6,Rohini Depot 1,Match
7,Rohini West Metro Station,Rohini West Metro Station.,Match
8,Rohini Sec-9,Rohini Sec 9,Match
9,Rohini Sec 7 and 8 Crossing,Rohini Sector 7/8 Xing,Not matched
10,Madhuban Chowk,Madhuban Chowk ,Match
11,Power House Pitam Pura,Power House,Slightly match
12,CD Block Pitam Pura,CD Block Pitam Pura,Match
13,Pittampura AP-Block,AP Block PitamPura,Match
14,Pitam Pura KD Block,KD Block PitamPura,Match
15,DAV School,DAV Public School,Slightly match
16,ND- Block Pitam Pura,ND Block Pitam Pura,Match
17,TV Tower (Power House),DDA Office TV Tower,Not matched
18,Guru Govind Singh College,Guru Govind Singh College,Match
19,Wazirpur Depot,Wazirpur Depot,Match
20,Telephone Exchange Karol Bagh,Telephone Exchange,Slightly match
21,Britannia,Britania,Match
22,Shakurpur JJColony,Shakur Pur Shiv Mandir,Not matched
23,Punjabi Bagh Club,Punjabi Bagh,Match
24,New Moti Bagh B Block,New Moti nagar B Block,Slightly match
25,Karampura Terminal,Karam Pura Terminal,Match
26,Moti Nagar Industrial Area,Moti Nagar Industrial Area,Match
27,Shadipur Depot,Shadi Pur Depot,Match
28,Shadipur Metro Station,Shadi Pur Metro Station,Match
29,West Patel Nagar,West Patel Nagar,Match
30,South Patel Nagar (Metro Station),South Patel Nagar,Slightly match
31,East Patel Nagar,East Patel Nagar,Match
32,Rajendra Place,Rajindera Place Metro Station,Slightly match
33,Telephone Exchange Karol Bagh,Telephone Exchange,Slightly match
34,Karol Bagh Metro Station,Karol Bagh Metro Station,Match
35,Pusa Road Petrol Pump Sadhu Vaswani Marg,Sadhu Vasvani Marg ,Slightly match
36,Meghdoot Bhawan,Meghdoot Bhawan,Match
37,Panchkuian Road Banwari Lal Hospital,Banwari Lal Hosp.,Slightly match
38,Balmiki Mandir Marg,Mandir Marg,Slightly match
39,Gole Market,Gole Market Peshwa Road,Slightly match
40,Gole Market (Bhai Veer Singh Marg),Gole Market (Bhai Veer Singh Marg),Match
41,Gole Market (Sahitya Sadan),Gole Market (St. Columbas School),Not matched
42,Gurudwara Bangla Sahib,Gurudwara Bangla Sahib,Match
43,Hanuman Mandir / Shivaji Stadium,Hanuman Mandir,Slightly match
44,Shivaji Stadium Terminal,Shivaji Stadium,Slightly match
45,,Rohini Sector 37 ,
46,,Rohini Sector 25 Deep Vihar,
47,,Rohini Sec 24/25 Corner,
48,,Rithala Village Crossing,
49,,Rithala Metro Station,
50,,Rajeev Gandhi Cancer Hospital,
51,,Rohini Depot 1,
52,,Rohini West Metro Station.,
53,,Rohini Sec 9,
54,,Rohini Sector 7/8 Xing,
55,,Madhuban Chowk ,
56,,Power House,
57,,CD Block Pitam Pura,
58,,AP Block PitamPura,
59,,KD Block PitamPura,
60,,DAV Public School,
61,,ND Block Pitam Pura,
62,,DDA Office TV Tower,
63,,Guru Govind Singh College,
64,,Wazirpur Depot,
65,,Telephone Exchange,
66,,Britania,
67,,Shakur Pur Shiv Mandir,
68,,Punjabi Bagh,
69,,New Moti nagar B Block,
70,,Karam Pura Terminal,
71,,Moti Nagar Industrial Area,
72,,Shadi Pur Depot,
73,,Shadi Pur Metro Station,
74,,West Patel Nagar,
75,,South Patel Nagar,
76,,East Patel Nagar,
77,,Rajindera Place Metro Station,
78,,Telephone Exchange,
79,,Karol Bagh Metro Station,
80,,Sadhu Vasvani Marg ,
81,,Meghdoot Bhawan,
82,,Banwari Lal Hosp.,
83,,Mandir Marg,
84,,Gole Market Peshwa Road,
85,,Gole Market (Bhai Veer Singh Marg),
86,,Gole Market (St. Columbas School),
87,,Gurudwara Bangla Sahib,
88,,Hanuman Mandir,
89,,Shivaji Stadium,
