,OLD_STOPS,NEW_STOPS,OUTPUT
1,Hari Nagar Depot,S N DEPOT,Slightly match
2,M BLOCK,M BLOCK,Match
3,THE LEELA PALACE KEMPINSKI,THE LEELA PALACE KEMPINSKI,Match
4,CHANAKYA BHAWAN,CHANAKYA BHAWAN,Match
5,PALIKA CLUB,PALIKA CLUB,Match
6,Vinay Marg,VINAY MARG,Match
7,Ashoka Hotel,ASHOKA HOTEL,Match
8,HOTEL SAMRAT ASHOK,HOTEL SAMRAT ASHOK,Match
9,Race Course,RACE COURSE,Match
10,DELHI GYMKHANA CLUB,DELHI GYMKHANA CLUB,Match
11,PS Tuglak Road,PS TUGHLAK ROAD,Match
12,Krishan Menon Marg,KRISHNA MENON MARG,Match
13,Sunheri Masjid/G Block,G BLOCK,Not matched
14,Udyog Bhawan,UDYOG BHAWAN,Match
15,Rail Bhawan Metro Station / Krishi Bhawan,KRISHI BHAWAN,Not matched
16,Red Cross Road,RED CROSS ROAD,Match
17,Aakashwani Bhawan,AAKASHWANI BHAWAN,Match
18,PATEL CHOWK,PATEL CHOWK,Match
19,NDPO,NDPO,Match
20,Gurudwara Bangla Sahib,GURUDWARA BANGLA SAHIB,Match
21,Gole Market,BHAI VIR SINGH MARG,Match at 22 in new_data list
22,Gole Market,GOLE MARKET,Match
23,Balmiki Mandir Marg,Mandir Marg,Slightly match
24,Panchkuian Road Banwai Lal Hospital,Panch Kuian Road Banwai Lal Hospital,Match
25,Meghdoot Bhawan,Meghdoot Bhawan,Match
26,Sadhu Vasvani Marg,SADHU VASVANI MARG (PETROL PUMP),Slightly match
27,Karol Bagh Metro Station,KAROL BAGH METRO STATION,Match
28,Telephone Exchange Karol Bagh,TELEPHONE EXCHANGE PUSA ROAD,Slightly match
29,RAJENDER PLACE METRO STATION,RAJENDER PLACE METRO STATION,Match
30,West Patel Nagar,EAST PATEL NAGAR,Slightly match
31,South Patel Nagar (Metro Station),SOUTH PATEL NAGAR,Slightly match
32,West Patel Nagar,WEST PATEL NAGAR,Match
33,Shadipur DTC Colony Metro Station,SHADI PUR METRO STATION,Not matched
34,Shadipur Depot,SHADI PUR DEPOT,Match
35,Moti Nagar Industrial Area,MOTI NAGAR INDUSTRIAL AREA,Match
36,Karampura Terminal,KARAMPURA TERMINAL,Match
37,B Block New Moti Nagar,NEW MOTI NAGAR B BLOCK,Match
38,Punjabi Bagh Terminal,PUNJABI BAGH TERMINAL,Match
39,Shakurpur Shiv Mandir,SHAKUR PUR SHIV MANDIR,Match
40,Telephone Exchange Shakurpur,TELEPHONE EXCHANGE,Slightly match
41,WAZIPUR  DEPOT,WAZIPUR  DEPOT,Match
42,Guru Govind Singh College,Shri Govind Singh College,Slightly match
43,TV Tower (Power House),DDA Office TV Tower,Not matched
44,Pitampura ND Block,ND Block Pitam Pura,Match
45,DAV School,DAV Public School,Slightly match
46,Pitam Pura KD Block,BLOCK K D PITAMPURA,Slightly match
47,Pittampura AP-Block,Pittam Pura AP Block,Match
48,Pitampura CD-Block,CD Block PitamPura,Match
49,Pitampura Power House,Power House Pitam Pura,Match
50,Madhuban Chowk Outer Ring Road,Madhuban Chowk,Slightly match
51,Rohini Sec 7 8 Xing,ROHINI SECTOR 7/8 Xing,Match
52,Rohini Sec 9 A Block,ROHINI SEC 7,Slightly match
53,Rohini Sec-9,Rohini Sector 9,Slightly match
54,Rohini West Metro Station,Rohini West Metro Station,Match
55,Rohini Depot 1 Sec 6 (Ambedkar Hospital),ROHINI DEPOT 1,Slightly match
56,Rajeev Gandhi Cancer Hospital,RAJIV GANDHI CANCER HOSPITAL,Match
57,Rithala Metro Station,RITHALA METRO STATION,Match
58,Rithala Vill Xing,RITHALA VILLAGE CROSSING,Not matched
59,SECTOR  24 ROHINI Nallah,SECTOR  24 ROHINI Nallah,Match
60,Rohini Sec-24,ROHINI MOD (SEC 24/25),Slightly match
61,ROHINI SECTOR 25 Deep Vihar,ROHINI SECTOR 25 Deep Vihar,Match
62,PAHALAD PUR MANDIR,PAHALAD PUR MANDIR,Match
63,Prehlad Pur,PREHLAD VIHAR,Not matched
64,Prehladpur School,PREHLAD PUR VILLAGE,Not matched
65,Jain Colony,JAIN COLONY,Match
66,Barwala School,BARWALA SCHOOL,Match
67,Barwala Village,BARWALA,Slightly match
68,DHARAMSHALA POOTH KHURD,DHARAMSHALA POOTH KHURD,Match
69,Pooth Khurd village,POOTH KHURD VILLAGE,Match
70,M B HOSPITAL,M B HOSPITAL,Match
71,DHAKKEWALA,DHAKKEWALA ,Match
72,Rajiv Rattan Avas Yojna Sec-3,RAJIV RATTAN AVAS YOJNA SEC 3  Bawana,Match
