,OLD_STOPS,NEW_STOPS,OUTPUT
1,Rohini Sec-15,Rohini Sec 23 Pocket C,Slightly match
2,Rohini Sec-9,Rohini Sec 23 Pkt 3,Slightly match
3,Rohini Sec 18,Rohini Sec 23 Pkt 2,Slightly match
4,Rohini Sec 23 Pkt 1 (Green Hill Aptt.),Rohini Sector 23 Pkt 1,Slightly match
5,Hanuman Mandir Rohini Sec 24,Rohini Sec 24,Slightly match
6,Sec-24 Rohini Main Road,Rohini Sec 24/25 Xing,Not matched
7,Rithala Village,Rithala Village Crossing,Slightly match
8,Rithala Metro Station,Rithala Metro Station,Match
9,Rajeev Gandhi Cancer Hospital,Rajeev Gandhi Cancer Hospital,Match
10,Rohini Depot 1 Sec 6,Rohini Depot 1,Match
11,Rohini West Metro Station,Rohini West Metro Station.,Match
12,Rohini Sec 9 A Block,Rohini Sec 9,Slightly match
13,Rohini Sec 7 and 8 Crossing,Rohini Sector 7/8 Xing,Not matched
14,Madhuban Chowk,Madhuban Chowk ,Match
15,Power House Pitam Pura,Power House,Slightly match
16,CD Block Pitam Pura,CD Block Pitam Pura,Match
17,Pittampura AP-Block,AP Block PitamPura,Match
18,Pitam Pura KD Block,KD Block PitamPura,Match
19,DAV School,DAV Public School,Slightly match
20,ND- Block Pitam Pura,ND Block Pitam Pura,Match
21,TV Tower (Power House),DDA Office TV Tower,Not matched
22,Guru Govind Singh College,Guru Govind Singh College,Match
23,Wazirpur Depot,Wazirpur Depot,Match
24,Telephone Exchange Karol Bagh,Telephone Exchange,Slightly match
25,Britannia,Britania,Match
26,Shakurpur JJColony,Shakur Pur Shiv Mandir,Not matched
27,Punjabi Bagh Club,Punjabi Bagh,Match
28,New Moti Bagh B Block,New Moti nagar B Block,Slightly match
29,Karampura Terminal,Karam Pura Terminal,Match
30,Moti Nagar Industrial Area,Moti Nagar Industrial Area,Match
31,Shadipur Depot,Shadi Pur Depot,Match
32,Shadipur Metro Station,Shadi Pur Metro Station,Match
33,West Patel Nagar,West Patel Nagar,Match
34,South Patel Nagar (Metro Station),South Patel Nagar,Slightly match
35,East Patel Nagar,East Patel Nagar,Match
36,Rajendra Place,Rajindera Place Metro Station,Slightly match
37,Telephone Exchange Karol Bagh,Telephone Exchange,Slightly match
38,Karol Bagh Metro Station,Karol Bagh Metro Station,Match
39,Pusa Road Petrol Pump Sadhu Vaswani Marg,Sadhu Vasvani Marg ,Slightly match
40,Meghdoot Bhawan,Meghdoot Bhawan,Match
41,Panchkuian Road Banwari Lal Hospital,Banwari Lal Hosp.,Slightly match
42,Balmiki Mandir Marg,Mandir Marg,Slightly match
43,Gole Market,Gole Market Peshwa Road,Slightly match
44,Gole Market (Bhai Veer Singh Marg),Gole Market (Bhai Veer Singh Marg),Match
45,Gole Market (Sahitya Sadan),Gole Market (St. Columbas School),Not matched
46,Gurudwara Bangla Sahib,Gurudwara Bangla Sahib,Match
47,Hanuman Mandir / Shivaji Stadium,Hanuman Mandir,Slightly match
48,Shivaji Stadium Terminal,Shivaji Stadium,Slightly match
