,OLD_STOPS,NEW_STOPS,OUTPUT
1,Shivaji Stadium Terminal,Shivaji Stadium,Slightly match
2,Shaheed Bhagat Singh Marg,Shahid Bhagat Singh Marg,Match
3,Gole Market,Gole Market Peshwa Road,Slightly match
4,Balmiki Mandir Marg,Mandir Marg,Slightly match
5,Panchkuian Road Banwai Lal Hospital,Punchkuain Road / Banwari Lal Hosp.,Slightly match
6,Meghdoot Bhawan,Meghdoot Bhawan,Match
7,Sadhu Vasvani Marg,Sadhu Vasvani Marg ,Match
8,Karol Bagh Metro Station,Karol Bagh Metro Station,Match
9,Telephone Exchange Shakurpur,Telephone Exchange,Slightly match
10,Rajendra Place / Karol Bagh Telephone Exchange,Rajindera Place Metro Station,Slightly match
11,East Patel Nagar,East Patel Nagar,Match
12,South Patel Nagar (Metro Station),South Patel Nagar,Slightly match
13,West Patel Nagar,West Patel Nagar,Match
14,Shadipur DTC Colony Metro Station,Shadi Pur Metro Station,Not matched
15,Shadipur Depot,Shadi Pur Depot,Match
16,Moti Nagar Industrial Area,Moti Nagar Industrial Area,Match
17,Karampura Terminal,Karam Pura Terminal,Match
18,B Block New Moti Nagar,New Moti nagar B Block,Match
19,Punjabi Bagh,Punjabi Bagh,Match
20,Shakurpur Shiv Mandir,Shakur Pur Shiv Mandir,Match
21,Britannia Chowk Shakurpur,Britania,Not matched
22,Telephone Exchange Shakurpur,Telephone Exchange,Slightly match
23,Wazirpur DTC Depot / Netaji Subhash Palace,Wazirpur Depot,Slightly match
24,Guru Govind Singh College,Guru Govind Singh College,Match
25,TV Tower (Power House),DDA Office TV Tower,Not matched
26,Pitampura ND Block,ND Block Pitam Pura,Match
27,DAV School,DAV Public School,Slightly match
28,Pitam Pura KD Block,KD Block PitamPura,Match
29,Pittampura AP-Block,AP Block PitamPura,Match
30,Pitampura CD-Block,CD Block Pitam Pura,Match
31,DDA Flats Hari Nagar,Power House,Not matched
32,Madhuban Chowk (Outer Ring Road),Madhuban Chowk ,Slightly match
33,Rohini Sec 7 8 Xing,Rohini Sector 7/8 Xing,Match
34,Rohini Sec-9,Rohini Sec 9,Match
35,Rohini West Metro Station,Rohini West Metro Station.,Match
36,Rohini Depot 1 Sec 6 (Ambedkar Hospital),Rohini Depot 1,Slightly match
37,Rajeev Gandhi Cancer Hospital,Rajeev Gandhi Cancer Hospital,Match
38,Rithala Metro Station,Rithala Metro Station,Match
39,Rithala Village Crossing,Rithala Village Crossing,Match
40,Sec-24 Rohini,Rohini Sec 24/25 Xing,Slightly match
41,Hanuman Mandir Rohini Sec 24,Rohini Sec 24,Slightly match
42,Rohini Sector-16,Rohini Sector 23 Pkt 1,Slightly match
43,Rohini Sec 18,Rohini Sec 23 Pkt 2,Slightly match
44,Rohini Sec 18,Rohini Sec 23 Pkt 3,Slightly match
45,Rohini Sec 23 Pocket C,Rohini Sec 23 Pocket C,Match
