,OLD_STOPS,NEW_STOPS,OUTPUT
1,Shivaji Stadium Terminal,Shivaji Stadium,Slightly match
2,Shaheed Bhagat Singh Marg,Shahid Bhagat Singh Mg.,Slightly match
3,Gole Market,Gole Market Peshwa Road,Slightly match
4,Balmiki Mandir Marg,Mandir Marg,Slightly match
5,Panchkuian Road Banwai Lal Hospital,Punchkuain Road / Banwari Lal Hosp.,Slightly match
6,Meghdoot Bhawan,Meghdoot Bhawan,Match
7,Sadhu Vasvani Marg,Sadhu Vasvani Marg ,Match
8,Karol Bagh Metro Station,Karol Bagh Metro Station,Match
9,Telephone Exchange Shakurpur,Telephone Exchange,Slightly match
10,RAJENDER PLACE METRO STATION,Rajindera Place Metro Station,Match
11,West Patel Nagar,East Patel Nagar,Slightly match
12,South Patel Nagar (Metro Station),South Patel Nagar,Slightly match
13,West Patel Nagar,West Patel Nagar,Match
14,Shadipur DTC Colony Metro Station,Shadi Pur Metro Station,Not matched
15,Shadipur Depot,Shadi Pur Depot,Match
16,Moti Nagar Industrial Area,Moti Nagar Industrial Area,Match
17,Karampura Terminal,Karam Pura Terminal,Match
18,B Block New Moti Nagar,New Moti nagar B Block,Match
19,Punjabi Bagh,Punjabi Bagh,Match
20,SHAKUR PUR SHIV MANDIR,Shakur Pur Shiv Mandir,Match
21,Britannia Chowk Shakurpur,Britania,Not matched
22,Telephone Exchange Shakurpur,Telephone Exchange,Slightly match
23,WAZIPUR  DEPOT,Wazirpur Depot,Match
24,Guru Govind Singh College,Guru Govind Singh College,Match
25,DDA Office TV Tower,DDA Office TV Tower,Match
26,Pitampura ND Block,ND Block Pitam Pura,Match
27,DAV School,DAV Public School,Slightly match
28,Pitam Pura KD Block,KD Block PitamPura,Match
29,Pittampura AP-Block,AP Block PitamPura,Match
30,Pitampura CD-Block,CD Block Pitam Pura,Match
31,Pitampura Power House,Power House,Slightly match
32,Madhuban Chowk Outer Ring Road,Madhuban Chowk ,Slightly match
33,Rohini Sec 7 8 Xing,Rohini Sector 7/8 Xing,Match
34,Rohini Sec 7 and 8,Rohini Sec 9,Slightly match
35,Rohini West Metro Station,Rohini West Metro Station.,Match
36,Rohini Depot 1 Sec 6 (Ambedkar Hospital),Rohini Depot 1,Slightly match
37,Rithala Village,Rithala Crossing,Match at 40 in new_data list
38,B-5 Rohini Som Bazar,B 5 Rohini Som Bazar,Match
39,Rithala School,Rithala School,Match
40,Rithala Village,Rithala Village,Match
