,OLD_STOPS,NEW_STOPS
1,,Badarpur Border
2,,Badar Pur M.B. Road
3,,Prehladpur
4,,Suraj kund Xing
5,,Lal Kuan
6,,Prem Nagar
7,,Okhla More
8,,Kaya Maya Hospital
9,,Tuglaka Bad Villlage
10,,Tuglkabad Fort
11,,Air Force Station
12,,Hamdard Nagar
13,,Batra Hosp
14,,Vayusena Bad
15,,Devoli Road Crossing 
16,,Ambedkar Nagar Depot
17,,Ambedkar Nagar Terminal
18,,DIPSAR
19,,Asian Market
20,,Saket Xing
21,,Maidan Garhi Xing
22,,Said ul zeb Village
23,,Dhola Peer
24,,Lado Sarai
25,,Lado Sarai Xing
26,,Ahinsa Sthal
27,,Qutab Metro Station
28,,Andheria More
29,,Chhatarpur Metro Station
30,,New Mangla Puri
31,,Sultanpur
32,,Ghitorni Village
33,,Ghitorni School
34,,Air Force Station
35,,RRC Station
36,,Aya Nagar X ing
37,,Aya Nagar
38,,Sikanderpur Border
39,,IFFCO Chowk
40,,Sukhrali Chowk
41,,M D I
42,,Gurgaon Sec 14
43,,Gurgaon Sec 24
44,,Shitla Mata Mandir
45,,Gurgaon
