,OLD_STOPS,NEW_STOPS
1,,Bahadur Garh
2,,Tikri Border
3,,PVC Market 
4,,Tikri Village
5,,Tikri Hospital
6,,Tikri Piou
7,,Ghevra Crossing 
8,,FCI Ghevra
9,,Ghevra Village
10,,Sir Chhotu Ram Polytechnic
11,,Kanjhawala School
12,,Kanjhawala Sub Station
13,,Kanjhawala Depot
14,,Kanjhawala Village
15,,Kanjhawala 
16,,Chand Pur Xing
17,,Prem Piao
18,,Shri Krishna Dairy Farm
19,,Bajit Pur Xing
20,,Ishwar Colony
21,,Panchayat Ghar Bawana
22,,Primary School Bawana
23,,Bawana 
24,,Ghoga Air Fouce Station
25,,Jain Shukla Mandir
26,,Sannoth Xing
27,,Vishal Bagh
28,,Bharat Mata Public School
29,,Maharaja Aggrasen Public School
30,,Swatantra nagar
31,,Bal Bichu Ghar
32,,Narela Railway Xing
33,,Narela Mandi
34,,Narela Terminal
