,OLD_STOPS,NEW_STOPS
1,,Bahadur Garh
2,,Tikri Border
3,,PVC Mkt.
4,,Tikri Village
5,,Tikri Hospital
6,,Azad Hind Gram
7,,Tikri Piao
8,,Ghevra Crossing 
9,,Hiran Kudna Crossing
10,,Mile Stone Factory
11,,Shiv Shankar Dharam Kanta
12,,Mundka School
13,,Mundka
14,,Mundka Crossing
15,,Swaran Park
16,,Rajdhani Park
17,,Quamruddin Nagar Crossing
18,,Nangloi JJ Cly No-2 (Lokesh Cinema)
19,,Nangloi
20,,Sultan Puri Crossing
21,,Nangloi JJ Cly No-3
22,,Jwala Puri/Nangloi Depot
23,,Nangloi JJ Cly No-4
24,,Inder Enclave
25,,Udyog Nagar
26,,Mian Wali Nagar
27,,Peera Garhi
28,,Pashchim Vihar (Super Bazar)
29,,Multan Nagar
30,,New Multan Nagar
31,,Ordinance Depot
32,,Madi Pur JJ Colony
33,,Madi Pur Village
34,,SPM College
35,,Shivaji Park (Punjabi Bagh)
36,,Maharaja Agarsen Hosp
37,,Punjabi Bagh Terminal
38,,Power House(Punjabi Bagh)
39,,Ram Pura
40,,Ram Pura (Ashoka Park)
41,,Zakhira (Flyover)
42,,Daya Basti
43,,Anand Parvat Ind. Area
44,,Sarai Rohilla
45,,Govt.Qrts. Anand Parvat
46,,Anand Parvat /Liberty Cinema 
47,,Khalsa College (Dev Ngr)
48,,Prehlad Mkt
49,,D.B. Gupta Market.
50,,Faiz Road.
51,,Jhandewalan
52,,PS Pahar Ganj
53,,Pahar Ganj Dispensary
54,,N.D. Rly. Station Gate No.-2
