,OLD_STOPS,NEW_STOPS
1,,Gurugram Bus Station
2,,Mahaveer Chowk (Gaushala Ground)
3,,Patel Nagar / Vyapaar Kendra
4,,Government Girls College M.G Road / Anamika Enclave
5,,I.T.I.Colony / Old D.L.F
6,,Canal Colony / Sector 14
7,,Sector 14 / I.D.C
8,,Sukhrali
9,,Mg Road Metro
10,,Sahara Mall 
11,,Sikandarpur Metro Station
12,,Guru Dronacharya Metro Station
13,,Aya Nagar Crossing
14,,Rrc Station
15,,Airforce Station Nicf
16,,Ghitorni School
17,,Ghitorni Metro Station
18,,Ghitorni 
19,,Sultanpur 
20,,New Manglapuri 
21,,Chattarpur Crossing
22,,Chhattarpur Metro Station
23,,Andheria Crossing
24,,Qutub Minar Metro Station 
25,,Ahinsa Sthal 
26,,Dtc Lado Sarai Terminal 
27,,Lado Sarai 
28,,Dhaula Peer 
29,,Saket Metro Station 
30,,Maidan Garhi Crossing 
31,,Saket Crossing 
32,,Asian Market
33,,Institute Pharmacy (Dipsar) 
34,,Ambedkar Nagar Terminal 
35,,Khanpur Village 
36,,Deoli Crossing 
37,,Vayusenabad 
38,,Batra Hospital / Satya Narayan Mandir 
39,,Hamdard Nagar / Sangam Vihar 
40,,Airforce Station 
41,,Tughlakabad 
42,,Kaya Maya Ayurvedic Hospital 
43,,M.B. Road 
44,,Prem Nagar 
45,,Lal Kuan 
46,,Surajkund Crossing 
47,,Prehlad Pur 
48,,Rajiv Gandhi Stadium 
49,,Jaitpur Crossing 
50,,Badarpur Road 
51,,Badarpur Border
