,OLD_STOPS,NEW_STOPS
1,,Uttam Nagar Terminal
2,,Vikas Puri Crossing
3,,Dhauli Paio
4,,District Centre/ Janakpuri West
5,,District Centre Outer Ring Road
6,,Kangra Niketan
7,,Krishna Park
8,,Manohar Nagar
9,,Major Bhupinder Singh Nagar
10,,Keshopur Bus Depot
11,,Meera Bagh
12,,Sundar Vihar
13,,Sunder Vihar
14,,Sunder Apartments
15,,Radisson Blu Paschim Vihar (Bhera Enclave Roundabout)
16,,Peeragarhi Depot
17,,Peera Garhi Chowk
18,,B Block Mangolpuri Outer Ring Road
19,,Vidya Vihar
20,,West Enclave
21,,Mangol Pur School
22,,Rohini Depot 3
23,,Puspanjali Enclave
24,,Kali Mata Mandir
25,,Deepali Chowk
26,,Saraswati Vihar C Block
27,,Madhuban Chowk Outer Ring Road
28,,Madhuban Chowk
29,,Pitampura Ru-Block
30,,Prashant Vihar
31,,Prashant Vihar D Block
32,,Uttari Pitampura
33,,Prasant Vihar
34,,Haidarpur Water Works
35,,Badli Crossing
36,,Mukarba Chowk
37,,Mukarba Chowk Flyover
38,,Bhalaswa Crossing
39,,GTK BYPASS
40,,Babu Jagjiwan Ram Hospital
41,,Jahangirpuri E Bk.
42,,Mukundpur Chowk
43,,Burari Crossing
44,,Cv Raman Iti
45,,Gopal Pur Crossing
46,,Gandhi Vihar
47,,Gopalpur
48,,Pwd Office
49,,Majnu Ka Tila
50,,Metcalfe House
51,,I.S.B.T Kashmere Gate
52,,Yamuna Bazar / Ggs Universicy
53,,Vijay Ghat
54,,Shanti Van
55,,Raj Ghat
56,,Gandhi Darshan
57,,Indira Gandhi Stadium
58,,Ip Power House / Ito Ring Road
59,,Ip Depot Metro Station
60,,Pragati Power Station
61,,Railway Road Bridge
62,, Road Bridge
63,,Nizamuddin Road Bridge
64,,Sarai Kale Khan I.S.B.T
