,OLD_STOPS,NEW_STOPS
1,,Anand Vihar (ISBT)
2,,Ram Prastha Crossing
3,,Ram Prastha
4,,Hasan Pur Depot-U03587
5,,Hasan Pur Village-U03623
6,,Gazipur Depot-U03676
7,,Shakarpur-U03345
8,,Shakarpur X-Ing-U03380
9,,Nirman Vihar-U03416
10,,Swashthya Vihar-U03456
11,,New Rajdhani Enclave-U03485
12,,Karkardooma  Crossing-U03494
13,,TT Post under Pass
14,,Laxmi Nagar-U03307
15,,Mother Dairy-U03387
16,,Ganesh Nagar-U03379
17,,Shakkar pur School Block-U03317
18,,Laxmi Nagar Xing-U03293
19,,Pusta Crossing
20,,Samas Pur Jagir
21,,Road Bridge East
22,,CPWD Office-U99863
23,,Sarai Kale Khan ISBT
24,,Maharani Bagh
25,,Bala Sahib Gurudwara
26,,SNPD-DC1002
27,,C Block East of KaiIash-U03142
28,,East Of Kailash B Block-DC2431
29,,Garhi Village-U03047
30,,Lajpat Nagar X-ing
31,,Shri Niwas Puri
32,,Nehru Nagar-U03074
33,,Punj Sons-DC1307
34,,Kalkaji Mandir
35,,NSIC Hostel
36,,Modi Mills
37,,Kalka Ji Extn.DDA Flat
38,,CRPF Camp (Crown Plaza)-DC1309
39,,C-Lal Chowk-UO3219
40,,Kalkaji Depot-U03206
41,,Hamdard Nagar
42,,Majidia Hospital
43,,Guru Ravidass Marg
44,,Tughlkabad Extn.
45,,Ambedkar Nagar Terminal
46,,Ambedkar Nagar Depot
47,,Devoli Road Crossing
48,,Vayusena Bad
49,,Batra Hosp
50,,Saket J Block
51,,Saket X-ing
52,,DIPSAR
53,,Hauz Rani
54,,Saket M Block
55,,Saket Terminal
56,,PTS
57,,PNB Geetanjali-DC2609
58,,Saket A Block
59,,Press Enclave
60,,Modi Hospital
61,,Qutab Enclave-U02053
62,,NCERT-U02095
63,,Adhchini Village
64,,MMTC
65,,JNU-U01899
66,,Ber Sarai-U01874
67,,School of Physical Science-DC2607
68,,FAI-U01881
69,,Sanskrit Vidyapeeth-U01922
70,,Katwaria Sarai-U01979
71,,RK Puram Sector-1-U01859
72,,R K Puram Sec-4-U01821
73,,Munirka Village-U01791
74,,DDA Flat Munirka-U01850
75,,R.K. Puram Sec-8
76,,R.K. Puram Sec-7(Som Vihar)
77,,Mohan Singh Market
78,,Moti Bagh-U01802
79,,Rao Tula Ram Marg
80,,Dhaula Kuan-U01625
81,,Satya Niketan-DC1391
82,,Gurudawara Nanak Pura-U01776
83,,Raj Rifl Line-U01481
84,,Golf Club-U01594
85,,Shastri Bazar-U01296
86,,Mall Road Delhi Cantt.-U01380
87,,St. Martin School-U01442
88,,More Lines
89,,Palam Crossing
90,,Jai Jawan Jai Kishan
91,,Sadar Bazar Delhi cantt.-DC2213
92,,Geeta Ashram
93,,Kirbi Place-U01208
94,,P S Sadar Bazar-U01190
95,,Lajwanti Garden
96,,Janak Setu-U01079
97,,Supply Depot-U01164
98,,Desu Colony Janak Puri-U00907
99,,Sagar Pur- Vashishth Park-U00974
100,,D Block Janakpuri-DC1542
101,,Janak Puri C-1-U00694
102,,Janak Puri B-1
103,,Dabri X-Ing-U00781
104,,Janak Cinema-U00876
105,,Uttam Nagar Terminal-U00605
106,,A-1 Janakpuri-DC2148
107,,Tilak Pul-U00624
108,,Jeewan Park-U00653
109,,Distrist Centre Janak Puri-U00695
110,,Dhauli Piao
111,,Vikas Puri X-Ing-U00627
112,,Major Bhupinder Singh Nagar-U00770
113,,CRPF Camp-DC2800
114,,Manohar Nagar-U00754
115,,Krishna Park Extn.-U00734
116,,Kangra Niketan-U00717
117,,Sunder Vihar -U00858
118,,Meera Bagh Apartment
119,,Meera Bagh-U00838
120,,Kesho Pur Depot-U00805
121,,Peera Garhi
122,,Peera Garhi Depot-U00890
123,,Paschim Vihar Power House
124,,Sunder Apartment-U00865
125,,Mangol Pur School-U01014
126,,West Enclave
127,,B-Block Mangol Puri Ring Road
128,,Saraswati Vihar C-block-U01199
129,,Kali Mata Mandir-U01086
130,,Pushpanjali Enclave
131,,Rohini Depot-3-U01043
132,,Mangol Puri Police Line-U99992
133,,Uttri Pitam Pura-U01353
134,,RU Block Pitam Pura-U01329
135,,Power House Pittam Pura-U01294
136,,Madhuvan Chowk-U01272
137,,Haider Pur Water Works-U01377
138,,Prashant Vihar-U01363
139,,GTK By Pass-U01534
140,,Badli Crossing-U01452
141,,Mukand Pur X-ing-U01920
142,,Jahangir Puri Outer Ring Road
143,,Jag Jivan Ram Hospital-DC2839
144,,Bhalaswa X-ing-U01696
145,,Outer Ring Road Makbara Chowk-U01602
146,,Burari X-ing-U02152
147,,Jagat Pur X-ing
148,,Gandhi Vihar-U02532
149,,CV Raman ITI
150,,Nanak Sar-U02931
151,,Wazirabad Crossing-U02754
152,,Gopal Pur X-ing
153,,Bhajan Pura-U03178
154,,Khajoori-U03130
155,,Rajiv Nagar-DC1807
156,,C-4 Yamuna Vihar-DC2709
157,,C-Block Yamuna Vihar
158,,B Block Yamuna Vihar-DC1805
159,,Nand Nagri Depot
160,,Ashok Nagar-U03492
161,,MIG Flats Loni Road-DC1802
162,,Dr. B.R. Ambedkar College
163,,Anand Gram
164,,Tahir Pur Village
165,,Sunder Nagari
166,,Gagan Cinema
167,,Gagan Cinema X-ing
168,,Bank Colony
169,,Seema Puri
170,,New Seema Puri
171,,Shalimar Garden
172,,DLF Crossing
173,,Surya Nagar
174,,Shahdara Border
175,,J&K Pkt Dilshad Garden
176,,ISBT Anand Vihï¿½r-UOS656
