,OLD_STOPS,NEW_STOPS
1,,Anand Vihar (ISBT)
2,,Ram Prastha Crossing
3,,Ram Prastha
4,,Surya Nagar
5,,Shahdara Border
6,,J&K Pkt Dilshad Garden
7,,Seema Puri
8,,New Seema Puri
9,,Shalimar Garden
10,,DLF Crossing
11,,Anand Gram
12,,Tahir Pur Village
13,,Sunder Nagari
14,,Gagan Cinema
15,,Gagan Cinema X-ing
16,,Bank Colony
17,,Nand Nagri Depot
18,,Ashok Nagar-U03492
19,,MIG Flats Loni Road-DC1802
20,,Dr. B.R. Ambedkar College
21,,C-4 Yamuna Vihar-DC2709
22,,C-Block Yamuna Vihar
23,,B Block Yamuna Vihar-DC1805
24,,Bhajan Pura-U03178
25,,Khajoori-U03130
26,,Rajiv Nagar-DC1807
27,,Nanak Sar-U02931
28,,Wazirabad Crossing-U02754
29,,Gopal Pur X-ing
30,,Jagat Pur X-ing
31,,Gandhi Vihar-U02532
32,,CV Raman ITI
33,,Burari X-ing-U02152
34,,Mukand Pur X-ing-U01920
35,,Jahangir Puri Outer Ring Road
36,,Jag Jivan Ram Hospital-DC2839
37,,Bhalaswa X-ing-U01696
38,,Outer Ring Road Makbara Chowk-U01602
39,,GTK By Pass-U01534
40,,Badli Crossing-U01452
41,,Haider Pur Water Works-U01377
42,,Prashant Vihar-U01363
43,,Uttri Pitam Pura-U01353
44,,RU Block Pitam Pura-U01329
45,,Power House Pittam Pura-U01294
46,,Madhuvan Chowk-U01272
47,,Saraswati Vihar C-block-U01199
48,,Kali Mata Mandir-U01086
49,,Pushpanjali Enclave
50,,Rohini Depot-3-U01043
51,,Mangol Puri Police Line-U99992
52,,Mangol Pur School-U01014
53,,West Enclave
54,,B-Block Mangol Puri Ring Road
55,,Peera Garhi
56,,Peera Garhi Depot-U00890
57,,Paschim Vihar Power House
58,,Sunder Apartment-U00865
59,,Sunder Vihar -U00858
60,,Meera Bagh Apartment
61,,Meera Bagh-U00838
62,,Kesho Pur Depot-U00805
63,,Major Bhupinder Singh Nagar-U00770
64,,CRPF Camp-DC2800
65,,Manohar Nagar-U00754
66,,Krishna Park Extn.-U00734
67,,Kangra Niketan-U00717
68,,Distrist Centre Janak Puri-U00695
69,,Dhauli Piao
70,,Vikas Puri X-Ing-U00627
71,,Uttam Nagar Terminal-U00605
72,,A-1 Janakpuri-DC2148
73,,Tilak Pul-U00624
74,,Jeewan Park-U00653
75,,Janak Puri C-1-U00694
76,,Janak Puri B-1
77,,Dabri X-Ing-U00781
78,,Janak Cinema-U00876
79,,Desu Colony Janak Puri-U00907
80,,Sagar Pur- Vashishth Park-U00974
81,,D Block Janakpuri-DC1542
82,,Lajwanti Garden
83,,Janak Setu-U01079
84,,Supply Depot-U01164
85,,Kirbi Place-U01208
86,,P S Sadar Bazar-U01190
87,,Sadar Bazar Delhi cantt.-DC2213
88,,Geeta Ashram
89,,More Lines
90,,Palam Crossing
91,,Jai Jawan Jai Kishan
92,,Shastri Bazar-U01296
93,,Mall Road Delhi Cantt.-U01380
94,,St. Martin School-U01442
95,,Raj Rifl Line-U01481
96,,Golf Club-U01594
97,,Dhaula Kuan-U01625
98,,Satya Niketan-DC1391
99,,Gurudawara Nanak Pura-U01776
100,,Moti Bagh-U01802
101,,Rao Tula Ram Marg
102,,R.K. Puram Sec-8
103,,R.K. Puram Sec-7(Som Vihar)
104,,Mohan Singh Market
105,,RK Puram Sector-1-U01859
106,,R K Puram Sec-4-U01821
107,,Munirka Village-U01791
108,,DDA Flat Munirka-U01850
109,,JNU-U01899
110,,Ber Sarai-U01874
111,,School of Physical Science-DC2607
112,,FAI-U01881
113,,Sanskrit Vidyapeeth-U01922
114,,Katwaria Sarai-U01979
115,,Qutab Enclave-U02053
116,,NCERT-U02095
117,,Adhchini Village
118,,MMTC
119,,PTS
120,,PNB Geetanjali-DC2609
121,,Saket A Block
122,,Press Enclave
123,,Modi Hospital
124,,Hauz Rani
125,,Saket M Block
126,,Saket Terminal
127,,Saket J Block
128,,Saket X-ing
129,,DIPSAR
130,,Ambedkar Nagar Terminal
131,,Ambedkar Nagar Depot
132,,Devoli Road Crossing
133,,Vayusena Bad
134,,Batra Hosp
135,,Hamdard Nagar
136,,Majidia Hospital
137,,Guru Ravidass Marg
138,,Tughlkabad Extn.
139,,Kalka Ji Extn.DDA Flat
140,,CRPF Camp (Crown Plaza)-DC1309
141,,C-Lal Chowk-UO3219
142,,Kalkaji Depot-U03206
143,,Punj Sons-DC1307
144,,Kalkaji Mandir
145,,NSIC Hostel
146,,Modi Mills
147,,SNPD-DC1002
148,,C Block East of KaiIash-U03142
149,,East Of Kailash B Block-DC2431
150,,Garhi Village-U03047
151,,Lajpat Nagar X-ing
152,,Shri Niwas Puri
153,,Nehru Nagar-U03074
154,,Maharani Bagh
155,,Bala Sahib Gurudwara
156,,Sarai Kale Khan ISBT
157,,Road Bridge East
158,,CPWD Office-U99863
159,,Pusta Crossing
160,,Samas Pur Jagir
161,,Mother Dairy-U03387
162,,Ganesh Nagar-U03379
163,,Shakkar pur School Block-U03317
164,,Laxmi Nagar Xing-U03293
165,,TT Post under Pass
166,,Laxmi Nagar-U03307
167,,Shakarpur-U03345
168,,Shakarpur X-Ing-U03380
169,,Nirman Vihar-U03416
170,,Swashthya Vihar-U03456
171,,New Rajdhani Enclave-U03485
172,,Karkardooma  Crossing-U03494
173,,Hasan Pur Depot-U03587
174,,Hasan Pur Village-U03623
175,,Gazipur Depot-U03676
176,,ISBT Anand Vihï¿½r-UOS656
