,OLD_STOPS,NEW_STOPS
1,,Nehru Place Terminal
2,,Paras Cinema
3,,Pumpose Enclave
4,,Masjid Moth
5,,Swami Nagar
6,,Sadhna Enclave
7,,Sarvo priya Vihar
8,,IIT Gate
9,,Jiya Sarai
10,,IIT Hostel
11,,ISTM
12,,Munirka DDA Flat
13,,Munirka Village
14,,Vasant Vihar Depot
15,,R.K. Puram Sec 5
16,,Swami Malai Mandir
17,,Vasant Village
18,,Singhnal Enclave
19,,Arjun Path
20,,APS Colony
21,,NHW Crossing No 8
22,,Palam Colony Mehram Nagar
23,,Palam Airport
24,,Indian Oil Station
25,,Prehlad Pur (Shekhawati Lane)
26,,Palam Rly Fly Over
27,,Dwarka More
28,,Dwarka Sec 1
29,,J.M. International School
30,,Dwarka Sector 2/6 Xing
31,,Madhu Vihar
32,,Raja Puri
33,,Delhi Pub. School (Matiala) / Madhu Vihar
34,,Matiala Crossing
35,,Dwarka Sec 3/4 Xing
36,,Dwarka Sec 13/14
37,,Dwarka Sec 17 A
38,,Dwarka Sec 18 B
39,,Dwarka Sec 18A
