,OLD_STOPS,NEW_STOPS
1,,Paper Market (Mayur Vihar Ph-3
2,,Sapera Basti More
3,,DSC Market
4,,Mayur Vihar Phase III Terminal
5,,CRPF Camp
6,,Mayur Vihar Ph-3 Pkt. A-1
7,,Bharati Public School
8,,New Kondali
9,,Mayur Vihar Phase-3 Xing
10,,Sankat Hara Ganpati Mandir
11,,Dallu Pura Fire Station
12,,Dallu pura
13,,Kondali Xing
14,,Kalyan Puri
15,,Super Bazar
16,,Chand Cinema
17,,Trilok Puri 13-Block
18,,Kotla Village
19,,ITI Khichiri Pur
20,,Shashi Garden More
21,,Pandav Nagar Police Station
22,,Patpar Ganj 
23,,Samas Pur Village
24,,Samas Pur Jagir 
25,,Pusta Crossing
26,,CPWD Office
27,,Road Bridge East
28,,Sarai Kale Khan ISBT
29,,Bala Sahib Gurudwara
30,,Maharani Bagh
31,,Nehru Nagar
32,,Shri Niwas Puri
33,,Lajpat Nagar Xing
34,,Garhi Village
35,,East Of Kailash B Block
36,,C Block East of Kailash
37,,SNPD
38,,Modi Mills
39,,NSIC Hostel
40,,Kalkaji Mandir
41,,Nehru Place Terminal
