,OLD_STOPS,NEW_STOPS,OUTPUT
1,Mayur Vihar Phase III Terminal / Paper Market,Paper Market (Mayur Vihar Ph -3),Slightly match
2,Sapera Basti Crossing,Sapera Basti More,Not matched
3,CSD Market,DSC Market,Not matched
4,Mayur Vihar Ph-III,Mayur Vihar Phase III Terminal,Slightly match
5,CRPF Camp,CRPF Camp,Match
6,Mayur Vihar Phase III A1 Block,Mayur Vihar Ph 3 Pkt. A-1,Not matched
7,Bharti Public School,Bharati Public School,Match
8,New Kondali A1 Crossing,New Kondali,Slightly match
9,Mayur vihar Phase-III Crossing,Mayur Vihar Phase 3 Xing,Slightly match
10,Ganpati Mandir,Shankat Hara Ganpati Mandir,Slightly match
11,Fire Station,Dallu Pura Fire Station,Slightly match
12,Dallu Pura,Dallu pura,Match
13,kalyan puri xing,Kondali Xing,Not matched
14,Kalyan Puri Terminal,Kalyan Puri,Slightly match
15,Super Bazar,Super Bazar,Match
16,Chand Cinema,Chand Cinema,Match
17,Trilok Puri 13 Block,Trilok Puri 13 Block,Match
18,Kotla Village,Kotla Village,Match
19,ITI Khichiripur,ITI Khichiri Pur,Match
20,Shashi Garden Xing,Shashi Garden More,Not matched
21,P S Pandav Nagar,Pandav Nagar Police Station,Slightly match
22,Patpar Ganj Xing,Patpar Ganj More,Not matched
23,Samas Pur Jagir,Samas Pur Jagir ,Match
24,Pusta Crossing / Akhardham Temple,Pusta Crossing,Slightly match
25,CWG Village / PWD Office,CPWD Office,Slightly match
26,Baba Bishamber Dass Ashram,Baba Bishamber Dass Ashram,Match
27,Payal Cinema,Road Bridge East,Not matched
28,Nizamuddin Road Bridge,Road Bridge,Slightly match
29,Railway Road Bridge,Railway Bridge Ring Road,Match
30,Pragati Maidan Terminal / Purana Qila,Pragati Maidan,Slightly match
31,National Stadium,National Stadium,Match
32,High Court,High Court,Match
33,Art Gallery,National Art Gailery,Slightly match
34,Shahjahan Road,Shahjahan Road,Match
35,Kotah House,Kotah House,Match
36,Prithvi Raj Road Crossing,Prithvi Raj Road Crossing,Match
37,Prithvi Raj Road Crossing,Prithvi Raj Road,Slightly match
38,S J Madrasa,S.J. Madarsa,Slightly match
39,SJ Airport,S.J. Air Port,Match
40,INA Colony,INA Cly,Slightly match
41,Kidwai Nagar,Kidwai Nagar,Match
42,AIIMS Ring Road,AIIMS,Not matched
