,OLD_STOPS,NEW_STOPS,OUTPUT
1,Rohini Sector-1 Avantika,Rohini Sector-1 Avantika,Match
2,Rohini Sec-3/4 Xing,Rohini Sec-3/4,Match
3,Rohini Sec 3/4/5/6 Xing (Vishram Chowk),"Rohini Sector-3, 4/5/6 Xing",Not matched
4,Ayodhya Chowk,Ayodhya Chowk,Match
5,Nahar Pur Village,Nahar Pur Village,Match
6,Hanuman Mandir Sec-8,Hanuman Mandir Sec-8,Match
7,Nav Durga Mandir,Nav Durga Mandir,Match
8,"Rohini Sector-7,8 Xing","Rohini Sector-7,8 Xing",Match
9,Madhuban Chowk (Outer Ring Road),Madhuvan Chowk,Slightly match
10,JD Block Pitam Pura,JD Blk Pitam Pura,Match
11,Dtc Colony Pitam Pura,DTC Colony Pitam Pura,Match
12,Kapil Vihar,Kapil Vihar,Match
13,Harsh Vihar,Harsh Vihar,Match
14,Lok Vihar,Lok Vihar ,Match
15,Road No-44 Crossing,Road No-44 Xing,Slightly match
16,Mahindra Park Road No-44,Mahindera Park,Slightly match
17,Samrat Enclave,Samrat Enclave,Match
18,Shakur Pur,Sakur Pur BA-Block,Slightly match
19,Shakurpur Shiv Mandir,Shakur Pur Shiv Mandir,Match
20,Punjabi Bagh Terminal,Punjabi Bagh,Slightly match
21,New Moti Bagh B Block,New Moti nagar B-Block,Slightly match
22,Karampura Terminal,Karam Pura Terminal,Match
23,Moti Nagar Industrial Area,Moti Nagar Industrial Area,Match
24,Shadipur Depot,Shadi Pur Depot,Match
25,Shadipur Metro Station,Shadi Pur Metro Station,Match
26,West Patel Nagar,West Patel Nagar,Match
27,South Patel Nagar (Metro Station),South Patel Nagar,Slightly match
28,East Patel Nagar,East Patel Nagar,Match
29,Shankar Road,Shankar Road,Match
30,New Rajender Nagar,New Rajinder Nagar,Match
31,Upper Ridge Road,Ridge Road,Slightly match
32,Talkatora Stadium,Talkatora Stadium,Match
33,Dr. RML Hospital,RML Hospital,Match
34,Talkatora Road,Talkatora Road,Match
35,Kendriya Terminal / Gurudwara Rakab Gunj,Gurudwara Rakab Gunj,Slightly match
36,Kendriya Terminal (Pt. Pant Marg),Kendriya Terminal,Slightly match
37,NDPO,NDPO,Match
38,Gurudwara Bangla Sahib,Gurudwara Bangla Sahib,Match
39,Patel Chowk,Patel Chowk,Match
40,Aakashwani Bhawan,Aakashwani Bhawan,Match
41,Madhuban Chowk Outer Ring Road,Krishi Bhawan,Not matched
42,T B Hospital,Udyog Bhawan,Not matched
43,Nirman Bhawan,Nirman Bhawan,Match
44,Claridges Hotel,Claridges Hotel,Match
45,Prithvi Raj Road Crossing,Prithvi Raj Road Crossing,Match
46,Prithvi Raj Road Crossing,Prithvi Raj Road,Slightly match
47,S J Madrasa,S.J. Madarsa,Slightly match
48,Lodhi Colony,Lodhi Road Crossing,Slightly match
49,Lodhi Colony Market,Lodhi Colony 18,Slightly match
50,Lodhi Colony,Lodhi Colony,Match
51,Central School Lodhi Road,Lodhi Road Central School,Match
52,CGO Complex,CGO Complex,Match
