,OLD_STOPS,NEW_STOPS
1,,Nehru Place Terminal
2,,Paras Cinema
3,,Pumpose Enclave
4,,Masjid Moth
5,,Swami Nagar
6,,Sadhna Enclave
7,,Sarvo priya Vihar
8,,IIT Gate
9,,Jiya Sarai
10,,IIT Hostel
11,,ISTM
12,,Munirka DDA Flat
13,,Munirka Village
14,,Vasant Vihar Depot
15,,R.K. Puram Sec 5
16,,Swami Malai Mandir
17,,Vasant Village
18,,Singhnal Enclave
19,,Arjun Path
20,,APS Colony
21,,NHW Crossing No 8
22,,Palam Colony Mehram Nagar
23,,Palam Airport More 
24,,Indian Oil Station
25,,Prehlad Pur (Shekhawati Lane)
26,,Palam Rly Fly Over
27,,Dwarka More
28,,Dwarka Sec 1
29,,Dwarka Sector 6/7
30,,Dwarka SECTOR 6
31,,Dwarka Sec 6/7/9 & 10 Xing
32,,Dwarka Sector 9/10 Xing
33,,Dwarka Sector 19/20 Xing
34,,Dwarka Sector 9 Metro Station
35,,Sector 22/23 Dividing
36,,Dwarka Sector 23
