,OLD_STOPS,NEW_STOPS,OUTPUT
1,AIIMS Ring Road,AIIMS,Not matched
2,Kidwai Nagar,Kidwai Nagar,Match
3,Kidwai Nagar (INA Colony),INA Cly,Not matched
4,SJ Airport,S.J. Air Port,Match
5,S J Madrasa,S.J. Madarsa,Slightly match
6,Prithvi Raj Road,Prithvi Raj Road,Match
7,Prithvi Raj Road Crossing,Prithvi Raj Road Crossing,Match
8,Kota House,Kotah House,Match
9,Shahajahan Road,Shahjahan Road,Match
10,Art Gallery,National Art Gailery,Slightly match
11,High Court,High Court,Match
12,National Stadium,National Stadium,Match
13,Pragati Maidan Gate 5,Pragati Maidan,Slightly match
14,Railway Road Bridge,Railway Bridge Ring Road,Match
15,Nizamuddin Road Bridge,Road Bridge,Slightly match
16,Payal Cinema,Road Bridge East,Not matched
17,Baba Bishamber Dass Ashram,Baba Bishamber Dass Ashram,Match
18,CWG Village / PWD Office,CPWD Office,Slightly match
19,Pusta Crossing,Pusta Crossing,Match
20,Samas Pur Jagir,Samas Pur Jagir ,Match
21,patpar ganj,Patpar Ganj More,Match
22,P S Pandav Nagar,Pandav Nagar Police Station,Slightly match
23,Shashi Garden Xing,Shashi Garden More,Not matched
24,ITI Khichiripur,ITI Khichiri Pur,Match
25,Kotla Village,Kotla Village,Match
26,Trilokpuri 13 Block,Trilok Puri 13 Block,Match
27,Chand Cinema,Chand Cinema,Match
28,Super Bazar,Super Bazar,Match
29,Kalyan Puri Terminal,Kalyan Puri,Slightly match
30,Kalyan Puri Xing,Kondali Xing,Not matched
31,Dallu Pura,Dallu pura,Match
32,Mayur Vihar Phase 3  Xing,Mayur Vihar Phase 3  Xing,Match
33,New Kondali A1 Crossing,New Kondali,Slightly match
34,Bharti Public School,Bharati Public School,Match
35,Mayur Vihar Phase III A1 Block,Mayur Vihar Ph 3 Pkt A-1,Not matched
36,CRPF Camp,CRPF Camp,Match
37,Khora Cly Corner,Khora Colony Corner,Match
38,Mayur Vihar Phase III Terminal / Paper Market,Paper Market (Mayur Vihar Ph -3),Slightly match
