,OLD_STOPS,NEW_STOPS,OUTPUT
1,Rohini Sec 11 SFS Qtrs,Rohini Sec 11 SFS Qtrs,Match
2,"Rohini Sec-11,  F-Block","Rohini Sec-11,  F-Block",Match
3,Shankar Chowk Pritibha School,Shankar Chowk Pritibha School,Match
4,Rohini Sec-11 (Aggarwal Sabha),Rohini Sec.-11,Slightly match
5,Rohini Depot-II,Rohini Depot -2,Slightly match
6,ESI Hospital,ESI Hospital Rohini,Slightly match
7,Vidya Marg Crossing,Vidhya Vihar Marg,Not matched
8,Anubhav Apartment,Anubhav Appartment,Match
9,Goodwill Apartment,Goodwill Apartment,Match
10,Prashant Vihar F-Block,Prashant Vihar,Slightly match
11,Uttri Pitam Pura,Uttri Pitam Pura,Match
12,Pitampura RU Block,RU Block Pitam Pura,Match
13,RU Block Power House,Power House Pittam Pura,Not matched
14,CD Block Pitam Pura,CD Block Pitam Pura,Match
15,Pittampura AP-Block,AP Block PitamPura,Match
16,Pitam Pura KD Block,KD Block PitamPura,Match
17,DAV School,DAV Public School,Slightly match
18,ND- Block Pitam Pura,ND-Block Pitam Pura,Match
19,TV Tower Pitam Pura,TV Tower Pitam Pura,Match
20,Prem Bari Pul,Prem Bari Pul,Match
21,B-3 Keshav Puram,B-3 Keshav Puram,Match
22,Kanhaiya Nagar,Kanhaiya Nagar,Match
23,JJ Colony Wazir Pur,Wazir Pur JJ Colony,Match
24,Inderlok Metro Station,Inder Lok Metro Station,Match
25,Shastri Nagar Shiv Mandir,Shastri Nagar Shiv Mandir,Match
26,Shastri Nagar E Block,Shastri Nagar E Block,Match
27,Shastri Nagar Metro Station,Shastri Nagar metro station,Match
28,Sarai Rohilla,Sarai Rohella Flyover,Slightly match
29,Sarai Rohilla Govt Qtrs,Sarai Rohella,Slightly match
30,Liberty Cinema,Liberty Cinema,Match
31,Dev Nagar / Khalsa College,Dev Nagar-Khalsa College,Match
32,Prahlad Market,Prehlad Market,Match
33,Thana DB Gupta Road,P.S. D.B. Gupta Road,Not matched
34,DB Gupta Market,DB Gupta Market,Match
35,Faiz Road,Faiz Road,Match
36,Karol Bagh Terminal,Karol Bagh Terminal,Match
37,Jhandewalan,Jhandewalan,Match
38,Rani Jhansi Marg,Rani Jhansi Marg,Match
39,Panchkuian Road,Banwari Lal Hospital,Not matched
40,Panchkuian Road,Punchkuain Road ,Slightly match
41,Rama Krishna Ashram Marg,Rama Krishna Ashram Marg,Match
42,Gole Market,Gole Market.,Match
43,Gole Market (Bhai Veer Singh Marg),Gole Market (Bhai Veer Singh Marg),Match
44,Gole Market (Sahitya Sadan),Gole Market (St. Columbas School),Not matched
45,Gurudwara Bangla Sahib,Gurudwara Bangla Sahib,Match
46,YMCA / Palika Kendra,Palika Kendra,Slightly match
47,Jantar Mantar (Tolstoy Marg),Jantar Mantar,Slightly match
48,Tolstoy Marg Barakhamba Crossing,Tolstoy Marg,Slightly match
49,Scindia House,Scindia House,Match
50,Shivaji Stadium Terminal,Shivaji Stadium,Slightly match
51,"Rohini Sec-11,  F-Block","Rohini Sec-11,  F-Block",Match
52,Rohini Sec 11 SFS Qtrs,Rohini Sec 11 SFS Qtrs,Match
