,OLD_STOPS,NEW_STOPS,OUTPUT
1,Shivaji Stadium Terminal,Shivaji Stadium,Slightly match
2,Super Bazar,Super Bazar,Match
3,Scindia House,Scindia House,Match
4,Jantar Mantar (Tolstoy Marg),Tolstoy Marg,Slightly match
5,Tolstoy Marg,Jantar Mantar,Match at 4 in new_data list
6,Tibiya College,P.S. Parliament,Not matched
7,Patel Chowk,Patel Chowk,Match
8,Gurudwara Bangla Sahib,Gurudwara Bangla Sahib,Match
9,Gole Market,Gole Market (St. Columbas School),Slightly match
10,Gole Market (Bhai Veer Singh Marg),Gole Market (Bhai Veer Singh Marg),Match
11,Gole Market,Gole Market.,Match
12,Rama Krishna Ashram Marg,Rama Krishna Ashram Marg,Match
13,Panchkuian Road,Punchkuain Road ,Slightly match
14,Panchkuian Road Banwai Lal Hospital,Banwari Lal Hospital,Slightly match
15,VIDEOCON TOWER,Videocon Tower,Match
16,Jhandewalan,Jhandewalan,Match
17,Karol Bagh Terminal,Karol Bagh Terminal,Match
18,Faiz Road,Faiz Road,Match
19,DB Gupta Market,DB Gupta Market,Match
20,Thana DB Gupta Road,P.S. D.B. Gupta Road,Not matched
21,Prahlad Market,Prehlad Market,Match
22,Khalsa College,Dev Nagar-Khalsa College,Slightly match
23,Anand Parvat Terminal,Anand Pravat,Slightly match
24,Sarai Rohilla,Sarai Rohella,Match
25,Sarai Rohilla Flyover,Sarai Rohella Flyover,Match
26,Shastri Nagar Metro Station,Shastri Nagar metro station,Match
27,Shastri Nagar E Block,Shastri Nagar E Block,Match
28,Shastri Nagar Shiv Mandir,Shastri Nagar Shiv Mandir,Match
29,Inderlok Metro Station,Inder Lok Metro Station,Match
30,JJ Colony Wazir Pur,Wazir Pur JJ Colony,Match
31,Kanhaiya Nagar,Kanhaiya Nagar,Match
32,B3 Keshav Puram,B-3 Keshav Puram,Match
33,Prem Bari Pul,Prem Bari Pul,Match
34,TV Tower Pitam Pura,TV Tower Pitam Pura,Match
35,Pitam Pura KD Block,ND-Block Pitam Pura,Slightly match
36,DAV School,DAV Public School,Slightly match
37,Pitam Pura KD Block,KD Block PitamPura,Match
38,Pittampura AP-Block,AP Block PitamPura,Match
39,Pitampura CD-Block,CD Block Pitam Pura,Match
40,RU Block Power House,Power House Pittam Pura,Not matched
41,Pitampura RU Block,RU Block Pitam Pura,Match
42,Uttri Pitam Pura,Uttri Pitam Pura,Match
43,Prashant Vihar F-Block,Prashant Vihar,Slightly match
44,Sai Apartment,Goodwill Apartment,Not matched
45,Anubhav Apartment,Anubhav Appartment,Match
46,Vidya Marg Crossing,Vidhya Vihar Marg,Not matched
47,ESI Hospital,ESI Hospital Rohini,Slightly match
48,Rohini Depot-II,Rohini Depot -2,Slightly match
49,Rohini Sec-11 (Aggarwal Sabha),Rohini Sec.-11,Slightly match
50,Shankar Chowk Pritibha School,Shankar Chowk Pritibha School,Match
51,"Rohini Sec-11,  F-Block","Rohini Sec-11,  F-Block",Match
52,Rohini Sec 11 SFS Qtrs,Rohini Sec 11 SFS Qtrs,Match
