,OLD_STOPS,NEW_STOPS,OUTPUT
1,Anand Vihar ISBT Main Road,ISBT Anand Vihar-DC2270,Not matched
2,Anand Vihar ISBT Main Road,ISBT Anand Vihar Main Road,Match
3,Maharaj Pur Check Post,Maharaj Pur Check Post,Match
4,Gazipur Depot,Gazi Pur Depot,Match
5,Hasanpur Village,Hasan Pur Village-U03621,Slightly match
6,Hasanpur Depot,Hasan Pur Depot-U03594,Slightly match
7,Jagatpuri F-Block,Jagat Puri F Block-U03476,Slightly match
8,Jagatpuri A Block,Jagat Puri A Block-U03461,Slightly match
9,Radheypuri,Radhey Puri-U03457,Not matched
10,Arjun Nagar,Arjun Nagar-U03444,Slightly match
11,Hans Apartment,Hans Apartment-U03430,Slightly match
12,Krishna Nagar A Block,Krishna Nagar A Block-U03404,Match
13,Swaran Cinema,Swaran Takies-U03394,Not matched
14,East Azad Nagar,East Azad Nagar,Match
15,Jharkhandi,Jharkhandi,Match
16,East of Kailash B-Block,Kanti Nagar Extn. / Bihari Colony,Not matched
17,Welcome Metro Station,Welcome Metro Station-U03300,Match
18,Seelam Pur Petrol Pump,Seelam Pur Petrol Pump-DC1369,Match
19,Seelampur Metro Station,Seelam pur-NS0184,Not matched
20,Dharam Pura,Dharam Pura-U03184,Slightly match
21,Shastri Park,Shastri Park-U03126,Slightly match
22,Shyam Giri Mandir,Shyam Giri Mandir-U03019,Match
23,Shastri Park,Shashtri Park Metro Depot-U02946,Slightly match
24,ISBT Bridge,ISBT Bridge,Match
25,ISBT Maharana Pratap Bus (T),ISBT Maharana Pratap Bus (T)-U02805,Match
