,OLD_STOPS,NEW_STOPS,OUTPUT
1,Mundka Xing,Mundka,Slightly match
2,Mundka Village Xing,Mundka Xing,Slightly match
3,Swarn Park,Swarn Park,Match
4,Rajdhani Park,Rajdhani Park,Match
5,Qamruddin Nagar,Qmamaruddin Nagar Xing,Slightly match
6,Lokesh Cinema Nangloi,Nangloi JJ Colony 2,Not matched
7,Nagloi Jj Colony 3,Lokesh Cinema,Not matched
8,Nangloi Metro Station,Nangloi,Not matched
9,Sultan Puri Crossing,Sultan Puri Crossing,Match
10,Nagloi Jj Colony 3,Nangloi JJ Colony 3,Match
11,Jwala Puri / Nangloi Depot,Jwala Puri,Slightly match
12,Inder Enclave,Inder Enclave,Match
13,Udyog Nagar,Udhyog Nagar,Match
14,Peera Garhi Metro Station,Peera Garhi Metro Station,Match
15,Peera Garhi Chowk,Peera Garhi,Slightly match
16,Paschim Vihar Super Bazar (West Metro Station),Paschim Vihar Super Bazar,Slightly match
17,Multan Nagar,Multan Nagar,Match
18,New Multan Nagar,New Multan Nagar,Match
19,Ordinance Depot,Ordinance Depot,Match
20,Madipur JJ Colony Metro Station,Madipur JJ Colony,Slightly match
21,Madipur Village,Madipur Village,Match
22,SPM College,SPM College,Match
23,Shivaji Park,Shivaji Park,Match
24,Agarsen Hospital,Maharaja Aggrasen Hospital,Slightly match
25,Punjabi Bagh Terminal (Rohtak Road),Punjabi Bagh Terminal,Slightly match
26,Power House,Power House (Punjabi Bagh),Slightly match
27,Ram Pura,Ram Pura,Match
28,Ashok Park,Ashoka Park,Match
29,Zakhira Flyover,Zakhira Flyover,Match
30,Daya Basti Flyover,Daya Basti Flyover,Match
31,Anand Parbat Industrial Area,Anand Parvat Industrial Area,Match
32,Sarai Rohila,Sarai Rohella,Slightly match
33,Liberty Cinema,Liberty Cinema,Match
34,Dev Nagar / Khalsa College,Dev Nagar Khalsa College,Match
35,Prahlad Market,Prehlad Market,Match
36,Thana DB Gupta Road,P.S. D.B. Gupta Road,Not matched
37,DB Gupta Market,DB Gupta Market,Match
38,Faiz Road,Faiz Road,Match
39,Karol Bagh Terminal,Karol Bagh Terminal,Match
40,Jhandewalan,Jhandewalan,Match
41,Paharganj Police Station,P.S. Pahar Gunj,Not matched
42,Dispensary Paharganj,Paharganj Dispensary,Match
43,New Delhi Railway Station Gate 1,New Delhi Railway Station Gate 1,Match
44,Marina,Marina Hotel,Slightly match
45,Super Bazar,Super Bazar,Match
46,Shivaji Stadium Terminal,Shivaji Stadium ,Slightly match
