,OLD_STOPS,NEW_STOPS
1,,QUTABGARH
2,,PUNJB. KHOR
3,,JATT KHOR
4,,TATESHAR
5,,JYONTI VILL.
6,,JYONTI MOR
7,,VRIDH ASHRAM
8,,LADPUR 
9,,LADPUR SCHOOL
10,,KANJHAWLA CHOWK
11,,RADHA SWAMI SATSANG VYAS
12,,KARALA 
13,,KARALA SCHOOL
14,,JAIN COLONY
15,,SUKHBEER NAGAR
16,,RAJEEV NAGAR
17,,BEGAMPUR
18,,ROHINI SEC.21
19,,POOTH KALAN
20,,BRAHM SAKTI HOSPITAL
21,,BUDH VIHAR
22,,MANGOL PUR KHURD
23,,AVANTIKA
24,,MANGOL PUR Y BLOCK
25,,MANGOL PUR SCHOOL
26,,POLICE LINE
27,,ROHINI DEPO3
28,,DEEPALI CHOWK
29,,KALI MATA MANDIR
30,,SARASWATI VIHAR
31,,MADHUBAN CHOWK
32,,JD BLOCK PITAMPURA
33,,KOHAT ENCLAVE
34,,NSP
35,,WAZIRPUR
36,,PREMBARI PUL
37,,RICHI RICH
38,,ASHOK VIHAR
39,,SHALIMAR BAGH
40,,AZADPUR
41,,AZADPUR MANDI
42,,ADARSH NAGAR
43,,SARAI PEEPAL THALA
44,,J.PURI METRO
45,,GTK DEPO
46,,BYPASS DWN
47,,BY PASS FLYOVER
48,,BADLI MOR
49,,HAIDER PUR
50,,PARSHANT VIHAR
51,,ANUBHAV APARTEMENT
52,,ESI HOSPITAL
53,,ROHINIDEPO 2
54,,ROHINI SEC.11
55,,ROHINI SEC.15
56,,ROHINI SEC 16
57,,ROHINI SEC16 MOR
58,,D.T.U
59,,SHABAD DAULAT PUR 
60,,XT.SAVIOUR SCHOLL
61,,SHABAD DAIRY
62,,PARHLAD PUR 
63,,PARHLAD PUR SCHOOL
64,,BARWALA
65,,POOTH
66,,BALMIKI HOSPITAL
67,,DHAKEWALA
68,,BWANA IND. AREA
69,,BAWANA
70,,BAWANA DEPO
71,,DARYAPUR
72,,HAREVELI MOR
73,,AUCHANDI VILL
74,,AUCHANDI BORDER
75,,MUNGESPUR
76,,KATEWRA MOR
77,,QUTABGARH
