,OLD_STOPS,NEW_STOPS
1,,Gurgaon
2,,Shitla Mata Mandir
3,,Gurgaon Sec 24
4,,Gurgaon Sec 14
5,,M D I
6,,Sukhrali Chowk
7,,IFFCO Chowk
8,,ATLAS
9,,Pipal Chowk
10,,Kapashera Border
11,,Kapashera Village
12,,Kapashera X ing
13,,Samalka Village
14,,Samalkha X ing
15,,Pushpanjali
16,,Puspanjali G Block
17,,Dwarka 21/25
18,,Dwarka Sec 25
19,,Dwarka Sec 22/23 X-ing
20,,Dwarka Sec 20/21 X-ing
21,,SECTOR 8 METRO STATION
22,,Sector 9 Metro Station
23,,Sector 8 DTC Bus Depot
24,,Royal Residency
25,,Dwarka Sec 6/10 X-ing
26,,Princes Apartment Sec 7
27,,Dwarka Sec 6/7 Xing
28,,Dwarka Telephone Exchange
29,,Dwarka Sec 1/2
30,,SFS Flat Sector 2
31,,"Mahvir Enclave part II,III"
32,,Vijay Enclave
33,,Dashrath Puri
34,,Dabri Village
35,,Dabri X ing
36,,Janak Puri C 1
37,,Jeewan Park
38,,Tilak Pul
39,,A 1 Janak Puri
40,,Uttam Nagar Terminal
