,OLD_STOPS,NEW_STOPS
1,,Gurgaon
2,,Shitla Mata Mandir
3,,Gurgaon Sec 24
4,,Gurgaon Sec 14
5,,M D I
6,,Sukhrali Chowk
7,,IFFCO Chowk
8,,Sikanderpur Border
9,,Aya Nagar
10,,Aya Nagar X ing
11,,RRC Station
12,,Air Force Station
13,,Ghitorni School
14,,Ghitorni Village
15,,Sultanpur
16,,New Mangla Puri
17,,Chhatarpur Metro Station
18,,Andheria More
19,,Qutab Metro Station
20,,Ahinsa Sthal
21,,Lado Sarai Xing
22,,Lado Sarai
23,,Dhola Peer
24,,Said ul zeb Village
25,,Maidan Garhi Xing
26,,Saket X ing
27,,Asian Market
28,,DIPSAR
29,,Ambedkar Nagar Terminal
30,,Ambedkar Nagar Depot
31,,Devoli Road Crossing 
32,,Vayusena Bad
33,,Batra Hosp
34,,Hamdard Nagar
35,,Air Force Station
36,,Tuglkabad Fort
37,,Tuglaka Bad Villlage
38,,Kaya Maya Hospital
39,,Okhla More
40,,Prem Nagar
41,,Lal Kuan
42,,Suraj kund Xing
43,,Prehladpur
44,,Badar Pur M.B. Road
45,,Badarpur Border
