,OLD_STOPS,NEW_STOPS
1,,Wazirpur Depot
2,,Subhash Place Depot 
3,,Prem Bari Pull
4,,Richi Rich Shalimar Bagh
5,,Ashok Vihar Crossing
6,,Shalimar Bagh Xing
7,,Azadpur 
8,,Model Town-III-U01966
9,,Model Town-II-DC1816
10,,Alpana Cinema-U02122
11,,New Police Line-U02263
12,,GTB Nagar-U02292
13,,INS Hostel-U02467
14,,Vishva vidyalaya metro station-U02515
15,,Mall Road Ring Road-U02572
16,,Khyber Pass-U02613
17,,Vidhan sabha metro station-U02620
18,,Old Secretriate-U02628A
19,,I P College-U02655
20,,Civil Line-Metro StationU02682
21,,Ludlow Castle-U02700
22,,ISBT kashmiri gate-U02716
23,,ISBT Ring Road-DC1276
24,,Yamuna Bazar-U02849
25,,Geeta Colony Pul
26,,Shanti Van-U02990
27,,Rajghat-U03013
28,,Indira Gandhi Stadium-U03010
29,,ITO Ring Road-U03016
30,,IP Depot-U03025
31,,Pragati Power Station
32,,Pragati Maidan -U02989
33,,Zoo-U02900
34,,Sunder Nagar-U02914
35,,Sunder Nagar Market-U02924
36,,D.P.S school-NS0265
37,,P S Nizamuddin-U02977
38,,Hazrat Nizamuddin Extn-U02998
39,,Bhogal-U03045
40,,Ashram-U03122
41,,Nehru Nagar-U03074
42,,Shri Niwas Puri
43,,Lajpat Nagar-DC1302
44,,Gupta Colony
45,,Andrews Ganj-U02788
46,,South Ext Kotla Petrol Pump-U02600
47,,South Extension 2-U02556
48,,AIIMS-U02473
49,,S J Hospital-U02304
50,,Narouji Nagar-U02128
51,,Hyatt Hotel-U01990
52,,R K Puram Sec-12
53,,Aradhna Enclave
54,,Moti Bagh-U01778
55,,Satya Niketan
56,,ARSD College
57,,Dhaula Kuan-U01625
58,,R. R. Line-U99860
59,,Garrision Eng.-U99942
60,,Brar Square-U01373
61,,COD Ring Road-DC1454
62,,Naraina Village-U01325
63,,Nariana Vihar-U01292
64,,Maya Puri Depot-U01257
65,,Rajouri Garden Ring Road-U01211
66,,Rajdhani College Raja Garden-DC1448
67,,ESI Hospital-U01233
68,,Punjabi Bagh Club-U01261
69,,Punjabi Bagh
70,,Shakur Pur Shiv Mandir
71,,Britania
72,,Telephone Exchange
73,,Wazirpur Depot
