,OLD_STOPS,NEW_STOPS
1,,NARELA TERMINAL
2,,P.S. NARELA
3,,RAM DEV CHOWK
4,,NARELA A-9
5,,RAJA HARISH CHAND HOSP.
6,,NARELA NEW ANAJ MANDI
7,,NARELA RAILWAY X-ING
8,,VISHAL BAGH
9,,BAL BICHU GHAR
10,,SWATANTRA NAGAR
11,,MAHARAJA AGGRASEN PUBLIC SCHOOL
12,,BHARAT MATA PUBLIC SCHOOL
13,,KAUSHALYA DEVI BLIND ASHRAM
14,,SANNOTH X-ING
15,,GHOGA AIR FORCE STATION
16,,JAIN SHUKLA MANDIR
17,,J J COLONY BAWANA
18,,BAWANA
19,,ISHWER COLONY 
20,,BAJIT PUR X-ING 
21,,PRAM PAYU 
22,,CHAND PUR 
23,,KANJHAWALA CHOWK
24,,KANJHAWALA  VILLAGE 
25,,KANJHAWALA DEPOT 
26,,KANJHAWALA SCHOOL 
27,,GHAVRA VILLAGE 
28,,GHAVRA RLY X-ING 
29,,GHAVRA X-ING 
30,,INDIAN OIL 
31,,TIKRI PAYU (AZAD HIND GRAM )
32,,TIKRI HOSPITAL 
33,,TIKRI VILLAGE 
34,,SARVODYA KANYA VIDYALAYA
35,,PVC MARKET 
36,,TIKRI BORDER 
37,,JEEVAN  JYOTI HOSPITAL 
38,,BAHADURGARH 
