,OLD_STOPS,NEW_STOPS
1,,Narela Terminal
2,,P/S Narela 
3,,Shafia Bad More
4,,Ram Dev Chowk
5,,A 9 Narela
6,,S.Raja Harish Chander Hospital
7,,Munim Ji Ka Bagh
8,,Narela New Anaj Mandi 
9,,Narela Railway Xing
10,,Bal Bichu Ghar
11,,Swatantra nagar
12,,Maharaja Aggrasen Public School
13,,Bharat Mata Public School
14,,Vishal Bagh
15,,Sannoth Xing
16,,Jain Shukla Mandir
17,,Ghoga Air Fouce Station
18,,Bawana 
19,,Primary School Bawana
20,,Panchayat Ghar Bawana
21,,Ishwar Colony
22,,Bajit Pur Xing
23,,Shri Krishna Dairy Farm
24,,Prem Piao
25,,Chand Pur Xing
26,,Kanjhawala 
27,,Kanjhawala Village
28,,Kanjhawala Depot
29,,Kanjhawala Sub Station
30,,Kanjhawala School
31,,Sir Chhotu Ram Polytechnic
32,,Ghevra Village
33,,FCI Ghevra
34,,Ghevra Crossing 
35,,Tikri Piou
36,,Tikri Hospital
37,,Tikri Village
38,,PVC Market 
39,,Tikri Border
40,,Bahadur Garh
