,OLD_STOPS,NEW_STOPS
1,,BAHADURGARH
2,,Tikri Border
3,,PVC Market Xing
4,,Sarvodya Kanya Vidhalya
5,,Tikri Village
6,,Tikri Hospital
7,,Tikri Piou
8,,Indian Oil
9,,Ghevra Crossing
10,,Hiran Kudna More
11,,Metro Workshop
12,,Mile Stone Factory
13,,Shiv Shankar Dharam Kaanta
14,,Mundka School
15,,Mundka
16,,Mundka Crossing
17,,Swarn Park
18,,Rajdhani Park
19,,Qumruddin Nagar crossing
20,,Lokesh Cinema
21,,Nangloi
22,,Sultan Puri Xing
23,,Nangloi Depot
24,,Inder Enclave
25,,Udhyog Nagar
26,,Peera Garhi
27,,Pashchim Vihar(Super Bazar)
28,,Multan Nagar
29,,New Multan Nagar
30,,Ordinance Depot
31,,Madi Pur J.J Colony
32,,Madi Pur Village
33,,SPM College
34,,Shivaji Park
35,,Maharaja Aggarsain Hospital
36,,Punjabi Bagh Terminal
37,,Power House (Punjabi Bagh)
38,,Rampura
39,,Ram Pura Ganda nala
40,,Zakhira Flyover
41,,Daya Basti Flyover
42,,Anand Parvat Industrial Area
43,,Sarai Rohilla
44,,Libarty Cinema
45,,Dev Nagar Khalsa College
46,,Khalsa College
47,,Prehlad Marke
48,,DB Gupta Market
49,,Faiz Rosd Crossing
50,,Karol Bagh
51,,Jhande Walan
52,,P S Paharganj
53,,Dispensary Pahar Gunj
54,,Ajmeri Gate
55,,KAMLA MARKET
56,,NEW DELHI RLY STATION GATE NO.-2
57,,BAHADURGARH
58,,Tikri Border
59,,PVC Market Xing
60,,Sarvodya Kanya Vidhalya
61,,Tikri Village
62,,Tikri Hospital
63,,Tikri Piou
64,,Indian Oil
65,,Ghevra Crossing
66,,Hiran Kudna More
67,,Metro Workshop
68,,Mile Stone Factory
69,,Shiv Shankar Dharam Kaanta
70,,Mundka School
71,,Mundka
72,,Mundka Crossing
73,,Swarn Park
74,,Rajdhani Park
75,,Qumruddin Nagar crossing
76,,Lokesh Cinema
77,,Nangloi
78,,Sultan Puri Xing
79,,Nangloi Depot
80,,Inder Enclave
81,,Udhyog Nagar
82,,Peera Garhi
83,,Pashchim Vihar(Super Bazar)
84,,Multan Nagar
85,,New Multan Nagar
86,,Ordinance Depot
87,,Madi Pur J.J Colony
88,,Madi Pur Village
89,,SPM College
90,,Shivaji Park
91,,Maharaja Aggarsain Hospital
92,,Punjabi Bagh Terminal
93,,MOTI NAGAR
94,,KARAMPURA (T)
