,OLD_STOPS,NEW_STOPS,OUTPUT
1,Anand Vihar ISBT Main Road,Uttam Nagar Terminal,Match at 83 in new_data list
2,Anand Vihar ISBT Main Road,Vikas Puri Crossing,Match at 83 in new_data list
3,Maharaj Pur Check Post,Dhauli Paio,Match at 84 in new_data list
4,Gazipur Depot,District Centre/ Janakpuri West,Match at 85 in new_data list
5,Hasanpur Village,District Centre Outer Ring Road,Match at 88 in new_data list
6,Hasanpur Depot,Kangra Niketan,Match at 89 in new_data list
7,Karkardooma Xing,Krishna Park,Not matched
8,New Rajdhani Enclave,Manohar Nagar,Match at 91 in new_data list
9,Bhor Garh,Crpf,Not matched
10,Nirman Vihar,Major Bhupinder Singh Nagar,Match at 93 in new_data list
11,Shakarpur Crossing,Keshopur Bus Depot,Match at 94 in new_data list
12,Shakarpur,Meera Bagh,Match at 95 in new_data list
13,Laxmi Nagar,Sundar Vihar,Match at 96 in new_data list
14,Defence Colony (Lajpat Nagar Mtr Stn),Sunder Vihar,Not matched
15,MCKR Hospital,Sunder Apartments,Not matched
16,Ganesh Nagar,Radisson Blu Paschim Vihar (Bhera Enclave Roundabout),Not matched
17,Mother Dairy,Peeragarhi Depot,Match at 99 in new_data list
18,Samas Pur Jagir,Peera Garhi Chowk,Not matched
19,Pusta Crossing / Akhardham Temple,B Block Mangolpuri Outer Ring Road,Not matched
20,CWG Village / PWD Office,Vidya Vihar,Not matched
21,Payal Cinema,West Enclave,Not matched
22,ISBT Sarai Kale Khan,Mangol Pur School,Not matched
23,Bala Sahib Gurudwara,Rohini Depot 3,Not matched
24,Maharani Bagh (Ashram),Puspanjali Enclave,Not matched
25,Nehru Nagar,Kali Mata Mandir,Match at 111 in new_data list
26,Sri Niwaspuri / PG DAV College Lajpat Nagar,Deepali Chowk,Not matched
27,Lajpat Nagar Crossing,Saraswati Vihar C Block,Match at 113 in new_data list
28,Garhi Village,Madhuban Chowk Outer Ring Road,Match at 114 in new_data list
29,B-Block East of Kailash,Madhuban Chowk,Match at 115 in new_data list
30,C-Block East of Kailash,Pitampura Ru-Block,Match at 116 in new_data list
31,SNPD,Prashant Vihar,Not matched
32,Laghu Udyog Sansthan (ModiMill),Prashant Vihar D Block,Not matched
33,NSIC,Uttari Pitampura,Match at 120 in new_data list
34,Kalkaji Mandir,Prasant Vihar,Match at 122 in new_data list
35,Punj Sons,Haidarpur Water Works,Not matched
36,Kalkaji Depot,Badli Crossing,Not matched
37,C-Lal Chowk,GTK ,Not matched
38,CRPF Camp / Crown Plaza,Mukarba Chowk,Not matched
39,Kalka Ji Extn.DDA Flat,Mukarba Chowk Flyover,Not matched
40,Tughlkabad Extn.,Bhalaswa Crossing,Not matched
41,Guru Ravidass Marg,Babu Jagjiwan Ram Hospital,Not matched
42,Majeedia Hospital,Jahangirpuri E Bk.,Match at 134 in new_data list
43,Hamdard Nagar / Sangam Vihar,Mukundpur Chowk,Match at 135 in new_data list
44,Batra Hospital (Satya Narayan Mandir),Burari Crossing,Not matched
45,Dabri Crossing (Pankha Road),Burari Crossing,Not matched
46,Khanpur Extension / Devli Crossing,Cv Raman Iti,Not matched
47,Ambedkar Nagar Depot,Gopal Pur Crossing,Match at 140 in new_data list
48,C-1 Janak Puri,Gandhi Vihar,Match at 204 in new_data list
49,C-1 Janak Puri,Gopalpur,Match at 204 in new_data list
50,Dispensary Paharganj,Wazirabad Crossing,Not matched
51,Saket J Block,Guru Nanak Sar,Match at 144 in new_data list
52,Saket Terminal,Rajeev Nagar,Match at 146 in new_data list
53,Hauz Rani,Khajuri,Not matched
54,HaujRani / MaxHospital,Bhajanpura,Match at 150 in new_data list
55,Press Enclave,B-Block Yamuna Vihar,Match at 151 in new_data list
56,Saket A block(Malviya Nagar Metro Station),Yamuna Vihar Brijpuri,Match at 152 in new_data list
57,PNB Geetanjali,C Block Yamuna Vihar,Match at 153 in new_data list
58,PTS,Gokalpuri,Match at 154 in new_data list
59,MMTC / Adhchini Village,Bheem Rao Ambedkar Coll.,Not matched
60,MMTC / Adhchini Village,Mig Flates Loni Road,Not matched
61,NCERT,Mandoli Sewa Dham,Match at 158 in new_data list
62,Qutub Hotel,Nand Nagri Bus Depot,Match at 159 in new_data list
63,Katwaria Sarai,Bank Colony,Match at 160 in new_data list
64,Sanskrit Vidyapeeth,Gagan Cinema,Match at 161 in new_data list
65,FAI,Gagan Cinema,Match at 162 in new_data list
66,School Of Physical Science,Sunder Nagri,Match at 163 in new_data list
67,Ber Sarai,Anand Gram Ashram,Match at 164 in new_data list
68,JNU,Nand Nagri Extenstion,Not matched
69,DDA FLATS MUNIRKA,Anand Gram,Match at 167 in new_data list
70,Munirka Family Planning,New Seemapuri,Not matched
71,R K Puram Nab,Dlf Mor,Not matched
72,RK Puram Sec-1,New Seemapuri Depot,Match at 171 in new_data list
73,Mohan Singh Market,Shaheed Nagar More,Match at 173 in new_data list
74,R K Puram Sec-1,A Block Seemapuri,Match at 171 in new_data list
75,R K Puram Sec 8 / 9,Seemapuri (Old),Not matched
76,Rao Tula Ram Marg,J And K Pocket Dilshad Garden,Not matched
77,Moti Bagh Gurudawara Nanakpura,Shahdara Border,Not matched
78,Moti Bagh Gurudawara Nanakpura,Dilshad Garden Metro,Not matched
79,Satya Niketan,Gazipur More,Match at 181 in new_data list
80,ARSD College (Dhaula Kuan),Surya Nagar,Not matched
81,Dhaula Kuan,Ramprastha Mandir,Match at 183 in new_data list
82,Golf Club,Ramprastha Crossing,Match at 184 in new_data list
83,R R Line,Anand Vihar Isbt Main Road,Not matched
84,St. Martin School,Maharajpur Check Post,Not matched
85,Mall Road Delhi Cantt.,Gazipur Depot,Not matched
86,Shastri Bazar,Gazipur Telco,Not matched
87,Jai Jawan Jai Kishan,Tata Motors,Not matched
88,Palam Crossing,Hasanpur Village,Not matched
89,More Lines,Hasanpur Depot,Not matched
90,Geeta Ashram,Karkardooma Crossing,Not matched
91,Sadar Bazar,New Rajdhani Enclave,Match at 192 in new_data list
92,P S Sadar Bazar,Preet Vihar,Not matched
93,Kirbi Place,Nirman Vihar,Match at 193 in new_data list
94,Supply Depot,Shakarpur Crossing,Not matched
95,Janak Setu,Shakarpur,Match at 195 in new_data list
96,Nangal Raya Lajwanti Garden,Laxmi Nagar,Not matched
97,D Block Janak Puri,Laxmi Nagar / Shakarpur Crossing,Not matched
98,SagarPur Vashisht Park,Shakarpur School Block,Not matched
99,Desu Colony Janak Puri,Mother Dairy,Match at 199 in new_data list
100,Janak Cinema,Patparganj Crossing,Match at 200 in new_data list
101,Raghu Nagar (Janak Puri),Samaspur Jagir Village,Not matched
102,Dabri Crossing,Pusta Crossing- Akshardham Mandir,Not matched
103,C-2 Janak Puri,Khelgaon,Match at 203 in new_data list
104,C-1 Janak Puri,Nizamuddin Road Bridge / Cpwd Office,Match at 204 in new_data list
105,Jivan park,Nizamuddin,Not matched
106,Tilak Pul,Nizamuddin Road Bridge,Match at 206 in new_data list
107,Uttam Nagar / A1 Janak Puri,Sarai Kale Khan I.S.B.T,Match at 207 in new_data list
108,Uttam Nagar Terminal,Gurudwara Bala Sahib,Match at 1 in new_data list
109,Vikas Puri Crossing,Maharani Bagh / Ashram,Match at 2 in new_data list
110,Dholi Piao,Maharani Bagh Ashram,Not matched
111,District Centre Outer Ring Road,Nehru Nagar,Match at 5 in new_data list
112,Kangra Niketan,Sri Niwas Puri,Match at 6 in new_data list
113,Krishna Park,Lajpat Nagar Crossing,Match at 7 in new_data list
114,Manohar Nagar,Garhi Village,Match at 8 in new_data list
115,CRPF Camp Keshopur,B Block East Of Kailash,Not matched
116,Major Bhupinder Singh Marg,C Block East Of Kailash,Not matched
117,Keshopur Depot,Sri Niwas Puri Depot,Not matched
118,Meera Bagh,Modi Mills,Match at 12 in new_data list
119,Meera Bagh,Modi Mills,Match at 12 in new_data list
120,Sunder Vihar,N.S.I.C.,Match at 14 in new_data list
121,Sunder Apartment,Kalkaji Temple,Not matched
122,P.Vihar Power Houe,Kalkaji Mandir,Not matched
123,Peera Garhi Chowk,Govindpuri Metro,Match at 18 in new_data list
124,Peera Garhi Chowk,Govind Puri,Match at 18 in new_data list
125,Mangol Puri B Block / Vidya Vihar,Govindpuri,Not matched
126,West Enclave,Ram Puri Gali No 13,Match at 21 in new_data list
127,Mangol Pur School (Kanjhawla Road),Govindpuri Ext. Gali #16,Not matched
128,Mangolpur School,A Block D.D.A. Flats Kalkaji,Match at 22 in new_data list
129,Rohini Depot III,Dda Market Kalkaji,Not matched
130,Puspanjali Enclave,Dda Flats Kalkaji,Match at 24 in new_data list
131,Kali Mata Mandir,Tara Apartment,Match at 25 in new_data list
132,Saraswati Vihar C Block,Guru Ravi Das Ashram / Tughlaqabad Extension,Match at 27 in new_data list
133,Madhuban Chowk Outer Ring Road,Jamia Hamdard Library,Match at 28 in new_data list
134,RU Block Power House,Majeedia Hospital,Not matched
135,Pitampura RU Block,Hamdard Nagar / Sangam Vihar,Match at 30 in new_data list
136,Uttri Pitam Pura,Batra Hospital / Satya Narayan Mandir,Not matched
137,Prashant Vihar F-Block,Tigri,Not matched
138,Haidarpur Water Works,Khanpur Exttension,Match at 35 in new_data list
139,Badli Crossing,Khanpur Extension / Devli Xing,Match at 36 in new_data list
140,GTK Bypass / Mukraba Chowk,Ambedkar Nagar Depot,Not matched
141,Outer Ring Road Makbara Chowk,Institute Pharmacy (Dipsar),Not matched
142,Bhalaswa Crossing,Asian Market,Match at 40 in new_data list
143,Jag Jivan Ram Hospital,Saket Crossing,Not matched
144,Jahangir Puri Outer Ring Road,Saket J Block,Not matched
145,Mukund Pur Chowk,J Block Saket,Match at 43 in new_data list
146,Burari Crossing,Saket Terminal,Match at 44 in new_data list
147,CV Raman ITI,District Center Saket,Match at 46 in new_data list
148,Gandhi Vihar,Saket M Block,Match at 48 in new_data list
149,Gopal Pur / Jagat Pur Crossing,Modi Hospital / Anupam Cinema,Not matched
150,Gopal Pur Xing,Haujrani / Maxhospital,Not matched
151,Wazirabad Crossing,Press Enclave,Match at 50 in new_data list
152,Gurudwara NanakSar,Saket A Block(Malviya Nagar Metro Station),Not matched
153,Rajeev Nagar (Wazirabad Road),Pnb Geetanjali,Not matched
154,Khajuri,P.T.S.,Match at 53 in new_data list
155,Bhajanpura,Police Training School,Match at 54 in new_data list
156,B-Block Yamuna Vihar,Mmtc,Match at 55 in new_data list
157,Yamuna Vihar Brij Puri,Adhchini Village,Match at 56 in new_data list
158,C 4 Yamuna Vihar,Ncert,Not matched
159,B R Ambedkar College (Loni Road Xing),Qutub Hotel,Not matched
160,MIG Flates Loni Road,Katwaria Sarai,Match at 60 in new_data list
161,Ashok Nagar / Meet Nagar,Sanskrit Vidyapeeth,Not matched
162,Nand Nagari Depot,F.A.I.,Not matched
163,Bank Colony,School Of Physical Science,Match at 63 in new_data list
164,Gagan Cinema,Ber Sarai,Match at 64 in new_data list
165,Sunder Nagari,Jnu- Istm,Not matched
166,Tahir Pur,D.D.A. Flats Munirka / Family Planning Association Of India,Not matched
167,Anand Gram,D.D.A. Flats Munirka,Match at 69 in new_data list
168,DLF More,Munirka,Not matched
169,Shalimar Garden Crossing,Munirka,Not matched
170,New Seema Puri Depot Cluster,R.K. Puram / N.A.B.,Not matched
171,Old Seema Puri,Rk Puram Sec 1,Not matched
172,JandK Pocket Dilshad Garden,R. K. Puram Sector 1,Match at 76 in new_data list
173,Shahdra Border,Mohan Singh Market,Not matched
174,Surya Nagar,Rk Puram Sector 7 Crossing,Match at 80 in new_data list
175,Ram Prastha Temple,R. K. Puram Sector 9,Not matched
176,Ram Prastha Crossing,R.K. Puram Sector 8/9 Crossing,Slightly match
177,Anand Vihar ISBT Main Road,R.K. Puram Sector 5,Match at 83 in new_data list
178,Maharaj Pur Check Post,South Moti Bagh,Match at 84 in new_data list
179,Gazipur Depot,South Moti Bagh (Ring Road),Match at 85 in new_data list
180,Anand Vihar ISBT Terminal,Moti Bagh Gurudwara Nanakpura,Not matched
181,,Satya Niketan,
182,,A.R.S.D. College Dhaula Kuan,
183,,Dhaula Kuan,
184,,Golf Club,
185,,Arjan Vihar,
186,,Raj Rif. Center,
187,,Carriappa Vihar,
188,,Khimaya Park,
189,,Thimaya Park,
190,,Gopinath Bazar,
191,,More Line,
192,,Sadar Bazar,
193,,Kirbi Place,
194,,Supply Bus Depot,
195,,Janak Setu,
196,,Nangal Raya,
197,,C Block Janakpuri,
198,,Sagarpur,
199,,Desu Colony Janak Puri,
200,,Janak Cinema,
201,,Raghu Nagar,
202,,Dabri Crossing,
203,,C-2 Janak Puri,
204,,C-1 Janakpuri,
205,,Jeevan Park,
206,,Tilak Pul,
207,,Uttam Nagar / A1 Janak Puri,
208,,Uttam Nagar Terminal,
