,OLD_STOPS,NEW_STOPS,OUTPUT
1,Anand Vihar ISBT Terminal,Uttam Nagar Terminal,Not matched
2,Ram Prastha Crossing,Uttam Nagar / A1 Janak Puri,Match at 128 in new_data list
3,Ram Prastha Temple,Tilak Pul,Not matched
4,Surya Nagar,Jeevan Park,Match at 130 in new_data list
5,Shahdara Border,C-1 Janakpuri,Match at 133 in new_data list
6,JandK Pocket Dilshad Garden,C-2 Janak Puri,Match at 134 in new_data list
7,Old Seema Puri,Dabri Crossing,Not matched
8,New Seema Puri Depot Cluster,Raghu Nagar,Not matched
9,Shalimar Garden More,Janak Cinema,Not matched
10,DLF More,Desu Colony Janak Puri,Not matched
11,Anand Gram Kusht Ashram,Sagarpur,Not matched
12,Tahir Pur,C Block Janakpuri,Not matched
13,Sunder Nagri,Lajwanti Garden,Match at 144 in new_data list
14,Gagan Cinema,Nangal Raya,Match at 145 in new_data list
15,Gagan Cinema,Janak Setu,Match at 145 in new_data list
16,Bank Colony,Supply Bus Depot,Match at 147 in new_data list
17,Nand Nagari Depot,Kirbi Place,Not matched
18,Ashok Nagar / Meet Nagar,Sadar Bazar,Not matched
19,MIG Flates Loni Road,More Line,Match at 150 in new_data list
20,B R Ambedkar College (Loni Road Xing),Gopinath Bazar,Not matched
21,C 4 Yamuna Vihar,Thimaya Park,Not matched
22,Yamuna Vihar Brijpuri,Khimaya Park,Match at 154 in new_data list
23,B-Block Yamuna Vihar,Carriappa Vihar,Match at 155 in new_data list
24,Bhajanpura,Raj Rif. Center,Match at 156 in new_data list
25,Khajuri,Arjan Vihar,Match at 157 in new_data list
26,Rajeev Nagar (Signature Bridge),Golf Club,Not matched
27,Gurudwara Nanak Sar,Dhaula Kuan,Not matched
28,Wazirabad Crossing,A.R.S.D. College Dhaula Kuan,Match at 160 in new_data list
29,Gopal Pur Xing,Satya Niketan,Not matched
30,Jagat Pur Xing,Moti Bagh Gurudwara Nanakpura,Not matched
31,Gandhi Vihar,South Moti Bagh (Ring Road),Match at 162 in new_data list
32,CV Raman ITI,South Moti Bagh,Match at 164 in new_data list
33,Burari Crossing,R.K. Puram Sector 5,Match at 165 in new_data list
34,Mukund Pur Crossing,R.K. Puram Sector 8/9 Crossing,Slightly match
35,Jahangir Puri Outer Ring Road,R. K. Puram Sector 9,Not matched
36,Jag Jivan Ram Hospital,Rk Puram Sector 7 Crossing,Not matched
37,Bhalaswa Xing,Mohan Singh Market,Not matched
38,Outer Ring Road Makbara Chowk,R. K. Puram Sector 1,Not matched
39,GTK Bypass / Mukraba Chowk,Rk Puram Sec 1,Not matched
40,Badli Crossing,R.K. Puram / N.A.B.,Match at 174 in new_data list
41,Haidarpur Water Works,Munirka,Match at 175 in new_data list
42,Prashant Vihar F-Block,Munirka,Not matched
43,Uttri Pitam Pura,D.D.A. Flats Munirka,Not matched
44,Pitampura RU Block,D.D.A. Flats Munirka / Family Planning Association Of India,Match at 180 in new_data list
45,Pitampura Power House,Jnu- Istm,Not matched
46,Madhuban Chowk Outer Ring Road,Ber Sarai,Match at 182 in new_data list
47,SaraswatiVihar C Block,School Of Physical Science,Match at 183 in new_data list
48,Kali Mata Mandir,F.A.I.,Match at 185 in new_data list
49,Puspanjali Enclave,Sanskrit Vidyapeeth,Match at 186 in new_data list
50,Rohini Depot - 3,Katwaria Sarai,Match at 187 in new_data list
51,Mangolpur School,Qutub Hotel,Match at 188 in new_data list
52,Mangol Pur School (Kanjhawla Road),Ncert,Not matched
53,West Enclave,Adhchini Village,Match at 189 in new_data list
54,Mangol Puri B Block / Vidya Vihar,Mmtc,Not matched
55,Peera Garhi Chowk,Police Training School,Match at 192 in new_data list
56,Peera Garhi Depot,P.T.S.,Match at 193 in new_data list
57,P.Vihar Power Houe,Pnb Geetanjali,Not matched
58,Sundar Apartments,Saket A Block(Malviya Nagar Metro Station),Not matched
59,Sunder Vihar,Press Enclave,Match at 196 in new_data list
60,Meera Bagh Apartment,Haujrani / Maxhospital,Not matched
61,Meera Bagh Apartment,Modi Hospital / Anupam Cinema,Not matched
62,Keshopur Depot,Saket M Block,Not matched
63,Major Bhupinder Singh Nagar,District Center Saket,Match at 200 in new_data list
64,CRPF Camp,Saket Terminal,Not matched
65,Manohar Nagar,J Block Saket,Match at 202 in new_data list
66,Krishna Park,Saket J Block,Match at 203 in new_data list
67,Kangra Niketan,Saket Crossing,Match at 204 in new_data list
68,District Centre Outer Ring Road,Asian Market,Match at 205 in new_data list
69,Dholi Piao,Institute Pharmacy (Dipsar),Not matched
70,Vikas Puri X ing,Ambedkar Nagar Depot,Not matched
71,Uttam Nagar Terminal,Khanpur Extension / Devli Xing,Match at 1 in new_data list
72,Uttam Nagar / A1 Janak Puri,Khanpur Exttension,Match at 2 in new_data list
73,Tilak Pul,Tigri,Match at 3 in new_data list
74,Jivan park,Batra Hospital / Satya Narayan Mandir,Not matched
75,C-1 Janak Puri,Hamdard Nagar / Sangam Vihar,Match at 5 in new_data list
76,C2D Janak Puri,Majeedia Hospital,Not matched
77,Dabri Xing,Jamia Hamdard Library,Not matched
78,Janak Cinema,Guru Ravi Das Ashram / Tughlaqabad Extension,Match at 9 in new_data list
79,Desu Colony Janak Puri,Tara Apartment,Match at 10 in new_data list
80,SagarPur Vashisht Park,Dda Flats Kalkaji,Not matched
81,D Block Janak Puri,Dda Market Kalkaji,Not matched
82,Lajwanti Garden (Carriappa Marg),A Block D.D.A. Flats Kalkaji,Not matched
83,Janak Setu,Govindpuri Ext. Gali #16,Match at 15 in new_data list
84,Supply Depot,Ram Puri Gali No 13,Not matched
85,Kirbi Place,Govindpuri,Match at 17 in new_data list
86,P S Sadar Bazar,Govind Puri,Not matched
87,Sadar Bazar,Govindpuri Metro,Match at 18 in new_data list
88,Geeta Ashram,Kalkaji Mandir,Not matched
89,More Lines,Kalkaji Temple,Not matched
90,Palam More NH 8 Crossing,N.S.I.C.,Not matched
91,Jai Jawan Jai Kishan,Modi Mills,Not matched
92,Shastri Bazar,Modi Mills,Not matched
93,Mall Road/Delhi Cantt.,Sri Niwas Puri Depot,Not matched
94,St. Martin School,C Block East Of Kailash,Not matched
95,R R Line,B Block East Of Kailash,Not matched
96,Golf Club,Garhi Village,Match at 26 in new_data list
97,Dhaula Kuan,Lajpat Nagar Crossing,Match at 27 in new_data list
98,Satya Niketan (Dhaula Kuan),Sri Niwas Puri,Not matched
99,Moti Bagh Gurudawara Nanakpura,Nehru Nagar,Not matched
100,Moti Bagh Gurudawara Nanakpura,Maharani Bagh Ashram,Not matched
101,Rao Tula Ram Marg,Maharani Bagh / Ashram,Not matched
102,R.K. Puram Sec8,Gurudwara Bala Sahib,Not matched
103,RK Puram Sec-1,Sarai Kale Khan I.S.B.T,Match at 39 in new_data list
104,Mohan Singh Market,Nizamuddin Road Bridge,Match at 37 in new_data list
105,R K Puram Sec-1,Nizamuddin,Match at 39 in new_data list
106,R K Puram Sec-4,Nizamuddin Road Bridge / Cpwd Office,Not matched
107,Munirka Family Planning,Khelgaon,Not matched
108,DDA Flat Munirka,Pusta Crossing- Akshardham Mandir,Not matched
109,JNU,Samaspur Jagir Village,Not matched
110,Ber Sarai,Patparganj Crossing,Match at 46 in new_data list
111,School Of Physical Science,Mother Dairy,Match at 47 in new_data list
112,FAI,Shakarpur School Block,Match at 48 in new_data list
113,Sanskrit Vidyapeeth,Laxmi Nagar / Shakarpur Crossing,Match at 49 in new_data list
114,Katwaria Sarai,Laxmi Nagar,Match at 50 in new_data list
115,Qutub Hotel,Shakarpur,Match at 51 in new_data list
116,NCERT,Shakarpur Crossing,Match at 52 in new_data list
117,Adhchini Village,Nirman Vihar,Match at 53 in new_data list
118,MMTC,Preet Vihar,Match at 54 in new_data list
119,PTS,New Rajdhani Enclave,Match at 56 in new_data list
120,PNB Geetanjali,Karkardooma Crossing,Match at 57 in new_data list
121,Saket A Block (Malviya Nagar Metro Station),Hasanpur Depot,Match at 58 in new_data list
122,Press Enclave,Hasanpur Village,Match at 59 in new_data list
123,HaujRani / MaxHospital,Tata Motors,Match at 60 in new_data list
124,Hauj Rani,Gazipur Telco,Not matched
125,Saket M Block,Gazipur Depot,Match at 62 in new_data list
126,Saket Terminal,Maharajpur Check Post,Match at 64 in new_data list
127,Saket J Block,Anand Vihar Isbt Main Road,Match at 66 in new_data list
128,Dispensary Paharganj,Ramprastha Crossing,Not matched
129,C-1 Janak Puri,Ramprastha Mandir,Match at 5 in new_data list
130,C-1 Janak Puri,Surya Nagar,Match at 5 in new_data list
131,Ambedkar Nagar Depot,Gazipur More,Match at 70 in new_data list
132,Devoli Road Crossing,Dilshad Garden Metro,Not matched
133,Dabri Crossing (Pankha Road),Shahdara Border,Not matched
134,Batra Hospital / Satya Narayan Mandir,J And K Pocket Dilshad Garden,Match at 74 in new_data list
135,Hamdard Nagar / Sangam Vihar,Seemapuri (Old),Match at 75 in new_data list
136,Majeedia Hospital,A Block Seemapuri,Match at 76 in new_data list
137,Guru Ravidass Marg,Shaheed Nagar More,Not matched
138,Tughlkabad Extn.,New Seemapuri Depot,Not matched
139,DDA Kalkaji Extension,Dlf Mor,Not matched
140,Crown Plaza,New Seemapuri,Not matched
141,C-Lal Chowk,Anand Gram,Not matched
142,Kalkaji Depot,Nand Nagri Extenstion,Not matched
143,Punj Sons,Anand Gram Ashram,Not matched
144,Kalkaji Mandir (MaaAnandmayeeMarg),Sunder Nagri,Not matched
145,NSIC,Gagan Cinema,Match at 90 in new_data list
146,Laghu Udyog Sansthan(ModiMill),Gagan Cinema,Not matched
147,SNPD,Bank Colony,Not matched
148,East of Kailash C-Block,Nand Nagri Bus Depot,Not matched
149,East of Kailash B-Block,Mandoli Sewa Dham,Not matched
150,Garhi Gaon,Mig Flates Loni Road,Not matched
151,Lajpat Nagar Crossing,Bheem Rao Ambedkar Coll.,Match at 97 in new_data list
152,PG DAV College / Sri Niwaspuri,Gokalpuri,Not matched
153,Nehru Nagar,C Block Yamuna Vihar,Match at 99 in new_data list
154,Maharani Bagh / Ashram,Yamuna Vihar Brijpuri,Match at 101 in new_data list
155,Bala Sahib Gurudwara,B-Block Yamuna Vihar,Not matched
156,Sarai Kale Khan ISBT,Bhajanpura,Match at 103 in new_data list
157,Payal Cinema,Khajuri,Not matched
158,CWG Village / PWD Office,Rajeev Nagar,Not matched
159,Pusta Crossing,Guru Nanak Sar,Not matched
160,Samas Pur Jagir Village,Wazirabad Crossing,Match at 109 in new_data list
161,Mother Dairy,Gopalpur,Match at 111 in new_data list
162,Ganesh Nagar,Gandhi Vihar,Not matched
163,MCKR Hospital,Gopal Pur Crossing,Not matched
164,Defence Colony,Cv Raman Iti,Not matched
165,TT Post under Pass,Burari Crossing,Not matched
166,Laxmi Nagar,Burari Crossing,Match at 114 in new_data list
167,Shakarpur,Mukundpur Chowk,Match at 115 in new_data list
168,Shakarpur Crossing,Jahangirpuri E Bk.,Match at 116 in new_data list
169,Nirman Vihar Metro Station,Babu Jagjiwan Ram Hospital,Not matched
170,Bhor Garh,Bhalaswa Crossing,Not matched
171,New Rajdhani Enclave,Mukarba Chowk Flyover,Match at 119 in new_data list
172,KarKarDooma Crossing,Mukarba Chowk,Match at 120 in new_data list
173,Hassanpur Depot,GTK ,Not matched
174,Hassanpur Village,Badli Crossing,Not matched
175,Gazipur Depot,Haidarpur Water Works,Match at 125 in new_data list
176,Anand Vihar ISBT Main Road,Prasant Vihar,Slightly match
177,,Uttari Pitampura,
178,,Prashant Vihar D Block,
179,,Prashant Vihar,
180,,Pitampura Ru-Block,
181,,Madhuban Chowk,
182,,Madhuban Chowk Outer Ring Road,
183,,Saraswati Vihar C Block,
184,,Deepali Chowk,
185,,Kali Mata Mandir,
186,,Puspanjali Enclave,
187,,Rohini Depot 3,
188,,Mangol Pur School,
189,,West Enclave,
190,,Vidya Vihar,
191,,B Block Mangolpuri Outer Ring Road,
192,,Peera Garhi Chowk,
193,,Peeragarhi Depot,
194,,Radisson Blu Paschim Vihar (Bhera Enclave Roundabout),
195,,Sunder Apartments,
196,,Sunder Vihar,
197,,Sundar Vihar,
198,,Meera Bagh,
199,,Keshopur Bus Depot,
200,,Major Bhupinder Singh Nagar,
201,,Crpf,
202,,Manohar Nagar,
203,,Krishna Park,
204,,Kangra Niketan,
205,,District Centre Outer Ring Road,
206,,District Centre/ Janakpuri West,
207,,Dhauli Paio,
208,,Vikas Puri Crossing,
209,,Uttam Nagar Terminal,
