,OLD_STOPS,NEW_STOPS,OUTPUT
1,Dwarka Sector 19 Pkt-2,Dwarka Sector 19 Pkt-2,Match
2,Dwarka Sector-18/18A,Dwarka Sector-18/18A,Match
3,Dwarka Sector-11 SBI,Dwarka Sector-11 SBI,Match
4,Dwarka Sec-19 Pkt-3,Dwarka Sec-19 Pkt. -3,Match
5,Dwarka Sector-10/11,Dwarka Sector-10/11,Match
6,Pritibha School,Pritibha School,Match
7,"Dwarka Sector-6/10, 5/11 Xing","Dwarka Sector-6/10, 5/11 Xing",Match
8,Kaveri Appartment Dwarka Sec-6,Kaveri Appartment Dwarka Sec-6,Match
9,Dwarka Sector-5,Dwarka Sector-5,Match
10,DWARIKA SECTOR 1,Dwarka Sector 2/6 Xing,Not matched
11,J M International School,J.M. International School,Match
12,Dwarka Sec-1 Mahalaxmi Apartment,Dwarka Sec-1/2,Slightly match
13,SFS Flats Sec-2 Power House,SFS Flat Sector-2,Slightly match
14,Mahaveer Enclave Part IIandIII,"Mahvir Enclave part II,III",Slightly match
15,Vijay Enclave (New Dwarka Road),Vijay Enclave,Slightly match
16,Dashrath Puri,Dashrath Puri,Match
17,Dabri Village,Dabri Village,Match
18,Dabri Xing,Dabri Xing,Match
19,Janak Cinema,Janak Cinema,Match
20,Desu Colony Janak Puri,Desu Colony Janak Puri,Match
21,SagarPur Vashisht Park,Sagar Pur-Vashishth Park,Match
22,D Block Janak Puri,D Block Janakpuri,Match
23,Lajwanti Garden (Carriappa Marg),Lajwanti Garden,Slightly match
24,Janak Setu,Janak Setu,Match
25,Supply Depot,Supply Depot,Match
26,Kirbi Place,Kirbi Place,Match
27,P.S. Sadar Bazar,P S Sadar Bazar,Match
28,Kabul Line,Kabul Line,Match
29,Shastri Bazar,Shastri Bazar,Match
30,Mall Road/Delhi Cantt.,Mall Road Delhi Cantt.,Match
31,St. Martin School,St. Martin School,Match
32,R R Line,Raj Rif Line,Slightly match
33,Golf Club,Golf Club,Match
34,Dhaula Kuan,Dhaula Kuan,Match
35,Taj Hotel,Taj Hotel,Match
36,Bapu Dham,Bapu Dham,Match
37,Railway Colony (Sardar Paltel Marg),Railway Colony,Slightly match
38,Bhartiya Sadhu Samaj,Bhart Sadhu Samaj,Match
39,Palika Kutumb,Palika Kutumb,Match
40,11 Murti,11-Murti,Match
41,Talkatora Stadium Garden,Talkatora Garden,Slightly match
42,RML Hospital,Dr. RML Hospital,Match
43,Talkatora Road,Talkatora Road,Match
44,Kendriya Terminal (Church Road),Kendriya Terminal,Slightly match
45,NDPO,NDPO,Match
46,Gurudwara Bangla Sahib,Gurudwara Bangla Sahib,Match
47,Palika Kender,Palika Kendra,Match
48,Regal,Regal,Match
49,Bakhtawar Pur School,Shivaji Park,Not matched
50,Vivekanand Marg / Minto Road,Vivekanad Marg,Slightly match
51,Dichau Kalan Depot,Kamla Market,Not matched
52,New Delhi Railway Station Gate 2,New Delhi Railway Station Gate No.2,Match
