,OLD_STOPS,NEW_STOPS,OUTPUT
1,Dwarka Sec-10 Terminal,Dwarika Sec-14 Metro Stn.,Not matched
2,Dwarka Sec-20/21 Crossing,Dwarka LIG Flats Sec 14,Not matched
3,Dwarka Sec-21 Crossing,Dwarka sec-13/14 Xing,Not matched
4,Dwarka Sec-19 Pkt-3,Dwarka Sec-3/13 Xing,Not matched
5,Dwarka Sec 13-3 Xing,"Dwarka sec 4,5,11,12 Xing",Slightly match
6,Dwarka Sec 22,Sec 5/11 Xing,Not matched
7,Dwarka Sector 9/10,Dwarka Sec-6/10 Market,Not matched
8,Dwarka 6/10 Xing,"Dwarka Sec-6,10 Xing",Match
9,Princes Apartment Sec-7,Princes Apartments,Slightly match
10,Dwarka Sec-1 Mahalaxmi Apartment,"Dwarka Sec-6,7",Slightly match
11,Dwarka Sec-6 Telephone Exchange,Dwarka Telephone Exchange,Match
12,Dwarka Sec-1 Mahalaxmi Apartment,Dwarka Sec-1/2,Slightly match
13,SFS Flats Sec-2 Power House,SFS Flat Sector-2,Slightly match
14,Mahaveer Enclave Part IIandIII,"Mahvir Enclave part II,III",Slightly match
15,Vijay Enclave (New Dwarka Road),Vijay Enclave,Slightly match
16,Dashrath Puri,Dashrath Puri,Match
17,Dabri Village,Dabri Village,Match
18,Seeta Puri Ext,Sita Puri Ext,Slightly match
19,Dabri Xing,Dabri Xing,Match
20,Janak Cinema,Janak Cinema,Match
21,Desu Colony Janak Puri,Desu Colony Janak Puri,Match
22,SagarPur Vashisht Park,Sagar Pur/Vashistha Park,Match
23,D Block Janak Puri,D Block Janakpuri,Match
24,Lajwanti Garden (Carriappa Marg),Lajwanti Garden,Slightly match
25,Janak Setu,Janak Setu,Match
26,Supply Depot,Supply Depot,Match
27,Kirbi Place,Kirbi Place,Match
28,Thimiyan Park,Thamia park,Slightly match
29,S O Flats Carriappa Marg/Carriappa Vihar,Signal Officer Flats,Not matched
30,R R Line,Raj Rif Line,Slightly match
31,Golf Club,Golf Club,Match
32,Dhaula Kuan,Dhaula Kuan,Match
33,Railway Colony (Sardar Patel Marg),Sardar Patel Marg,Slightly match
34,Bapu Dham,Bapu Dham,Match
35,Railway Colony (Sardar Paltel Marg),Railway Colony,Slightly match
36,Bhartiya Sadhu Samaj,Bhart Sadhu Samaj,Match
37,Palika Kutumb,Palika Kutumb,Match
38,11 Murti,11Murti,Match
39,Talkatora Stadium Garden,Talkatora Garden,Slightly match
40,Dr. RML Hospital,Dr. RML Hospital,Match
41,North Avenue,North Avenue,Match
42,Kendriya Terminal (Church Road),Kendriya Terminal (Church Road),Match
43,Kendriya Terminal (Pt. Pant Marg),Kendriya Terminal,Slightly match
44,NDPO,NDPO,Match
45,Gurudwara Bangla Sahib,Gurudwara Bangla Sahib,Match
46,Palika Kender,Palika Kendra,Match
47,Regal,Regal,Match
48,Shivaji Park,Shivaji Park,Match
49,Vivekanand Marg / Minto Road,Vivekanand Marg,Slightly match
50,PS Kamla Market,Kamla Market,Match
51,New Delhi Railway Station Gate 2,New Delhi Railway Station Gate No.2,Match
