,OLD_STOPS,NEW_STOPS,OUTPUT
1,Dwarka More Metro Station (Sewak Park),Dwarka More Metro Station,Match
2,Netaji Subhash Inst of Techni,Netaji Subhash Inst of Technic,Match
3,Dwarka Sec 13,Dwarka Sec-13,Match
4,Dwarka Sec 3/4,Dwarka Sec-3/4 Xing,Match
5,Matiyala Xing,Matiyala Crossing,Not matched
6,Madhu Vihar,Delhi Pub. School (Matiala) / Madhu Vihar,Not matched
7,Raja Puri,Raja Puri,Match
8,Madhu Vihar,Madhu Vihar,Match
9,Dwarka Sec 2-6,Dwarka Sector 2/6 Xing,Slightly match
10,J M International School,J.M. International School,Match
11,Dwarka Sec-1 Mahalaxmi Apartment,Dwarka Sec-1/2,Slightly match
12,SFS Flats Sec-2 Power House,SFS Flat Sector-2,Slightly match
13,Mahaveer Enclave Part IIandIII,"Mahvir Enclave part II,III",Slightly match
14,Vijay Enclave (New Dwarka Road),Vijay Enclave,Slightly match
15,Dashrath Puri,Dashrath Puri,Match
16,Dabri Village,Dabri Village,Match
17,Dabri Xing,Dabri Xing,Match
18,Janak Cinema,Janak Cinema,Match
19,Desu Colony Janak Puri,Desu Colony Janak Puri,Match
20,SagarPur Vashisht Park,Sagar Pur-Vashishth Park,Match
21,D Block Janak Puri,D Block Janakpuri,Match
22,Nangal Raya Lajwanti Garden,Nangal Rai,Not matched
23,Janak Setu,Janak Setu,Match
24,Supply Depot,Supply Depot,Match
25,Kirbi Place,Kirbi Place,Match
26,P.S. Sadar Bazar,P S Sadar Bazar,Match
27,Kabul Line,Kabul Line,Match
28,Shastri Bazar,Shastri Bazar,Match
29,Mall Road/Delhi Cantt.,Mall Road Delhi Cantt.,Match
30,St. Martin School,St. Martin School,Match
31,R R Line,Raj Rif Line,Slightly match
32,Golf Club,Golf Club,Match
33,Dhaula Kuan,Dhaula Kuan,Match
34,Taj Hotel,Taj Hotel,Match
35,Bapu Dham,Bapu Dham,Match
36,Railway Colony (Sardar Paltel Marg),Railway Colony,Slightly match
37,Bhartiya Sadhu Samaj,Bhart Sadhu Samaj,Match
38,Palika Kutumb,Palika Kutumb,Match
39,11 Murti,11-Murti,Match
40,Talkatora Stadium Garden,Talkatora Garden,Slightly match
41,RML Hospital,Dr. RML Hospital,Match
42,NDPO,NDPO,Match
43,Gurudwara Bangla Sahib,Gurudwara Bangla Sahib,Match
44,Patel Chowk,Patel Chowk,Match
45,Tibiya College,P.S. Parliament,Not matched
46,Regal,Regal,Match
47,Bakhtawar Pur School,Shivaji Park,Not matched
48,Kamla Market / Ajmeri Gate,Vivekanand Marg,Not matched
49,Dichau Kalan Depot,Kamla Market,Not matched
50,New Delhi Railway Station Gate 2,New Delhi Railway Station Gate No.2,Match
