,OLD_STOPS,NEW_STOPS,OUTPUT
1,New Delhi Railway Station Gate 2,New Delhi Railway Station Gate No.2,Match
2,Bakhtawar Pur School,Shivaji Park,Not matched
3,Super Bazar,Super Bazar,Match
4,Regal,Regal,Match
5,Tibiya College,P.S. Parliament,Not matched
6,Patel Chowk,Patel Chowk,Match
7,Gurudwara Bangla Sahib,Gurudwara Bangla Sahib,Match
8,NDPO (Kharak Singh Marg),NDPO,Not matched
9,Dr RML Hospital (Kharak Singh Marg),Dr. RML Hospital,Slightly match
10,Talkatora Stadium Garden,Talkatora Garden,Slightly match
11,Sardar Patel Road Xing (11 Murti),11-Murti,Not matched
12,Palika Kutumb,Palika Kutumb,Match
13,Bhartiya Sadhu Samaj,Bhart Sadhu Samaj,Match
14,Railway Colony (Sardar Patel Marg),Railway Colony,Slightly match
15,Bapu Dham,Bapu Dham,Match
16,Taj Hotel,Taj Hotel,Match
17,Dhaula Kuan,Dhaula Kuan Ring Road,Slightly match
18,RR Line,Raj Rif Line Ring Road,Not matched
19,Garrison Engg.,Garrision Eng.,Match
20,Brar Square,Brar Sqare (Moude Road),Slightly match
21,Thimiyan Park,Thimia Park,Match
22,Kirbi Place,Kirbi Place,Match
23,Supply Depot,Supply Depot,Match
24,Janak Setu,Janak Setu,Match
25,Nangal Raya Lajwanti Garden,Nangal Rai,Not matched
26,D Block Janak Puri,D Block Janakpuri,Match
27,SagarPur Vashisht Park,Sagar Pur-Vashishth Park,Match
28,Desu Colony Janak Puri,Desu Colony Janak Puri,Match
29,Janak Cinema,Janak Cinema,Match
30,Raghu Nagar (Janak Puri),Raghu Nagar,Slightly match
31,Dabri Crossing,Dabri Xing,Not matched
32,Dabri Village,Dabri Village,Match
33,Dashrath Puri,Dashrath Puri,Match
34,Vijay Enclave (New Dwarka Road),Vijay Enclave,Slightly match
35,Mahaveer Enclave Part IIandIII,"Mahvir Enclave part II,III",Slightly match
36,SFS Flat Sec-2 Power House,SFS Flat Sector-2,Slightly match
37,Dwarka Sec-1 Mahalaxmi Apartment,Dwarka Sec-1/2,Slightly match
38,J M International School,J.M. International School,Match
39,Dwarka Sec 2-6,Dwarka Sector 2/6 Xing,Slightly match
40,Madhu Vihar,Madhu Vihar,Match
41,Raja Puri,Raja Puri,Match
42,Madhu Vihar,Delhi Pub. School (Matiala) / Madhu Vihar,Not matched
43,Matiyala Xing,Matiyala Crossing,Not matched
44,Dwarka Sec 3-4,Dwarka Sec-3/4 Xing,Match
45,Dwarka Sec 13,Dwarka Sec-13,Match
46,Netaji Subhash Institute of Technology,Netaji Subhash Inst of Technic,Slightly match
47,Dwarka More Metro Station (Sewak Park),Dwarka More Metro Station,Match
