,OLD_STOPS,NEW_STOPS
1,,Dwarka Sector-23
2,,Harmony Apt.
3,,Dwarka Sector 8 Metro Station
4,,Spg Sec. 8
5,,Bagdola Vil.
6,,Police Dwarka
7,,Siemens Dwarka
8,,Royal Residency
9,,Princess Park Sector 7
10,,Dwarka Sector 6 & 7 X-Ing
11,,Harsukh Apartments
12,,Dwarka Sec-1 Mahalaxmi Apartment
13,,Sfs Flat Sector 2 Power House
14,,Mahaveer Enclave Part 2 & 3
15,,Vijay Enclave
16,,Dwarkapuri
17,,New Dwarka Road
18,,Dabri Crossing
19,,Janak Cinema
20,,Desu Colony Janak Puri
21,,Sagarpur
22,,Janakpuri D-Block
23,,Nangal Raya
24,,Janak Setu
25,,Supply Bus Depot
26,,Kirbi Place
27,,Sadar Bazar Delhi Cantonment Police
28,,C G Hospital
29,,Kabul Line
30,,Shastri Bazar
31,,Mall Road Delhi Cantt
32,,St. Martin Sch.
33,,Raj Rif. Center
34,,Arjan Vihar
35,,Golf Club
36,,Dhaula Kuan
37,,Sardar Patel Marg
38,,Bapu Dham
39,,Railway Col.
40,,Bhartiya Sadhu Samaj
41,,Palika Kutumb
42,,Sardar Patel Road Crossing
43,,Talkatora Garden
44,,Dr. Rml Hospital
45,,Talkatora Road
46,,Kendriya Terminal / Gurudwara Rakab Gunj
47,,Kendriya Terminal (Pt. Pant Marg)
48,,Gurudwara Bangla Sahib
49,,Police Station Sansad Marg
50,,Ps Parliament / Jantar Mantar
51,,Palika Kendra
52,,Super Bazar
53,,Shivaji Park
54,,New Delhi Railway Station Gate 2
