,OLD_STOPS,NEW_STOPS
1,,Wazirpur Depot
2,,Telephone Exchange
3,,Britania
4,,Shakur Pur Shiv Mandir
5,,Punjabi Bagh Terminal  
6,,Punjabi Bagh Club-U01261
7,,ESI Hospital-U01233
8,,Rajdhani College Raja Garden-DC1448
9,,Rajouri Garden Ring Road-U01211
10,,Maya Puri Depot-U01257
11,,Nariana Vihar-U01292
12,,Naraina Village-U01325
13,,COD Ring Road-DC1454
14,,Brar Square-U01373
15,,Garrision Eng.-U99942
16,,R. R. Line-U99860
17,,Dhaula Kuan-U01625
18,,Satya Niketan
19,,Moti Bagh-U01778
20,,Aradhna Enclave
21,,R K Puram Sec-12
22,,Hyatt Hotel-U01990
23,,Narouji Nagar-U02128
24,,S J Hospital-U02304
25,,AIIMS-U02473
26,,South Extension 2-U02556
27,,South Ext Kotla Petrol Pump-U02600
28,,Andrews Ganj-U02788
29,,Gupta Colony
30,,Lajpat Nagar-DC1302
31,,Shri Niwas Puri
32,,Nehru Nagar-U03074
33,,Maharani Bagh-U03170
34,,Bala Sahib Gurudwara-U03202
35,,Sarai Kale Khan ISBT-U03147
36,,Road Bridge Crossing
37,,Nizamuddin Road Bridge
38,,Railway Bridge Ring Road
39,,Pragati Power Station
40,,IP Depot-U03025
41,,ITO Ring Road-U03016
42,,Indira Gandhi Stadium-U03010
43,,Gandhi Darshan
44,,Rajghat-U03013
45,,Shanti Van-U02990
46,,Salim Garh Geeta Colony
47,,Yamuna Bazar-U02849
48,,ISBT Ring Road-DC1276
49,,Metcalfe House-U02750
50,,I P College-U02655
51,,Old Secretriate-U02628A
52,,Vidhan sabha metro station-U02620
53,,Khyber Pass-U02613
54,,Mall Road Ring Road-U02572
55,,Vishva vidyalaya metro station-U02515
56,,INS Hostel-U02467
57,,G.T.B Nagar-DC1745
58,,New Police Line-U02263
59,,Alpana Cinema-U02122
60,,Model Town-II-DC1816
61,,Model Town-III-U01966
62,,Azadpur 
63,,Shalimar Bagh Xing
64,,Ashok Vihar Crossing
65,,Richi Rich Shalimar Bagh
66,,Prem Bari Pull
67,,Subhash Place Depot 
68,,Wazirpur Depot
