,OLD_STOPS,NEW_STOPS
1,,Mori Gate (T)
2,,Syamgiri Mandir
3,,New Usman Pur Pusta No 0
4,,New Usman Pur Pusta No 1
5,,Kartar Nagar
6,,Gamri Ext Pusta no 5
7,,Kajoori Khass
8,,Bhajan Pura
9,,Yamuna Vihar B Block
10,,Braj Puri
11,,Yamuna Vihar C-4 Block
12,,Gokal Pur Village
13,,Ashok Nagar
14,,Nand Nagri Depot
15,,Bank Colony
16,,Gagan Caname 
17,,Sunder Nagri
18,,Anand Gram
19,,DLF More
20,,Seema Puri Depot
21,,Old Seema Puri
22,,J&K
23,,Dilshad Garden Boder
24,,Surya Nagar
25,,Ram Prasth Mandir
26,,Ram Prasth Xing
27,,Anand Vihar
28,,EDM Mall
29,,GaziPur Village
30,,NHW Crossing
31,,Kalyan Puri
32,,Tirlok Puri 13 Block
33,,Madar Dairy 
34,,Ganesh Nager
35,,Laxmi Nagar
36,,Bank Enclave
37,,SDM Office
38,,Geeta Colony Xing
39,,Gandhi Nagar Pusta
40,,Kailash Nager
41,,Yamuna Bridge East
42,,Seelam Pur GT Road
43,,Syamgiri Mandir
44,,Mori Gate (T)
